epoch,fit/loss,fit/pred_loss,fit/sigreg_loss,step,validate/loss_epoch,validate/loss_step,validate/pred_loss_epoch,validate/pred_loss_step,validate/sigreg_loss_epoch,validate/sigreg_loss_step
0,3.120408773422241,0.24540874361991882,31.875,49,,,,,,
0,2.524150848388672,0.3054007589817047,24.625,99,,,,,,
0,2.1754186153411865,0.3629187047481537,20.125,149,,,,,,
0,1.6351946592330933,0.5101946592330933,12.5,199,,,,,,
0,1.4169294834136963,0.5223982334136963,9.9375,249,,,,,,
0,1.1994187831878662,0.5978562235832214,6.6875,299,,,,,,
0,1.11064612865448,0.57158362865448,6.0,349,,,,,,
0,1.0449151992797852,0.48241525888442993,6.25,399,,,,,,
0,0.9455846548080444,0.4065221846103668,5.96875,449,,,,,,
0,0.8275805711746216,0.34320560097694397,5.375,499,,,,,,
0,0.8091515302658081,0.3150109052658081,5.5,549,,,,,,
0,0.7371715307235718,0.2703746557235718,5.1875,599,,,,,,
0,0.6974023580551147,0.23255862295627594,5.15625,649,,,,,,
0,0.6774105429649353,0.2047542780637741,5.25,699,,,,,,
0,0.6365516185760498,0.1892859935760498,4.96875,749,,,,,,
0,0.6215875744819641,0.17627505958080292,4.9375,799,,,,,,
0,0.5666656494140625,0.1389312744140625,4.75,849,,,,,,
0,0.5425482988357544,0.1187201738357544,4.71875,899,,,,,,
0,0.5221288204193115,0.10220697522163391,4.65625,949,,,,,,
0,0.4972946345806122,0.10276339203119278,4.375,999,,,,,,
0,0.4605175852775574,0.08356445282697678,4.1875,1049,,,,,,
0,0.5012401938438416,0.08522456139326096,4.625,1099,,,,,,
0,0.48647427558898926,0.07827114313840866,4.53125,1149,,,,,,
0,0.4420715570449829,0.06707155704498291,4.15625,1199,,,,,,
0,0.4430314004421234,0.07975015789270401,4.03125,1249,,,,,,
0,0.4192243814468384,0.05984939634799957,4.0,1299,,,,,,
0,0.43519872426986694,0.07972995936870575,3.953125,1349,,,,,,
0,0.40100792050361633,0.061164166778326035,3.765625,1399,,,,,,
0,0.4132026731967926,0.0616401843726635,3.90625,1449,,,,,,
0,0.40062037110328674,0.06077660992741585,3.78125,1499,,,,,,
0,0.36506199836730957,0.05842137336730957,3.40625,1549,,,,,,
0,0.3822054862976074,0.059939876198768616,3.578125,1599,,,,,,
0,0.39264214038848877,0.06451712548732758,3.65625,1649,,,,,,
0,0.3481975495815277,0.06499442458152771,3.15625,1699,,,,,,
0,0.36084315180778503,0.06396814435720444,3.296875,1749,,,,,,
0,0.3481263518333435,0.0590638592839241,3.203125,1799,,,,,,
0,0.3893868625164032,0.0710274800658226,3.53125,1849,,,,,,
0,0.3583971858024597,0.05956906080245972,3.3125,1899,,,,,,
0,0.35216835141181946,0.05724646523594856,3.28125,1949,,,,,,
0,0.33923646807670593,0.05993959680199623,3.109375,1999,,,,,,
0,0.33707958459854126,0.05387645587325096,3.15625,2049,,,,,,
0,0.3309284448623657,0.05749093368649483,3.046875,2099,,,,,,
0,0.31700146198272705,0.051376476883888245,2.953125,2149,,,,,,
0,0.3391767740249634,0.059879906475543976,3.109375,2199,,,,,,
0,0.31729286909103394,0.05166786536574364,2.953125,2249,,,,,,
0,0.32333245873451233,0.059660572558641434,2.9375,2299,,,,,,
0,0.30785149335861206,0.04417961835861206,2.9375,2349,,,,,,
0,0.3228673040866852,0.05724230036139488,2.953125,2399,,,,,,
0,0.3033592104911804,0.04945295676589012,2.8125,2449,,,,,,
0,0.3012816607952118,0.04737541452050209,2.828125,2499,,,,,,
0,0.32233116030693054,0.05279991030693054,3.0,2549,,,,,,
0,0.3163944482803345,0.052722569555044174,2.9375,2599,,,,,,
0,0.30399465560913086,0.05497121810913086,2.765625,2649,,,,,,
0,0.3191579282283783,0.0496266707777977,2.984375,2699,,,,,,
0,0.28143441677093506,0.04510628804564476,2.625,2749,,,,,,
0,0.3037218749523163,0.043956249952316284,2.890625,2799,,,,,,
0,0.2971417009830475,0.043235454708337784,2.8125,2849,,,,,,
0,0.2845551669597626,0.04822703078389168,2.625,2899,,,,,,
0,0.27568569779396057,0.04228726401925087,2.59375,2949,,,,,,
0,0.2903795540332794,0.043309252709150314,2.75,2999,,,,,,
0,0.27654534578323364,0.04314689338207245,2.59375,3049,,,,,,
0,0.3074913024902344,0.04967880994081497,2.875,3099,,,,,,
0,0.2913937270641327,0.04139372333884239,2.78125,3149,,,,,,
0,0.2578674256801605,0.037164296954870224,2.453125,3199,,,,,,
0,0.28385016322135925,0.041662659496068954,2.6875,3249,,,,,,
0,0.27527564764022827,0.045783448964357376,2.546875,3299,,,,,,
0,0.29516932368278503,0.04321620240807533,2.796875,3349,,,,,,
0,0.27241140604019165,0.04487234354019165,2.53125,3399,,,,,,
0,0.2912553548812866,0.042231906205415726,2.765625,3449,,,,,,
0,0.25026655197143555,0.03542278707027435,2.390625,3499,,,,,,
0,0.2663830816745758,0.043726835399866104,2.46875,3549,,,,,,
0,0.2679447829723358,0.04724164679646492,2.453125,3599,,,,,,
0,0.28331759572029114,0.043083224445581436,2.671875,3649,,,,,,
0,0.2807818353176117,0.03859434649348259,2.6875,3699,,,,,,
0,0.2769959568977356,0.040667835623025894,2.625,3749,,,,,,
0,0.27578017115592957,0.04238172248005867,2.59375,3799,,,,,,
0,0.26716935634613037,0.04060686379671097,2.515625,3849,,,,,,
0,0.26008138060569763,0.036448556929826736,2.484375,3899,,,,,,
0,0.2660301923751831,0.04337393119931221,2.46875,3949,,,,,,
0,0.27004575729370117,0.042506687343120575,2.53125,3999,,,,,,
0,0.27522012591362,0.044751375913619995,2.5625,4049,,,,,,
0,0.2508607804775238,0.039923276752233505,2.34375,4099,,,,,,
0,0.2514422535896301,0.04343444108963013,2.3125,4149,,,,,,
0,0.2708389461040497,0.03646395727992058,2.609375,4199,,,,,,
0,0.2526560127735138,0.035859134048223495,2.40625,4249,,,,,,
0,0.255019873380661,0.03236361965537071,2.46875,4299,,,,,,
0,0.25767064094543457,0.03696751594543457,2.453125,4349,,,,,,
0,0.24753513932228088,0.03757420554757118,2.328125,4399,,,,,,
0,0.24797235429286957,0.036058295518159866,2.359375,4449,,,,,,
0,0.25580719113349915,0.03315093740820885,2.46875,4499,,,,,,
0,0.24270053207874298,0.03469271957874298,2.3125,4549,,,,,,
0,0.24852986633777618,0.034662678837776184,2.375,4599,,,,,,
0,0.26073646545410156,0.036127083003520966,2.5,4649,,,,,,
0,0.2737526595592499,0.03351827710866928,2.671875,4699,,,,,,
0,0.24044953286647797,0.038301099091768265,2.25,4749,,,,,,
0,0.24953845143318176,0.041530631482601166,2.3125,4799,,,,,,
0,0.2451019138097763,0.03514097258448601,2.328125,4849,,,,,,
0,0.25388842821121216,0.03904467448592186,2.390625,4899,,,,,,
0,0.24645093083381653,0.03453687205910683,2.359375,4949,,,,,,
0,0.25517839193344116,0.03740496560931206,2.421875,4999,,,,,,
0,0.26054829359054565,0.04277484491467476,2.421875,5049,,,,,,
0,0.2487216591835022,0.0377841554582119,2.34375,5099,,,,,,
,,,,0,,2.6165318489074707,,0.4602819085121155,,24.0
,,,,1,,2.625608205795288,,0.4537331163883209,,24.125
,,,,2,,2.7062082290649414,,0.44058316946029663,,25.25
,,,,3,,2.6068835258483887,,0.4506334662437439,,23.875
,,,,4,,2.5549278259277344,,0.46117788553237915,,23.25
,,,,5,,2.6026108264923096,,0.44636091589927673,,23.875
,,,,6,,2.5563158988952637,,0.4469408392906189,,23.5
,,,,7,,2.781590700149536,,0.45346561074256897,,25.875
,,,,8,,2.571550130844116,,0.4465501606464386,,23.625
,,,,9,,2.8047075271606445,,0.4609576463699341,,26.125
,,,,10,,2.7089388370513916,,0.4433138966560364,,25.25
,,,,11,,2.7829301357269287,,0.4391801953315735,,26.0
,,,,12,,2.6284801959991455,,0.45660528540611267,,24.125
,,,,13,,2.7693209648132324,,0.45682090520858765,,25.625
,,,,14,,2.5742268562316895,,0.449226975440979,,23.625
,,,,15,,2.545062303543091,,0.451312392950058,,23.25
,,,,16,,2.5147552490234375,,0.4522553086280823,,22.875
,,,,17,,2.4407505989074707,,0.44075071811676025,,22.25
,,,,18,,2.556277275085449,,0.4469022750854492,,23.375
,,,,19,,2.7786500453948975,,0.4348999559879303,,26.125
,,,,20,,2.5624840259552,,0.4374840259552002,,23.625
,,,,21,,2.638362407684326,,0.4508625268936157,,24.375
,,,,22,,2.5490543842315674,,0.4396792948246002,,23.5
,,,,23,,2.676809787750244,,0.442434698343277,,24.875
,,,,24,,2.4898316860198975,,0.4429565966129303,,22.75
,,,,25,,2.6172685623168945,,0.46101856231689453,,24.0
,,,,26,,2.598139524459839,,0.44188961386680603,,24.0
,,,,27,,2.699974775314331,,0.4655996859073639,,24.75
,,,,28,,2.588108539581299,,0.4474835991859436,,23.75
,,,,29,,2.3860552310943604,,0.4485551416873932,,21.5
,,,,30,,2.6492297649383545,,0.4617297947406769,,24.375
,,,,31,,2.617218255996704,,0.4297182261943817,,24.25
,,,,32,,2.6143529415130615,,0.4424779415130615,,24.125
,,,,33,,2.6118712425231934,,0.43999624252319336,,24.125
,,,,34,,2.474585771560669,,0.4433358311653137,,22.5
,,,,35,,2.684695243835449,,0.4503202438354492,,24.875
,,,,36,,2.6358234882354736,,0.44832345843315125,,24.375
,,,,37,,2.6077497005462646,,0.4514996111392975,,23.875
,,,,38,,2.5144386291503906,,0.45193856954574585,,23.0
,,,,39,,2.5550928115844727,,0.4457179307937622,,23.375
,,,,40,,2.756155490875244,,0.4436556100845337,,25.625
,,,,41,,2.418217658996582,,0.44165509939193726,,22.0
,,,,42,,2.4959471225738525,,0.44907209277153015,,22.75
,,,,43,,2.60707688331604,,0.4664519727230072,,23.75
,,,,44,,2.5434019565582275,,0.4496520459651947,,23.25
,,,,45,,2.616168260574341,,0.4442932903766632,,24.125
,,,,46,,2.570157289505005,,0.4607822597026825,,23.5
,,,,47,,2.4707343578338623,,0.4394843876361847,,22.5
,,,,48,,2.6337437629699707,,0.4462437629699707,,24.25
,,,,49,,2.621394157409668,,0.4338940680027008,,24.375
,,,,50,,2.5025360584259033,,0.4400360882282257,,23.0
,,,,51,,2.4608805179595947,,0.4452556073665619,,22.375
,,,,52,,2.7126991748809814,,0.46269914507865906,,25.0
,,,,53,,2.6325900554656982,,0.46071508526802063,,24.125
,,,,54,,2.5194156169891357,,0.45691564679145813,,23.0
,,,,55,,2.4034032821655273,,0.44246578216552734,,21.75
,,,,56,,2.486203193664551,,0.4549531936645508,,22.5
,,,,57,,2.654421806335449,,0.435671865940094,,24.625
,,,,58,,2.472548246383667,,0.44129815697669983,,22.625
,,,,59,,2.6144282817840576,,0.4581783711910248,,24.0
,,,,60,,2.658339500427246,,0.43958938121795654,,24.625
,,,,61,,2.7180044651031494,,0.45237937569618225,,25.25
,,,,62,,2.567460298538208,,0.4424602687358856,,23.625
,,,,63,,2.557448148727417,,0.44807323813438416,,23.375
,,,,64,,2.81925892829895,,0.44425901770591736,,26.375
,,,,65,,2.7592897415161133,,0.4467896521091461,,25.625
,,,,66,,2.526850938796997,,0.44872602820396423,,23.125
,,,,67,,2.500558853149414,,0.4536839723587036,,22.75
,,,,68,,2.497918128967285,,0.435418039560318,,23.0
,,,,69,,2.5529942512512207,,0.4436191916465759,,23.5
,,,,70,,2.69736909866333,,0.43174415826797485,,25.25
,,,,71,,2.523967742919922,,0.44584280252456665,,23.125
,,,,72,,2.5430002212524414,,0.43362516164779663,,23.375
,,,,73,,2.7172176837921143,,0.45159271359443665,,25.25
,,,,74,,2.589263916015625,,0.46426382660865784,,23.625
,,,,75,,2.698831558227539,,0.44883155822753906,,25.0
,,,,76,,2.463366746902466,,0.4321168065071106,,22.625
,,,,77,,2.9337165355682373,,0.4493415653705597,,27.625
,,,,78,,2.5435075759887695,,0.43413257598876953,,23.5
,,,,79,,2.458019495010376,,0.4580194652080536,,22.25
,,,,80,,2.5882723331451416,,0.4476473033428192,,23.75
,,,,81,,2.767235040664673,,0.45473507046699524,,25.625
,,,,82,,2.5608043670654297,,0.4514293074607849,,23.5
,,,,83,,2.5166842937469482,,0.4541842043399811,,23.0
,,,,84,,2.437709093093872,,0.4377090036869049,,22.25
,,,,85,,2.3534810543060303,,0.4316059947013855,,21.375
,,,,86,,2.5183634757995605,,0.4558635354042053,,22.875
,,,,87,,2.377856731414795,,0.43254420161247253,,21.625
,,,,88,,2.8065481185913086,,0.44717302918434143,,26.25
,,,,89,,2.6279561519622803,,0.45608118176460266,,24.125
,,,,90,,2.586627960205078,,0.4460029602050781,,23.75
,,,,91,,2.548506498336792,,0.43913158774375916,,23.375
,,,,92,,2.6339151859283447,,0.44641515612602234,,24.25
,,,,93,,2.688765048980713,,0.45439016819000244,,24.75
,,,,94,,2.59086537361145,,0.45024046301841736,,23.75
,,,,95,,2.506638526916504,,0.44413843750953674,,22.875
,,,,96,,2.625868558883667,,0.45399346947669983,,24.125
,,,,97,,2.590205669403076,,0.44958072900772095,,23.75
,,,,98,,2.620605707168579,,0.4487306773662567,,24.125
,,,,99,,2.6038873195648193,,0.4476372301578522,,23.875
,,,,100,,2.5723302364349365,,0.44733014702796936,,23.625
,,,,101,,2.7106502056121826,,0.44502511620521545,,25.125
,,,,102,,2.6955151557922363,,0.44551509618759155,,25.0
,,,,103,,2.637460708618164,,0.44996070861816406,,24.25
,,,,104,,2.510117769241333,,0.4476177990436554,,23.0
,,,,105,,2.5372655391693115,,0.44351544976234436,,23.25
,,,,106,,2.500929594039917,,0.4384295642375946,,23.0
,,,,107,,2.6028122901916504,,0.4465622305870056,,23.875
,,,,108,,2.65657114982605,,0.43782123923301697,,24.625
,,,,109,,2.6391348838806152,,0.45163494348526,,24.375
,,,,110,,2.455336332321167,,0.4397113621234894,,22.375
,,,,111,,2.579153537750244,,0.45415353775024414,,23.625
,,,,112,,2.60221529006958,,0.4459652304649353,,24.0
,,,,113,,2.627190113067627,,0.4553150534629822,,24.125
,,,,114,,2.624034881591797,,0.4365347623825073,,24.25
,,,,115,,2.627039909362793,,0.43953990936279297,,24.375
,,,,116,,2.705254554748535,,0.439629465341568,,25.125
,,,,117,,2.669529676437378,,0.46640464663505554,,24.5
,,,,118,,2.5429270267486572,,0.43355193734169006,,23.5
,,,,119,,2.6574127674102783,,0.4542878568172455,,24.5
,,,,120,,2.710031747817993,,0.4600317180156708,,25.0
,,,,121,,2.600334882736206,,0.42845991253852844,,24.125
,,,,122,,2.567049503326416,,0.44204962253570557,,23.625
,,,,123,,2.623603343963623,,0.43610328435897827,,24.375
,,,,124,,2.514087677001953,,0.4515876770019531,,23.0
,,,,125,,2.587576150894165,,0.4469512403011322,,23.75
,,,,126,,2.5649991035461426,,0.43999916315078735,,23.625
,,,,127,,2.4909398555755615,,0.45968976616859436,,22.5
,,,,128,,2.6905412673950195,,0.44054117798805237,,25.0
,,,,129,,2.55157208442688,,0.45782217383384705,,23.25
,,,,130,,2.5493383407592773,,0.4399632513523102,,23.375
,,,,131,,2.5030922889709473,,0.45621734857559204,,22.75
,,,,132,,2.523800849914551,,0.46130090951919556,,23.0
,,,,133,,2.577951431274414,,0.45295143127441406,,23.625
,,,,134,,2.595883846282959,,0.455258846282959,,23.75
,,,,135,,2.546231985092163,,0.4681068956851959,,23.125
,,,,136,,2.473909616470337,,0.4426595866680145,,22.5
,,,,137,,2.6332085132598877,,0.44570842385292053,,24.25
,,,,138,,2.495239734649658,,0.4327396750450134,,22.875
,,,,139,,2.5529699325561523,,0.4279700517654419,,23.625
,,,,140,,2.8045952320098877,,0.46084514260292053,,26.125
,,,,141,,2.4939587116241455,,0.44708380103111267,,22.75
,,,,142,,2.4845428466796875,,0.46891796588897705,,22.375
,,,,143,,2.6170151233673096,,0.44514021277427673,,24.125
,,,,144,,2.536496877670288,,0.4271218776702881,,23.5
,,,,145,,2.4262475967407227,,0.43406015634536743,,22.125
,,,,146,,2.7264039516448975,,0.4607788622379303,,25.25
,,,,147,,2.6249022483825684,,0.4686521887779236,,24.0
,,,,148,,2.6218204498291016,,0.44994544982910156,,24.125
,,,,149,,2.59543776512146,,0.4548127353191376,,23.75
,,,,150,,2.500152111053467,,0.43765202164649963,,22.875
,,,,151,,2.5227038860321045,,0.4602039158344269,,22.875
,,,,152,,2.661010265350342,,0.44226017594337463,,24.625
,,,,153,,2.561192512512207,,0.4518176317214966,,23.375
,,,,154,,2.569031238555908,,0.4596562385559082,,23.375
,,,,155,,2.5577454566955566,,0.4483705163002014,,23.5
,,,,156,,2.619171142578125,,0.447296142578125,,24.125
,,,,157,,2.756355047225952,,0.44385507702827454,,25.75
,,,,158,,2.552818775177002,,0.44344383478164673,,23.375
,,,,159,,2.605128288269043,,0.44887828826904297,,24.0
,,,,160,,2.3394060134887695,,0.44878092408180237,,21.0
,,,,161,,2.4550793170928955,,0.45507940649986267,,22.25
,,,,162,,2.800482749938965,,0.4567326605319977,,26.0
,,,,163,,2.5355191230773926,,0.4417691230773926,,23.25
,,,,164,,2.8096885681152344,,0.4503136873245239,,26.25
,,,,165,,2.57797908782959,,0.43735402822494507,,23.75
,,,,166,,2.510730028152466,,0.43260499835014343,,23.125
,,,,167,,2.4195687770843506,,0.4430061876773834,,22.0
,,,,168,,2.7509913444519043,,0.4541163444519043,,25.5
,,,,169,,2.60807204246521,,0.45182207226753235,,24.0
,,,,170,,2.567350387573242,,0.4423503279685974,,23.625
,,,,171,,2.5844175815582275,,0.4437926113605499,,23.75
,,,,172,,2.754087448120117,,0.44158735871315,,25.75
,,,,173,,2.4893012046813965,,0.44242632389068604,,22.75
,,,,174,,2.5926661491394043,,0.4364161491394043,,23.875
,,,,175,,2.6748898029327393,,0.4405147135257721,,24.75
,,,,176,,2.541099786758423,,0.43172481656074524,,23.5
,,,,177,,2.660813808441162,,0.4420638680458069,,24.625
,,,,178,,2.3960886001586914,,0.4585886001586914,,21.5
,,,,179,,2.734046697616577,,0.45279660820961,,25.375
,,,,180,,2.5080947875976562,,0.44559478759765625,,23.0
,,,,181,,2.7126834392547607,,0.44705840945243835,,25.125
,,,,182,,2.390211820602417,,0.4448993504047394,,21.625
,,,,183,,2.5055370330810547,,0.4430369436740875,,23.0
,,,,184,,2.579479455947876,,0.43885448575019836,,23.75
,,,,185,,2.4708547592163086,,0.4396047592163086,,22.5
,,,,186,,2.512655735015869,,0.434530645608902,,23.125
,,,,187,,2.6651761531829834,,0.44642606377601624,,24.625
,,,,188,,2.576645851135254,,0.45164576172828674,,23.625
,,,,189,,2.4494495391845703,,0.44944965839385986,,22.25
,,,,190,,2.5458288192749023,,0.4364539384841919,,23.5
,,,,191,,2.474492073059082,,0.4432421624660492,,22.5
,,,,192,,2.629645347595215,,0.4577704668045044,,24.125
,,,,193,,2.3904078006744385,,0.4294702410697937,,21.75
,,,,194,,2.6304240226745605,,0.4429240822792053,,24.25
,,,,195,,2.513251543045044,,0.4507516324520111,,22.875
,,,,196,,2.6665711402893066,,0.4321962594985962,,24.875
,,,,197,,2.5911550521850586,,0.45053011178970337,,23.75
,,,,198,,2.8122804164886475,,0.4372805058956146,,26.375
,,,,199,,2.8612654209136963,,0.4550153315067291,,26.75
,,,,200,,2.593621015548706,,0.43737098574638367,,23.875
,,,,201,,2.609421730041504,,0.43754664063453674,,24.125
,,,,202,,2.47813081741333,,0.44688087701797485,,22.5
,,,,203,,2.6077942848205566,,0.4359194040298462,,24.125
,,,,204,,2.582535743713379,,0.44191086292266846,,23.75
,,,,205,,2.548030376434326,,0.438655287027359,,23.5
,,,,206,,2.4231948852539062,,0.46225738525390625,,21.75
,,,,207,,2.542576551437378,,0.4488266408443451,,23.25
,,,,208,,2.502561092376709,,0.440061092376709,,23.0
,,,,209,,2.7226691246032715,,0.4570440649986267,,25.25
,,,,210,,2.6728944778442383,,0.4541444778442383,,24.625
,,,,211,,2.7949724197387695,,0.4512225389480591,,26.125
,,,,212,,2.3906240463256836,,0.4453115463256836,,21.625
,,,,213,,2.616121530532837,,0.4442465305328369,,24.125
,,,,214,,2.4124953746795654,,0.4359329342842102,,22.0
,,,,215,,2.6043200492858887,,0.44807010889053345,,23.875
,,,,216,,2.543109893798828,,0.4337349534034729,,23.375
,,,,217,,2.596526622772217,,0.44027653336524963,,23.875
,,,,218,,2.6667046546936035,,0.44795459508895874,,24.625
,,,,219,,2.5619568824768066,,0.45258182287216187,,23.375
,,,,220,,2.6072869300842285,,0.4354119598865509,,24.125
,,,,221,,2.6416664123535156,,0.4385414123535156,,24.5
,,,,222,,2.5898690223693848,,0.43361905217170715,,24.0
,,,,223,,2.573208808898926,,0.46383392810821533,,23.5
,,,,224,,2.6051740646362305,,0.44892418384552,,24.0
,,,,225,,2.584139108657837,,0.4435141980648041,,23.75
,,,,226,,2.5574800968170166,,0.44810518622398376,,23.375
,,,,227,,2.590336561203003,,0.43408647179603577,,23.875
,,,,228,,2.6659700870513916,,0.447220116853714,,24.625
,,,,229,,2.6209423542022705,,0.4490673840045929,,24.125
,,,,230,,2.630685806274414,,0.44318583607673645,,24.25
,,,,231,,2.6157944202423096,,0.44391947984695435,,24.125
,,,,232,,2.5075480937957764,,0.44504812359809875,,22.875
,,,,233,,2.634334087371826,,0.446833997964859,,24.375
,,,,234,,2.5462863445281982,,0.4525362551212311,,23.25
,,,,235,,2.5551209449768066,,0.44574594497680664,,23.375
,,,,236,,2.604123115539551,,0.4478731155395508,,24.0
,,,,237,,2.6074600219726562,,0.43558502197265625,,24.125
,,,,238,,2.3102517127990723,,0.4352516531944275,,20.875
,,,,239,,2.4961037635803223,,0.44922876358032227,,22.75
,,,,240,,2.495333671569824,,0.448458731174469,,22.75
,,,,241,,2.632269859313965,,0.4603949785232544,,24.125
,,,,242,,2.750537872314453,,0.4536628723144531,,25.5
,,,,243,,2.607781410217285,,0.4359065294265747,,24.125
,,,,244,,2.5658681392669678,,0.44086822867393494,,23.625
,,,,245,,2.4790518283843994,,0.4478019177913666,,22.5
,,,,246,,2.6281673908233643,,0.4562924802303314,,24.125
,,,,247,,2.840916395187378,,0.4502914249897003,,26.625
,,,,248,,2.4384043216705322,,0.4462168514728546,,22.125
,,,,249,,2.455655574798584,,0.45565563440322876,,22.25
,,,,250,,2.559863805770874,,0.45048871636390686,,23.375
,,,,251,,2.611344814300537,,0.43946993350982666,,24.125
,,,,252,,2.5636096000671387,,0.43860962986946106,,23.625
,,,,253,,2.7176952362060547,,0.45207035541534424,,25.125
,,,,254,,2.651740074157715,,0.4486151933670044,,24.5
,,,,255,,2.5070912837982178,,0.4602161943912506,,22.75
,,,,256,,2.485428810119629,,0.45417892932891846,,22.5
,,,,257,,2.4312944412231445,,0.43129444122314453,,22.25
,,,,258,,2.46305251121521,,0.44742754101753235,,22.375
,,,,259,,2.6977779865264893,,0.4477778971195221,,25.0
,,,,260,,2.4927470684051514,,0.4458719789981842,,22.75
,,,,261,,2.612274646759033,,0.456024706363678,,24.0
,,,,262,,2.583646059036255,,0.4430210292339325,,23.75
,,,,263,,2.6818127632141113,,0.44743776321411133,,24.875
,,,,264,,2.5173659324645996,,0.4392409026622772,,23.125
,,,,265,,2.4352686405181885,,0.4587061107158661,,22.0
,,,,266,,2.602203369140625,,0.4303283095359802,,24.125
,,,,267,,2.5399539470672607,,0.4462038576602936,,23.25
,,,,268,,2.412531852722168,,0.44378185272216797,,21.875
,,,,269,,2.422184944152832,,0.44562235474586487,,22.0
,,,,270,,2.7109968662261963,,0.44537195563316345,,25.125
,,,,271,,2.6016271114349365,,0.46100208163261414,,23.75
,,,,272,,2.443897008895874,,0.44389691948890686,,22.25
,,,,273,,2.598376750946045,,0.4421268403530121,,24.0
,,,,274,,2.5465469360351562,,0.43717193603515625,,23.5
,,,,275,,2.460829973220825,,0.4295799434185028,,22.625
,,,,276,,2.6859359741210938,,0.4515610933303833,,24.75
,,,,277,,2.636305570602417,,0.4331805109977722,,24.5
,,,,278,,2.432302474975586,,0.4401150345802307,,22.125
,,,,279,,2.5563459396362305,,0.44697105884552,,23.375
,,,,280,,2.549232006072998,,0.4554821252822876,,23.25
,,,,281,,2.5096559524536133,,0.4471558630466461,,22.875
,,,,282,,2.6106131076812744,,0.43873801827430725,,24.125
,,,,283,,2.6811554431915283,,0.4624055325984955,,24.625
,,,,284,,2.5623505115509033,,0.45297548174858093,,23.375
,,,,285,,2.5426931381225586,,0.43331822752952576,,23.375
,,,,286,,2.6438345909118652,,0.4407096803188324,,24.5
,,,,287,,2.7983334064483643,,0.4545834958553314,,26.125
,,,,288,,2.590566635131836,,0.44994163513183594,,23.75
,,,,289,,2.5674338340759277,,0.45805874466896057,,23.5
,,,,290,,2.5172901153564453,,0.45479023456573486,,22.875
,,,,291,,2.7405214309692383,,0.44364652037620544,,25.5
,,,,292,,2.7738704681396484,,0.46137040853500366,,25.625
,,,,293,,2.6033053398132324,,0.44705528020858765,,23.875
,,,,294,,2.6374869346618652,,0.46561187505722046,,24.125
,,,,295,,2.4237849712371826,,0.447222501039505,,22.0
,,,,296,,2.5996334552764893,,0.4433833658695221,,23.875
,,,,297,,2.4505600929260254,,0.434935063123703,,22.375
,,,,298,,2.49238657951355,,0.4298865497112274,,22.875
,,,,299,,2.3810741901397705,,0.4435742497444153,,21.5
,,,,300,,2.3698534965515137,,0.4245409071445465,,21.625
,,,,301,,2.664386034011841,,0.47688600420951843,,24.25
,,,,302,,2.5088789463043213,,0.44637903571128845,,23.0
,,,,303,,2.8338043689727783,,0.44317930936813354,,26.5
,,,,304,,2.51731538772583,,0.4548153281211853,,23.0
,,,,305,,2.5506951808929443,,0.4569452702999115,,23.25
,,,,306,,2.6673312187194824,,0.44858115911483765,,24.625
,,,,307,,2.4933440685272217,,0.4464689791202545,,22.75
,,,,308,,2.8725783824920654,,0.4507034122943878,,26.875
,,,,309,,2.6486361026763916,,0.4611360728740692,,24.375
,,,,310,,2.4920153617858887,,0.44514042139053345,,22.75
,,,,311,,2.7410995960235596,,0.4442245662212372,,25.5
,,,,312,,2.5350613594055176,,0.42568644881248474,,23.5
,,,,313,,2.537976026535034,,0.428600937128067,,23.5
,,,,314,,2.544039249420166,,0.45028918981552124,,23.25
,,,,315,,2.528653621673584,,0.4661535620689392,,22.875
,,,,316,,2.5049571990966797,,0.42683225870132446,,23.125
,,,,317,,2.683877468109131,,0.44950246810913086,,24.875
,,,,318,,2.521256685256958,,0.45875659584999084,,23.0
,,,,319,,2.646529197692871,,0.4590291976928711,,24.25
,,,,320,,2.530613899230957,,0.4368639588356018,,23.25
,,,,321,,2.471454381942749,,0.4558294117450714,,22.375
,,,,322,,2.5832431316375732,,0.45824316143989563,,23.625
,,,,323,,2.5983846187591553,,0.44213470816612244,,23.875
,,,,324,,2.5423121452331543,,0.4329372048377991,,23.375
,,,,325,,2.6023645401000977,,0.44611454010009766,,24.0
,,,,326,,2.508223295211792,,0.4457233250141144,,23.0
,,,,327,,2.61301326751709,,0.4567631781101227,,24.0
,,,,328,,2.7568612098693848,,0.4443610906600952,,25.625
,,,,329,,2.5564897060394287,,0.4314897358417511,,23.625
,,,,330,,2.550035238265991,,0.4406602084636688,,23.5
,,,,331,,2.470320224761963,,0.4390701353549957,,22.625
,,,,332,,2.467540740966797,,0.4362906515598297,,22.625
,,,,333,,2.553309679031372,,0.45955976843833923,,23.25
,,,,334,,2.4785819053649902,,0.4473320245742798,,22.5
,,,,335,,2.359649896621704,,0.4612124264240265,,21.125
,,,,336,,2.563582181930542,,0.45420709252357483,,23.375
,,,,337,,2.4639759063720703,,0.4327259659767151,,22.5
,,,,338,,2.4542694091796875,,0.4386444389820099,,22.375
,,,,339,,2.5482590198516846,,0.45450910925865173,,23.25
,,,,340,,2.6427690982818604,,0.45526906847953796,,24.25
,,,,341,,2.6241626739501953,,0.4522876739501953,,24.125
,,,,342,,2.65566086769104,,0.4525359570980072,,24.5
,,,,343,,2.4659500122070312,,0.4346999228000641,,22.5
,,,,344,,2.592167615890503,,0.4359176456928253,,23.875
,,,,345,,2.376044750213623,,0.4385448694229126,,21.5
,,,,346,,2.6765313148498535,,0.44215622544288635,,24.75
,,,,347,,2.534799575805664,,0.45667463541030884,,23.125
,,,,348,,2.6972391605377197,,0.4472392499446869,,25.0
,,,,349,,2.6195719242095947,,0.4633220136165619,,24.0
,,,,350,,2.4684953689575195,,0.43724533915519714,,22.625
,,,,351,,2.6566948890686035,,0.4379448890686035,,24.625
,,,,352,,2.6395745277404785,,0.45207464694976807,,24.375
,,,,353,,2.539959669113159,,0.461834579706192,,23.125
,,,,354,,2.6062746047973633,,0.45002472400665283,,24.0
,,,,355,,2.3445026874542236,,0.422627717256546,,21.375
,,,,356,,2.6924808025360107,,0.4424807131290436,,25.0
,,,,357,,2.4335439205169678,,0.4726063311100006,,21.75
,,,,358,,2.6093244552612305,,0.4530743658542633,,23.875
,,,,359,,2.489795446395874,,0.44292035698890686,,22.75
,,,,360,,2.5586211681365967,,0.44924619793891907,,23.375
,,,,361,,2.5579261779785156,,0.4485512971878052,,23.5
,,,,362,,2.5525782108306885,,0.4432031810283661,,23.375
,,,,363,,2.598503351211548,,0.457878440618515,,23.75
,,,,364,,2.399242401123047,,0.4539298117160797,,21.625
,,,,365,,2.50989031791687,,0.44739028811454773,,22.875
,,,,366,,2.5945329666137695,,0.4382830262184143,,23.875
,,,,367,,2.478128433227539,,0.4625035524368286,,22.375
,,,,368,,2.674222946166992,,0.4554728865623474,,24.625
,,,,369,,2.7130014896392822,,0.44737645983695984,,25.25
,,,,370,,2.6283607482910156,,0.44086068868637085,,24.25
,,,,371,,2.5138726234436035,,0.45137256383895874,,22.875
,,,,372,,2.4784069061279297,,0.4315318763256073,,22.75
,,,,373,,2.5142457485198975,,0.4517457187175751,,23.0
,,,,374,,2.8371241092681885,,0.4464990794658661,,26.625
,,,,375,,2.58915376663208,,0.4329036772251129,,24.0
,,,,376,,2.607356309890747,,0.45110639929771423,,23.875
,,,,377,,2.5936453342437744,,0.4530204236507416,,23.75
,,,,378,,2.489250898361206,,0.44237595796585083,,22.75
,,,,379,,2.6268017292022705,,0.45492663979530334,,24.125
,,,,380,,2.586852550506592,,0.446227490901947,,23.75
,,,,381,,2.644376516342163,,0.44125160574913025,,24.5
,,,,382,,2.805501699447632,,0.4461266100406647,,26.25
,,,,383,,2.7173852920532227,,0.45176029205322266,,25.125
,,,,384,,2.559955596923828,,0.45058050751686096,,23.5
,,,,385,,2.698160171508789,,0.44816017150878906,,25.0
,,,,386,,2.563999652862549,,0.4546247124671936,,23.5
,,,,387,,2.5808050632476807,,0.44018009305000305,,23.75
,,,,388,,2.6038572788238525,,0.4476073682308197,,24.0
,,,,389,,2.6666650772094727,,0.4479149878025055,,24.625
,,,,390,,2.4802534580230713,,0.4490034878253937,,22.625
,,,,391,,2.766418933868408,,0.45391884446144104,,25.75
,,,,392,,2.5509603023529053,,0.4415852129459381,,23.375
,,,,393,,2.6075053215026855,,0.43563032150268555,,24.125
,,,,394,,2.523897171020508,,0.44577229022979736,,23.125
,,,,395,,2.633652687072754,,0.4461526870727539,,24.25
,,,,396,,2.546032667160034,,0.4366576373577118,,23.375
,,,,397,,2.643261671066284,,0.4557616412639618,,24.375
,,,,398,,2.510864019393921,,0.4483640491962433,,22.875
,,,,399,,2.4568021297454834,,0.44117721915245056,,22.375
,,,,400,,2.5974178314208984,,0.441167950630188,,23.875
,,,,401,,2.7311441898345947,,0.46551916003227234,,25.25
,,,,402,,2.6385815143585205,,0.4354564845561981,,24.5
,,,,403,,2.571625232696533,,0.4622501730918884,,23.375
,,,,404,,2.605093479156494,,0.44884341955184937,,23.875
,,,,405,,2.7317097187042236,,0.45045968890190125,,25.375
,,,,406,,2.653865098953247,,0.4507400691509247,,24.5
,,,,407,,2.7881667613983154,,0.44441667199134827,,26.125
,,,,408,,2.5406744480133057,,0.4469245374202728,,23.25
,,,,409,,2.6541030406951904,,0.4509781301021576,,24.5
,,,,410,,2.643371105194092,,0.4558711647987366,,24.25
,,,,411,,2.372675657272339,,0.43517568707466125,,21.5
,,,,412,,2.4867773056030273,,0.43990224599838257,,22.75
,,,,413,,2.577460527420044,,0.45246049761772156,,23.625
,,,,414,,2.6753897666931152,,0.44101476669311523,,24.875
,,,,415,,2.8044514656066895,,0.445076584815979,,26.25
,,,,416,,2.615356206893921,,0.4591062366962433,,23.875
,,,,417,,2.6969258785247803,,0.4313008487224579,,25.125
,,,,418,,2.618943929672241,,0.4470689594745636,,24.125
,,,,419,,2.5015695095062256,,0.4546944200992584,,22.75
,,,,420,,2.6028103828430176,,0.44656050205230713,,23.875
,,,,421,,2.487258195877075,,0.45600828528404236,,22.625
,,,,422,,2.590540885925293,,0.43429094552993774,,23.875
,,,,423,,2.629924774169922,,0.45804983377456665,,24.125
,,,,424,,2.486187219619751,,0.45493724942207336,,22.5
,,,,425,,2.5235209465026855,,0.44539588689804077,,23.125
,,,,426,,2.464959144592285,,0.433709055185318,,22.625
,,,,427,,2.6263928413391113,,0.43889278173446655,,24.25
,,,,428,,2.6396982669830322,,0.45219823718070984,,24.375
,,,,429,,2.653024196624756,,0.46552425622940063,,24.25
,,,,430,,2.5533525943756104,,0.4439776837825775,,23.5
,,,,431,,2.723334312438965,,0.4577092230319977,,25.25
,,,,432,,2.8369266986846924,,0.44630172848701477,,26.5
,,,,433,,2.596771717071533,,0.45614662766456604,,23.75
,,,,434,,2.468313455581665,,0.4370635449886322,,22.5
,,,,435,,2.676698684692383,,0.4423236846923828,,24.75
,,,,436,,2.5810189247131348,,0.44039398431777954,,23.75
,,,,437,,2.5193583965301514,,0.45685842633247375,,23.0
,,,,438,,2.6171019077301025,,0.4608519971370697,,23.875
,,,,439,,2.392953395843506,,0.44764095544815063,,21.625
,,,,440,,2.4780044555664062,,0.4467545747756958,,22.5
,,,,441,,2.740851402282715,,0.4596015214920044,,25.375
,,,,442,,2.6763665676116943,,0.4419915974140167,,24.875
,,,,443,,2.6419217586517334,,0.43879684805870056,,24.5
,,,,444,,2.624424695968628,,0.45254960656166077,,24.125
,,,,445,,2.766986846923828,,0.45448678731918335,,25.625
,,,,446,,2.519881010055542,,0.4573810398578644,,22.875
,,,,447,,2.580594062805176,,0.43996909260749817,,23.75
,,,,448,,2.4462740421295166,,0.4462740123271942,,22.25
,,,,449,,2.759599447250366,,0.4470994770526886,,25.625
,,,,450,,2.8177919387817383,,0.4740419387817383,,26.0
,,,,451,,2.498030185699463,,0.4355301558971405,,22.875
,,,,452,,2.8307971954345703,,0.44017210602760315,,26.5
,,,,453,,2.670635938644409,,0.451885849237442,,24.625
,,,,454,,2.438978433609009,,0.43897852301597595,,22.25
,,,,455,,2.569509506225586,,0.44450944662094116,,23.625
,,,,456,,2.4314992427825928,,0.4549366533756256,,22.0
,,,,457,,2.439425230026245,,0.43942517042160034,,22.25
,,,,458,,2.4151601791381836,,0.43859779834747314,,22.0
,,,,459,,2.583036184310913,,0.4424112141132355,,23.75
,,,,460,,2.64931321144104,,0.4461883008480072,,24.5
,,,,461,,2.488434076309204,,0.45718416571617126,,22.625
,,,,462,,2.4190454483032227,,0.4424828588962555,,22.0
,,,,463,,2.5081980228424072,,0.4456981122493744,,23.0
,,,,464,,2.606397867202759,,0.45014795660972595,,23.875
,,,,465,,2.3800837993621826,,0.44258370995521545,,21.5
,,,,466,,2.572178602218628,,0.44717851281166077,,23.625
,,,,467,,2.6665749549865723,,0.44782495498657227,,24.625
,,,,468,,2.6283164024353027,,0.4408165216445923,,24.25
,,,,469,,2.6757702827453613,,0.44139522314071655,,24.75
,,,,470,,2.4144346714019775,,0.4534972012042999,,21.75
,,,,471,,2.555244207382202,,0.4302442967891693,,23.625
,,,,472,,2.534558057785034,,0.456432968378067,,23.125
,,,,473,,2.6015987396240234,,0.445348858833313,,24.0
,,,,474,,2.686734676361084,,0.4523596167564392,,24.75
,,,,475,,2.6054704189300537,,0.4492205083370209,,23.875
,,,,476,,2.6108174324035645,,0.43894243240356445,,24.125
,,,,477,,2.707948684692383,,0.44232359528541565,,25.25
,,,,478,,2.6938250064849854,,0.4438249170780182,,25.0
,,,,479,,2.5710480213165283,,0.43042299151420593,,23.75
,,,,480,,2.558051586151123,,0.43305155634880066,,23.625
,,,,481,,2.579336166381836,,0.4543362855911255,,23.625
,,,,482,,2.6477766036987305,,0.4602765142917633,,24.25
,,,,483,,2.468575954437256,,0.45295101404190063,,22.375
,,,,484,,2.4485931396484375,,0.4329680800437927,,22.375
,,,,485,,2.5800881385803223,,0.4550882577896118,,23.625
,,,,486,,2.62965726852417,,0.4421573281288147,,24.375
,,,,487,,2.6079330444335938,,0.451682984828949,,23.875
,,,,488,,2.7090704441070557,,0.44344550371170044,,25.25
,,,,489,,2.646975040435791,,0.45947498083114624,,24.375
,,,,490,,2.457515239715576,,0.4418903589248657,,22.375
,,,,491,,2.5474514961242676,,0.45370155572891235,,23.25
,,,,492,,2.55045485496521,,0.4410797655582428,,23.5
,,,,493,,2.4705703258514404,,0.4549453556537628,,22.375
,,,,494,,2.3077163696289062,,0.44052889943122864,,20.75
,,,,495,,2.654911994934082,,0.43616199493408203,,24.625
,,,,496,,2.4478955268859863,,0.4478956460952759,,22.25
,,,,497,,2.39333176612854,,0.4480193555355072,,21.625
,,,,498,,2.715280294418335,,0.4652803838253021,,25.0
,,,,499,,2.599623918533325,,0.4433739483356476,,23.875
,,,,500,,2.5883381366729736,,0.44771310687065125,,23.75
,,,,501,,2.440652370452881,,0.4406523108482361,,22.25
,,,,502,,2.419492244720459,,0.4273046553134918,,22.125
,,,,503,,2.4286582469940186,,0.4364706575870514,,22.125
,,,,504,,2.7074010372161865,,0.4417761266231537,,25.25
,,,,505,,2.634197473526001,,0.44669756293296814,,24.375
,,,,506,,2.712012529373169,,0.4463876187801361,,25.25
,,,,507,,2.4913980960845947,,0.44452306628227234,,22.75
,,,,508,,2.7247402667999268,,0.44349029660224915,,25.375
,,,,509,,2.6130428314208984,,0.4411679208278656,,24.125
,,,,510,,2.4405086040496826,,0.448321133852005,,22.125
,,,,511,,2.5497403144836426,,0.4403653144836426,,23.5
,,,,512,,2.6255390644073486,,0.4536641538143158,,24.125
,,,,513,,2.508166551589966,,0.44566646218299866,,22.875
,,,,514,,2.7118420600891113,,0.4462171196937561,,25.125
,,,,515,,2.468255043029785,,0.43700510263442993,,22.5
,,,,516,,2.6130599975585938,,0.45680999755859375,,23.875
,,,,517,,2.5283360481262207,,0.4658360481262207,,22.875
,,,,518,,2.6534922122955322,,0.45036718249320984,,24.5
,,,,519,,2.694260358810425,,0.4442603886127472,,25.0
,,,,520,,2.5799319744110107,,0.4549318850040436,,23.625
,,,,521,,2.636411666870117,,0.43328657746315,,24.5
,,,,522,,2.615143060684204,,0.4432681202888489,,24.125
,,,,523,,2.6452817916870117,,0.45778170228004456,,24.375
,,,,524,,2.460517644882202,,0.44489267468452454,,22.375
,,,,525,,2.524074077606201,,0.4459491968154907,,23.125
,,,,526,,2.6007261276245117,,0.44447606801986694,,24.0
,,,,527,,2.6103293895721436,,0.4540793001651764,,24.0
,,,,528,,2.477475166320801,,0.461850106716156,,22.375
,,,,529,,2.5568346977233887,,0.4630846381187439,,23.25
,,,,530,,2.5415751934051514,,0.46345022320747375,,23.125
,,,,531,,2.7106595039367676,,0.4450344443321228,,25.25
,,,,532,,2.6646599769592285,,0.44590988755226135,,24.625
,,,,533,,2.6831746101379395,,0.43317466974258423,,25.0
,,,,534,,2.4424476623535156,,0.4424477815628052,,22.25
,,,,535,,2.6378626823425293,,0.43473759293556213,,24.5
,,,,536,,2.445038080215454,,0.44503816962242126,,22.25
,,,,537,,2.514099597930908,,0.4359745383262634,,23.125
,,,,538,,2.348362684249878,,0.4499252140522003,,21.125
,,,,539,,2.487419843673706,,0.4561697542667389,,22.625
,,,,540,,2.5667941570281982,,0.4417940676212311,,23.625
,,,,541,,2.626720428466797,,0.4548455476760864,,24.125
,,,,542,,2.5582761764526367,,0.4176512062549591,,23.75
,,,,543,,2.6254947185516357,,0.45361968874931335,,24.125
,,,,544,,2.5611531734466553,,0.45177820324897766,,23.375
,,,,545,,2.4190146923065186,,0.45026472210884094,,21.875
,,,,546,,2.5698556900024414,,0.44485560059547424,,23.625
,,,,547,,2.6335391998291016,,0.4460393190383911,,24.375
,,,,548,,2.798809766769409,,0.43943479657173157,,26.25
,,,,549,,2.4924588203430176,,0.4455838203430176,,22.75
,,,,550,,2.6170618534088135,,0.4451868236064911,,24.125
,,,,551,,2.541537284851074,,0.447787344455719,,23.25
,,,,552,,2.6006977558135986,,0.4288228452205658,,24.125
,,,,553,,2.769094228744507,,0.4565941393375397,,25.75
,,,,554,,2.493436098098755,,0.4621860682964325,,22.5
,,,,555,,2.602487564086914,,0.4306125044822693,,24.125
,,,,556,,2.3956615924835205,,0.4269115626811981,,21.875
,,,,557,,2.6114559173583984,,0.4395809769630432,,24.125
,,,,558,,2.5048882961273193,,0.4423883855342865,,23.0
,,,,559,,2.662370204925537,,0.45924514532089233,,24.5
,,,,560,,2.6004624366760254,,0.4442123472690582,,24.0
,,,,561,,2.6655683517456055,,0.446818470954895,,24.625
,,,,562,,2.5178256034851074,,0.4397006630897522,,23.125
,,,,563,,2.609175682067871,,0.45292580127716064,,23.875
,,,,564,,2.515596389770508,,0.43747130036354065,,23.125
,,,,565,,2.5487403869628906,,0.4393653869628906,,23.5
,,,,566,,2.321023941040039,,0.4303990602493286,,21.0
,,,,567,,2.5594444274902344,,0.4500693678855896,,23.5
,,,,568,,2.5978267192840576,,0.4415768086910248,,23.875
,,,,569,,2.5947105884552,,0.43846049904823303,,23.875
,,,,570,,2.4666173458099365,,0.4509924352169037,,22.375
0,,,,5137,2.5816075801849365,,0.4467427730560303,,23.71906089782715,
1,0.25847917795181274,0.04363543167710304,2.390625,5149,,,,,,
1,0.2450154572725296,0.0350545234978199,2.328125,5199,,,,,,
1,0.25432974100112915,0.04046256095170975,2.375,5249,,,,,,
1,0.22806094586849213,0.033725008368492126,2.15625,5299,,,,,,
1,0.25331878662109375,0.039451614022254944,2.375,5349,,,,,,
1,0.2484932541847229,0.0404854342341423,2.3125,5399,,,,,,
1,0.2627895474433899,0.03915673494338989,2.484375,5449,,,,,,
1,0.22652886807918549,0.03414605185389519,2.140625,5499,,,,,,
1,0.23602548241615295,0.03192392364144325,2.265625,5549,,,,,,
1,0.2519805431365967,0.03518366813659668,2.40625,5599,,,,,,
1,0.2415393739938736,0.039390940219163895,2.25,5649,,,,,,
1,0.24733053147792816,0.03736959025263786,2.328125,5699,,,,,,
1,0.21305616199970245,0.0284858550876379,2.046875,5749,,,,,,
1,0.216963991522789,0.0314171202480793,2.0625,5799,,,,,,
1,0.2322477251291275,0.0379117876291275,2.15625,5849,,,,,,
1,0.21835464239120483,0.03280775994062424,2.0625,5899,,,,,,
1,0.2300863415002823,0.030867593362927437,2.21875,5949,,,,,,
1,0.2506519556045532,0.04557384178042412,2.28125,5999,,,,,,
1,0.2267809510231018,0.03146844357252121,2.171875,6049,,,,,,
1,0.21769137680530548,0.03019138239324093,2.078125,6099,,,,,,
1,0.21268753707408905,0.03397660329937935,1.984375,6149,,,,,,
1,0.2258640080690384,0.030551502481102943,2.171875,6199,,,,,,
1,0.22800478339195251,0.030739162117242813,2.1875,6249,,,,,,
1,0.21324074268341064,0.031600117683410645,2.015625,6299,,,,,,
1,0.22707918286323547,0.038602616637945175,2.09375,6349,,,,,,
1,0.21973565220832825,0.037118468433618546,2.03125,6399,,,,,,
1,0.21279627084732056,0.028225965797901154,2.046875,6449,,,,,,
1,0.22712284326553345,0.034740034490823746,2.140625,6499,,,,,,
1,0.22866539657115936,0.04311852529644966,2.0625,6549,,,,,,
1,0.23980706930160522,0.04254143685102463,2.1875,6599,,,,,,
1,0.21482321619987488,0.032206032425165176,2.03125,6649,,,,,,
1,0.22685329616069794,0.034470487385988235,2.140625,6699,,,,,,
1,0.22082112729549408,0.03625081479549408,2.046875,6749,,,,,,
1,0.2287846803665161,0.03737843781709671,2.125,6799,,,,,,
1,0.24218344688415527,0.03515220433473587,2.296875,6849,,,,,,
1,0.21841135621070862,0.03384103998541832,2.046875,6899,,,,,,
1,0.21808648109436035,0.03058648481965065,2.078125,6949,,,,,,
1,0.22185885906219482,0.03631197661161423,2.0625,6999,,,,,,
1,0.21702441573143005,0.03440723568201065,2.03125,7049,,,,,,
1,0.22898200154304504,0.037575747817754745,2.125,7099,,,,,,
1,0.22764228284358978,0.030376655980944633,2.1875,7149,,,,,,
1,0.23320205509662628,0.03495986759662628,2.203125,7199,,,,,,
1,0.23125433921813965,0.03301215171813965,2.203125,7249,,,,,,
1,0.22440265119075775,0.03885577991604805,2.0625,7299,,,,,,
1,0.2128923088312149,0.0332048125565052,2.0,7349,,,,,,
1,0.22793452441692352,0.03359859064221382,2.15625,7399,,,,,,
1,0.2260909527540207,0.03663782402873039,2.109375,7449,,,,,,
1,0.23740644752979279,0.03818769380450249,2.21875,7499,,,,,,
1,0.22003352642059326,0.03155696392059326,2.09375,7549,,,,,,
1,0.21649910509586334,0.03388192132115364,2.03125,7599,,,,,,
1,0.21766161918640137,0.03602098673582077,2.015625,7649,,,,,,
1,0.2135731428861618,0.038768451660871506,1.9453125,7699,,,,,,
1,0.2449384331703186,0.045719683170318604,2.21875,7749,,,,,,
1,0.22723019123077393,0.041683316230773926,2.0625,7799,,,,,,
1,0.21750721335411072,0.034890029579401016,2.03125,7849,,,,,,
1,0.2173573076725006,0.03181043267250061,2.0625,7899,,,,,,
1,0.2187691628932953,0.03712854161858559,2.015625,7949,,,,,,
1,0.22113609313964844,0.03656578063964844,2.046875,7999,,,,,,
1,0.20734822750091553,0.03840291500091553,1.875,8049,,,,,,
1,0.21990236639976501,0.03826174512505531,2.015625,8099,,,,,,
1,0.20765265822410583,0.035777658224105835,1.9140625,8149,,,,,,
1,0.22002041339874268,0.04423915594816208,1.953125,8199,,,,,,
1,0.22826224565505981,0.04271537810564041,2.0625,8249,,,,,,
1,0.21507737040519714,0.03734299913048744,1.9765625,8299,,,,,,
1,0.2174963504076004,0.0378088504076004,2.0,8349,,,,,,
1,0.22084417939186096,0.04115667566657066,2.0,8399,,,,,,
1,0.22014880180358887,0.03557848557829857,2.046875,8449,,,,,,
1,0.2180292010307312,0.041271381080150604,1.96875,8499,,,,,,
1,0.21324874460697174,0.03942061960697174,1.9296875,8549,,,,,,
1,0.21825578808784485,0.04149797558784485,1.9609375,8599,,,,,,
1,0.2420085072517395,0.0437663272023201,2.203125,8649,,,,,,
1,0.22530822455883026,0.03976135328412056,2.0625,8699,,,,,,
1,0.2142576426267624,0.03652326390147209,1.9765625,8749,,,,,,
1,0.2162950187921524,0.0414903350174427,1.9375,8799,,,,,,
1,0.22157691419124603,0.045795660465955734,1.953125,8849,,,,,,
1,0.22926290333271027,0.040786340832710266,2.09375,8899,,,,,,
1,0.21559694409370422,0.03786257654428482,1.9765625,8949,,,,,,
1,0.22671428322792053,0.039214279502630234,2.078125,8999,,,,,,
1,0.20475204288959503,0.03287703916430473,1.9140625,9049,,,,,,
1,0.21261394023895264,0.04073894023895264,1.9140625,9099,,,,,,
1,0.2083180695772171,0.0335133820772171,1.9375,9149,,,,,,
1,0.22979237139225006,0.04131581261754036,2.09375,9199,,,,,,
1,0.22867287695407867,0.03629006817936897,2.140625,9249,,,,,,
1,0.23766644299030304,0.04333050921559334,2.15625,9299,,,,,,
1,0.22093690931797028,0.036366596817970276,2.046875,9349,,,,,,
1,0.20193687081336975,0.03494468331336975,1.859375,9399,,,,,,
1,0.20967049896717072,0.035842373967170715,1.9296875,9449,,,,,,
1,0.21082773804664612,0.03797617182135582,1.921875,9499,,,,,,
1,0.1999785304069519,0.031033212319016457,1.875,9549,,,,,,
1,0.2154439240694046,0.0357564277946949,1.9921875,9599,,,,,,
1,0.21200892329216003,0.03525111451745033,1.9609375,9649,,,,,,
1,0.21057476103305817,0.033816948533058167,1.96875,9699,,,,,,
1,0.2170363962650299,0.04027858376502991,1.9609375,9749,,,,,,
1,0.21427103877067566,0.03458354249596596,2.0,9799,,,,,,
1,0.21573621034622192,0.033119022846221924,2.03125,9849,,,,,,
1,0.21778082847595215,0.04102301597595215,1.96875,9899,,,,,,
1,0.21523697674274445,0.035549480468034744,2.0,9949,,,,,,
1,0.20368701219558716,0.03278857469558716,1.8984375,9999,,,,,,
1,0.2214176505804062,0.03587077558040619,2.0625,10049,,,,,,
1,0.2073744684457779,0.028663529083132744,1.984375,10099,,,,,,
1,0.2244541198015213,0.0359775573015213,2.09375,10149,,,,,,
1,0.21042999625205994,0.039531558752059937,1.8984375,10199,,,,,,
1,0.21951168775558472,0.031035132706165314,2.09375,10249,,,,,,
,,,,571,,8.684350967407227,,1.9031012058258057,,75.5
,,,,572,,8.252730369567871,,1.7839804887771606,,72.0
,,,,573,,8.152186393737793,,1.8396865129470825,,70.0
,,,,574,,8.384838104248047,,1.822338581085205,,73.0
,,,,575,,8.828180313110352,,1.8906807899475098,,77.0
,,,,576,,7.855923175811768,,1.7934231758117676,,67.5
,,,,577,,8.408809661865234,,1.8775596618652344,,72.5
,,,,578,,8.391122817993164,,1.8286224603652954,,73.0
,,,,579,,8.435588836669922,,1.873089075088501,,73.0
,,,,580,,8.512425422668457,,1.8561757802963257,,74.0
,,,,581,,8.538839340209961,,1.8200891017913818,,74.5
,,,,582,,7.97813606262207,,1.8531358242034912,,68.0
,,,,583,,8.327600479125977,,1.8588502407073975,,72.0
,,,,584,,8.301076889038086,,1.8635766506195068,,71.5
,,,,585,,7.984841346740723,,1.734841227531433,,69.5
,,,,586,,8.363113403320312,,1.8318638801574707,,72.5
,,,,587,,8.322408676147461,,1.88490891456604,,71.5
,,,,588,,7.89115047454834,,1.7349003553390503,,68.5
,,,,589,,8.927650451660156,,1.8964009284973145,,78.0
,,,,590,,8.24862289428711,,1.8111233711242676,,71.5
,,,,591,,8.131415367126465,,1.8189154863357544,,70.0
,,,,592,,8.642504692077637,,1.8612550497055054,,75.5
,,,,593,,8.248889923095703,,1.7801403999328613,,72.0
,,,,594,,7.944238185882568,,1.8192380666732788,,68.0
,,,,595,,8.327842712402344,,1.859093189239502,,72.0
,,,,596,,7.985257148742676,,1.8290070295333862,,68.5
,,,,597,,7.987215042114258,,1.7684648036956787,,69.0
,,,,598,,8.285091400146484,,1.9100911617279053,,71.0
,,,,599,,8.58413314819336,,1.9278827905654907,,74.0
,,,,600,,7.763733863830566,,1.7637337446212769,,66.5
,,,,601,,8.521896362304688,,1.8656466007232666,,74.0
,,,,602,,8.520883560180664,,1.8021340370178223,,74.5
,,,,603,,7.975515365600586,,1.8192651271820068,,68.5
,,,,604,,8.370586395263672,,1.8080860376358032,,73.0
,,,,605,,8.641443252563477,,1.766442894935608,,76.5
,,,,606,,8.15201187133789,,1.8395121097564697,,70.0
,,,,607,,7.885457992553711,,1.82295823097229,,67.5
,,,,608,,8.504877090454102,,1.8486275672912598,,74.0
,,,,609,,8.174028396606445,,1.8302788734436035,,70.5
,,,,610,,8.281572341918945,,1.8128225803375244,,72.0
,,,,611,,8.006269454956055,,1.850019097328186,,68.5
,,,,612,,8.608651161193848,,1.764901041984558,,76.0
,,,,613,,7.9159345626831055,,1.853434681892395,,67.5
,,,,614,,8.728343963623047,,1.884594440460205,,76.0
,,,,615,,8.512890815734863,,1.794141173362732,,74.5
,,,,616,,8.308774948120117,,1.8400251865386963,,72.0
,,,,617,,8.513882637023926,,1.8576327562332153,,74.0
,,,,618,,8.013248443603516,,1.763248085975647,,69.5
,,,,619,,7.7408246994018555,,1.7408246994018555,,66.5
,,,,620,,7.750375747680664,,1.750375509262085,,66.5
,,,,621,,8.072367668151855,,1.822367787361145,,69.5
,,,,622,,8.206401824951172,,1.8314018249511719,,71.0
,,,,623,,8.268392562866211,,1.92464280128479,,70.5
,,,,624,,8.052756309509277,,1.8027561902999878,,69.5
,,,,625,,8.081526756286621,,1.8315263986587524,,69.5
,,,,626,,8.597567558288574,,1.8475679159164429,,75.0
,,,,627,,8.295559883117676,,1.8268102407455444,,72.0
,,,,628,,8.2621431350708,,1.8246430158615112,,71.5
,,,,629,,8.01168441772461,,1.7929341793060303,,69.0
,,,,630,,8.718026161193848,,1.936776041984558,,75.5
,,,,631,,7.766226291656494,,1.7037262916564941,,67.5
,,,,632,,8.206327438354492,,1.862577199935913,,70.5
,,,,633,,8.010177612304688,,1.760177493095398,,69.5
,,,,634,,8.512842178344727,,1.7628424167633057,,75.0
,,,,635,,8.134262084960938,,1.7905118465423584,,70.5
,,,,636,,8.179210662841797,,1.804210901260376,,71.0
,,,,637,,8.626459121704102,,1.9077095985412598,,74.5
,,,,638,,8.060418128967285,,1.8104184865951538,,69.5
,,,,639,,7.557809829711914,,1.7140599489212036,,65.0
,,,,640,,7.988029956817627,,1.8317800760269165,,68.5
,,,,641,,7.745319366455078,,1.745319128036499,,66.5
,,,,642,,8.089784622192383,,1.7772846221923828,,70.0
,,,,643,,8.10029411315918,,1.7565443515777588,,70.5
,,,,644,,8.448968887329102,,1.8864686489105225,,73.0
,,,,645,,8.491186141967773,,1.8349363803863525,,74.0
,,,,646,,8.102042198181152,,1.7582920789718628,,70.5
,,,,647,,7.899413108825684,,1.7744132280349731,,68.0
,,,,648,,8.307711601257324,,1.8389612436294556,,72.0
,,,,649,,8.164685249328613,,1.789685606956482,,71.0
,,,,650,,8.440794944763184,,1.8157953023910522,,73.5
,,,,651,,8.718894958496094,,1.875144600868225,,76.0
,,,,652,,8.391974449157715,,1.8294740915298462,,73.0
,,,,653,,8.146074295043945,,1.8023240566253662,,70.5
,,,,654,,8.136405944824219,,1.82390558719635,,70.0
,,,,655,,7.951620101928711,,1.79537034034729,,68.5
,,,,656,,8.094258308410645,,1.7192580699920654,,71.0
,,,,657,,8.677803993225098,,1.8340543508529663,,76.0
,,,,658,,8.206966400146484,,1.7694668769836426,,71.5
,,,,659,,8.20210075378418,,1.8583505153656006,,70.5
,,,,660,,8.272412300109863,,1.8349124193191528,,71.5
,,,,661,,8.265549659729004,,1.8905493021011353,,71.0
,,,,662,,8.554444313049316,,1.7731945514678955,,75.5
,,,,663,,8.02161693572998,,1.8028665781021118,,69.0
,,,,664,,8.206656455993652,,1.769156575202942,,71.5
,,,,665,,8.152292251586914,,1.777292013168335,,71.0
,,,,666,,8.036124229431152,,1.7861241102218628,,69.5
,,,,667,,8.118195533752441,,1.8056954145431519,,70.0
,,,,668,,8.69145679473877,,1.84770667552948,,76.0
,,,,669,,8.110170364379883,,1.7664207220077515,,70.5
,,,,670,,7.717165470123291,,1.7796655893325806,,66.0
,,,,671,,8.069140434265137,,1.7566407918930054,,70.0
,,,,672,,8.01398754119873,,1.7639871835708618,,69.5
,,,,673,,7.802382946014404,,1.7711328268051147,,67.0
,,,,674,,8.35118293762207,,1.8199326992034912,,72.5
,,,,675,,8.173805236816406,,1.8300548791885376,,70.5
,,,,676,,8.18905258178711,,1.8453022241592407,,70.5
,,,,677,,8.43818187713623,,1.81318199634552,,73.5
,,,,678,,8.299983024597168,,1.7687329053878784,,72.5
,,,,679,,7.999489784240723,,1.7494895458221436,,69.5
,,,,680,,7.949804306030273,,1.7935545444488525,,68.5
,,,,681,,7.906036853790283,,1.7810368537902832,,68.0
,,,,682,,8.268680572509766,,1.7999308109283447,,72.0
,,,,683,,7.785821914672852,,1.7233216762542725,,67.5
,,,,684,,8.66441535949707,,1.8206653594970703,,76.0
,,,,685,,8.433860778808594,,1.8713607788085938,,73.0
,,,,686,,7.852810382843018,,1.7903103828430176,,67.5
,,,,687,,8.508402824401855,,1.852152705192566,,74.0
,,,,688,,7.858367919921875,,1.795867919921875,,67.5
,,,,689,,8.019434928894043,,1.8006850481033325,,69.0
,,,,690,,7.952545642852783,,1.7962957620620728,,68.5
,,,,691,,8.424043655395508,,1.8615434169769287,,73.0
,,,,692,,8.065837860107422,,1.722088098526001,,70.5
,,,,693,,8.025577545166016,,1.7755776643753052,,69.5
,,,,694,,7.8206963539123535,,1.8206963539123535,,66.5
,,,,695,,8.578691482543945,,1.8286919593811035,,75.0
,,,,696,,8.030435562133789,,1.780435562133789,,69.5
,,,,697,,8.581401824951172,,1.83140230178833,,75.0
,,,,698,,8.139734268188477,,1.827233910560608,,70.0
,,,,699,,8.183371543884277,,1.808371663093567,,71.0
,,,,700,,8.178924560546875,,1.835174322128296,,70.5
,,,,701,,8.159708023071289,,1.78470778465271,,71.0
,,,,702,,8.096260070800781,,1.8462603092193604,,69.5
,,,,703,,8.227561950683594,,1.9150619506835938,,70.0
,,,,704,,8.023894309997559,,1.8676444292068481,,68.5
,,,,705,,7.848276138305664,,1.817025899887085,,67.0
,,,,706,,8.722640991210938,,1.8476414680480957,,76.5
,,,,707,,8.265332221984863,,1.827832579612732,,71.5
,,,,708,,8.191506385803223,,1.8477567434310913,,70.5
,,,,709,,7.52427864074707,,1.8367786407470703,,63.25
,,,,710,,7.807668685913086,,1.745168924331665,,67.5
,,,,711,,8.281744956970215,,1.8442453145980835,,71.5
,,,,712,,8.64766788482666,,1.9289180040359497,,74.5
,,,,713,,8.340496063232422,,1.902996301651001,,71.5
,,,,714,,8.037910461425781,,1.8816609382629395,,68.5
,,,,715,,8.211749076843262,,1.7742494344711304,,71.5
,,,,716,,8.46771240234375,,1.8114620447158813,,74.0
,,,,717,,8.726832389831543,,1.8518320322036743,,76.5
,,,,718,,8.558255195617676,,1.8082553148269653,,75.0
,,,,719,,8.073233604431152,,1.8544832468032837,,69.0
,,,,720,,8.640302658081055,,1.8903026580810547,,75.0
,,,,721,,8.239853858947754,,1.8023537397384644,,71.5
,,,,722,,8.278280258178711,,1.90328049659729,,71.0
,,,,723,,8.623834609985352,,1.7800843715667725,,76.0
,,,,724,,8.258925437927246,,1.8214257955551147,,71.5
,,,,725,,8.214879035949707,,1.8711293935775757,,70.5
,,,,726,,8.309806823730469,,1.841057300567627,,72.0
,,,,727,,8.105464935302734,,1.7929651737213135,,70.0
,,,,728,,8.451345443725586,,1.795095682144165,,74.0
,,,,729,,8.268135070800781,,1.7368850708007812,,72.5
,,,,730,,8.320178985595703,,1.8514286279678345,,72.0
,,,,731,,8.241990089416504,,1.8669904470443726,,71.0
,,,,732,,8.513999938964844,,1.8577499389648438,,74.0
,,,,733,,7.987436771392822,,1.8311868906021118,,68.5
,,,,734,,8.153868675231934,,1.8413687944412231,,70.0
,,,,735,,8.285212516784668,,1.8164626359939575,,72.0
,,,,736,,7.929905414581299,,1.8049054145812988,,68.0
,,,,737,,8.298515319824219,,1.7672655582427979,,72.5
,,,,738,,8.191014289855957,,1.8160146474838257,,71.0
,,,,739,,8.304337501525879,,1.8355873823165894,,72.0
,,,,740,,8.581018447875977,,1.8622682094573975,,74.5
,,,,741,,8.291504859924316,,1.822755217552185,,72.0
,,,,742,,7.972930908203125,,1.816680669784546,,68.5
,,,,743,,8.439992904663086,,1.814993143081665,,73.5
,,,,744,,8.43643569946289,,1.7801856994628906,,74.0
,,,,745,,8.059647560119629,,1.8096479177474976,,69.5
,,,,746,,7.366217613220215,,1.7412174940109253,,62.5
,,,,747,,8.225093841552734,,1.7875938415527344,,71.5
,,,,748,,7.886548042297363,,1.8240479230880737,,67.5
,,,,749,,8.492260932922363,,1.8360108137130737,,74.0
,,,,750,,8.369741439819336,,1.838491678237915,,72.5
,,,,751,,8.765844345092773,,1.9220945835113525,,76.0
,,,,752,,8.726259231567383,,1.7575091123580933,,77.5
,,,,753,,8.435750961303711,,1.77950119972229,,74.0
,,,,754,,8.512624740600586,,1.793874979019165,,74.5
,,,,755,,8.032967567443848,,1.7829679250717163,,69.5
,,,,756,,8.069072723388672,,1.7565730810165405,,70.0
,,,,757,,8.177876472473145,,1.834126353263855,,70.5
,,,,758,,8.143484115600586,,1.8309838771820068,,70.0
,,,,759,,7.930294513702393,,1.7740446329116821,,68.5
,,,,760,,7.800567626953125,,1.800567626953125,,66.5
,,,,761,,8.302912712097168,,1.8341625928878784,,72.0
,,,,762,,8.513301849365234,,1.8883018493652344,,73.5
,,,,763,,8.690753936767578,,1.8470039367675781,,76.0
,,,,764,,8.19471263885498,,1.75721275806427,,71.5
,,,,765,,7.995633602142334,,1.7456334829330444,,69.5
,,,,766,,7.928770542144775,,1.803770661354065,,68.0
,,,,767,,8.237326622009277,,1.768576979637146,,72.0
,,,,768,,8.214158058166504,,1.8391584157943726,,71.0
,,,,769,,8.44094467163086,,1.8159444332122803,,73.5
,,,,770,,8.530803680419922,,1.87455415725708,,74.0
,,,,771,,7.854160785675049,,1.8229107856750488,,67.0
,,,,772,,8.119747161865234,,1.8072468042373657,,70.0
,,,,773,,8.453691482543945,,1.8286919593811035,,73.5
,,,,774,,8.3294677734375,,1.8919677734375,,71.5
,,,,775,,8.402417182922363,,1.8399170637130737,,73.0
,,,,776,,8.320577621459961,,1.88307785987854,,71.5
,,,,777,,8.655013084411621,,1.8112632036209106,,76.0
,,,,778,,8.197843551635742,,1.885343313217163,,70.0
,,,,779,,8.117194175720215,,1.7734445333480835,,70.5
,,,,780,,8.47259521484375,,1.847595453262329,,73.5
,,,,781,,8.418079376220703,,1.8868293762207031,,72.5
,,,,782,,8.502225875854492,,1.7834763526916504,,74.5
,,,,783,,8.462139129638672,,1.8058891296386719,,74.0
,,,,784,,7.913138389587402,,1.8506382703781128,,67.5
,,,,785,,8.285149574279785,,1.8163992166519165,,72.0
,,,,786,,7.861593246459961,,1.799093246459961,,67.5
,,,,787,,7.682396411895752,,1.838646411895752,,65.0
,,,,788,,8.591029167175293,,1.8410292863845825,,75.0
,,,,789,,8.344249725341797,,1.906749963760376,,71.5
,,,,790,,8.362161636352539,,1.8309118747711182,,72.5
,,,,791,,8.44403076171875,,1.7877812385559082,,74.0
,,,,792,,7.880313873291016,,1.7553136348724365,,68.0
,,,,793,,8.55569839477539,,1.8056988716125488,,75.0
,,,,794,,8.597528457641602,,1.8475282192230225,,75.0
,,,,795,,8.308952331542969,,1.7777019739151,,72.5
,,,,796,,8.288776397705078,,1.851276159286499,,71.5
,,,,797,,8.558841705322266,,1.7775918245315552,,75.5
,,,,798,,8.348916053771973,,1.7864161729812622,,73.0
,,,,799,,8.237625122070312,,1.8001255989074707,,71.5
,,,,800,,8.230737686157227,,1.7619879245758057,,72.0
,,,,801,,8.427940368652344,,1.7716902494430542,,74.0
,,,,802,,8.131463050842285,,1.7877126932144165,,70.5
,,,,803,,8.888962745666504,,1.8264628648757935,,78.5
,,,,804,,8.853151321411133,,1.8219010829925537,,78.0
,,,,805,,8.085169792175293,,1.7726694345474243,,70.0
,,,,806,,8.314949035644531,,1.7836995124816895,,72.5
,,,,807,,8.296250343322754,,1.8275002241134644,,72.0
,,,,808,,8.769686698913574,,1.8321863412857056,,77.0
,,,,809,,7.9882354736328125,,1.8632354736328125,,68.0
,,,,810,,8.128189086914062,,1.8781890869140625,,69.5
,,,,811,,8.041260719299316,,1.822510838508606,,69.0
,,,,812,,8.776819229125977,,1.8080692291259766,,77.5
,,,,813,,8.210058212280273,,1.8350584506988525,,71.0
,,,,814,,8.020646095275879,,1.770646095275879,,69.5
,,,,815,,8.110503196716309,,1.7980033159255981,,70.0
,,,,816,,9.206124305725098,,1.8311246633529663,,82.0
,,,,817,,8.612698554992676,,1.8626984357833862,,75.0
,,,,818,,8.19009017944336,,1.8775901794433594,,70.0
,,,,819,,8.494400024414062,,1.8694000244140625,,73.5
,,,,820,,8.55028247833252,,1.92528235912323,,73.5
,,,,821,,8.023171424865723,,1.804421305656433,,69.0
,,,,822,,8.06998348236084,,1.8512333631515503,,69.0
,,,,823,,8.819172859191895,,1.7566726207733154,,78.5
,,,,824,,8.224017143249512,,1.849016785621643,,71.0
,,,,825,,8.126651763916016,,1.782901406288147,,70.5
,,,,826,,8.140276908874512,,1.7965267896652222,,70.5
,,,,827,,8.003887176513672,,1.87888765335083,,68.0
,,,,828,,8.14535903930664,,1.8328588008880615,,70.0
,,,,829,,7.925764083862305,,1.8007638454437256,,68.0
,,,,830,,8.596686363220215,,1.8466864824295044,,75.0
,,,,831,,8.212451934814453,,1.8374519348144531,,71.0
,,,,832,,8.173523902893066,,1.7985235452651978,,71.0
,,,,833,,7.832446575164795,,1.8949466943740845,,66.0
,,,,834,,8.155263900756836,,1.842764139175415,,70.0
,,,,835,,8.575489044189453,,1.8567390441894531,,74.5
,,,,836,,8.662429809570312,,1.7874302864074707,,76.5
,,,,837,,7.708709239959717,,1.7712091207504272,,66.0
,,,,838,,8.150861740112305,,1.838361382484436,,70.0
,,,,839,,8.250840187072754,,1.8133405447006226,,71.5
,,,,840,,8.10359001159668,,1.8535902500152588,,69.5
,,,,841,,8.131574630737305,,1.9128246307373047,,69.0
,,,,842,,7.972335338592529,,1.8160854578018188,,68.5
,,,,843,,8.553631782531738,,1.9286316633224487,,73.5
,,,,844,,8.756473541259766,,1.8814740180969238,,76.5
,,,,845,,8.01602840423584,,1.7660281658172607,,69.5
,,,,846,,8.190381050109863,,1.8153806924819946,,71.0
,,,,847,,8.29004955291748,,1.82129967212677,,72.0
,,,,848,,7.994653224945068,,1.7759031057357788,,69.0
,,,,849,,8.317169189453125,,1.8796696662902832,,71.5
,,,,850,,8.209460258483887,,1.7719603776931763,,71.5
,,,,851,,8.221367835998535,,1.8463677167892456,,71.0
,,,,852,,7.924609184265137,,1.7683594226837158,,68.5
,,,,853,,8.003043174743652,,1.846793293952942,,68.5
,,,,854,,8.114638328552246,,1.8021379709243774,,70.0
,,,,855,,8.134242057800293,,1.8217417001724243,,70.0
,,,,856,,7.836795806884766,,1.8055460453033447,,67.0
,,,,857,,8.326611518859863,,1.7953611612319946,,72.5
,,,,858,,8.410445213317871,,1.8791953325271606,,72.5
,,,,859,,8.160816192626953,,1.8483161926269531,,70.0
,,,,860,,8.237442970275879,,1.7999433279037476,,71.5
,,,,861,,8.432014465332031,,1.8695149421691895,,73.0
,,,,862,,8.398792266845703,,1.8675419092178345,,72.5
,,,,863,,7.883657455444336,,1.8524072170257568,,67.0
,,,,864,,7.917259693145752,,1.7610095739364624,,68.5
,,,,865,,8.213643074035645,,1.838642954826355,,71.0
,,,,866,,8.154224395751953,,1.8104740381240845,,70.5
,,,,867,,8.199865341186523,,1.8248651027679443,,71.0
,,,,868,,8.431014060974121,,1.8060144186019897,,73.5
,,,,869,,8.469154357910156,,1.8129048347473145,,74.0
,,,,870,,8.619977951049805,,1.8387277126312256,,75.5
,,,,871,,7.940145492553711,,1.721395492553711,,69.0
,,,,872,,8.271106719970703,,1.8336071968078613,,71.5
,,,,873,,8.216248512268066,,1.841248631477356,,71.0
,,,,874,,8.73497200012207,,1.7974717617034912,,77.0
,,,,875,,8.15137004852295,,1.8388701677322388,,70.0
,,,,876,,8.324950218200684,,1.8874505758285522,,71.5
,,,,877,,8.846569061279297,,1.8778187036514282,,77.5
,,,,878,,8.28750228881836,,1.8500027656555176,,71.5
,,,,879,,8.02707290649414,,1.8708229064941406,,68.5
,,,,880,,7.854886054992676,,1.8548859357833862,,66.5
,,,,881,,8.38831615447998,,1.825816035270691,,73.0
,,,,882,,8.608449935913086,,1.8584504127502441,,75.0
,,,,883,,7.856088638305664,,1.824838399887085,,67.0
,,,,884,,7.760354995727539,,1.72910475730896,,67.0
,,,,885,,8.10242748260498,,1.78992760181427,,70.0
,,,,886,,8.427967071533203,,1.8029667139053345,,73.5
,,,,887,,8.231143951416016,,1.7936441898345947,,71.5
,,,,888,,8.088855743408203,,1.8388553857803345,,69.5
,,,,889,,8.362749099731445,,1.8002493381500244,,73.0
,,,,890,,8.718865394592285,,1.8751157522201538,,76.0
,,,,891,,8.35103988647461,,1.8197895288467407,,72.5
,,,,892,,8.061726570129395,,1.8117262125015259,,69.5
,,,,893,,8.297063827514648,,1.8283138275146484,,72.0
,,,,894,,7.788281440734863,,1.7882815599441528,,66.5
,,,,895,,7.5049967765808105,,1.7549968957901,,64.0
,,,,896,,8.235629081726074,,1.7981289625167847,,71.5
,,,,897,,8.709681510925293,,1.8659318685531616,,76.0
,,,,898,,8.517351150512695,,1.7986009120941162,,74.5
,,,,899,,7.992556095123291,,1.8363062143325806,,68.5
,,,,900,,8.606231689453125,,1.824981451034546,,75.5
,,,,901,,8.614147186279297,,1.7703973054885864,,76.0
,,,,902,,7.827639102935791,,1.7963892221450806,,67.0
,,,,903,,8.378345489501953,,1.8158451318740845,,73.0
,,,,904,,8.694531440734863,,1.9132813215255737,,75.5
,,,,905,,8.519098281860352,,1.8003485202789307,,74.5
,,,,906,,8.142525672912598,,1.798775553703308,,70.5
,,,,907,,8.108851432800293,,1.7963510751724243,,70.0
,,,,908,,7.852128505706787,,1.8208786249160767,,67.0
,,,,909,,8.037921905517578,,1.8191721439361572,,69.0
,,,,910,,8.66481876373291,,1.8210691213607788,,76.0
,,,,911,,8.390838623046875,,1.828338623046875,,73.0
,,,,912,,8.506996154785156,,1.8819957971572876,,73.5
,,,,913,,8.651155471801758,,1.7761553525924683,,76.5
,,,,914,,8.691068649291992,,1.753568410873413,,77.0
,,,,915,,8.001363754272461,,1.78261399269104,,69.0
,,,,916,,7.894639015197754,,1.8321388959884644,,67.5
,,,,917,,8.25979232788086,,1.8847928047180176,,71.0
,,,,918,,8.480899810791016,,1.8559002876281738,,73.5
,,,,919,,8.359617233276367,,1.7971172332763672,,73.0
,,,,920,,8.408455848693848,,1.8772062063217163,,72.5
,,,,921,,8.352867126464844,,1.7903671264648438,,73.0
,,,,922,,8.085541725158691,,1.74179208278656,,70.5
,,,,923,,8.484448432922363,,1.7344481945037842,,75.0
,,,,924,,8.5610990524292,,1.8110986948013306,,75.0
,,,,925,,8.25473403930664,,1.7859840393066406,,72.0
,,,,926,,8.213475227355957,,1.7447251081466675,,72.0
,,,,927,,8.70064640045166,,1.8568962812423706,,76.0
,,,,928,,8.046332359313965,,1.8275820016860962,,69.0
,,,,929,,8.526779174804688,,1.8080294132232666,,74.5
,,,,930,,8.4135160446167,,1.8510156869888306,,73.0
,,,,931,,8.215975761413574,,1.9034754037857056,,70.0
,,,,932,,8.066703796386719,,1.816704273223877,,69.5
,,,,933,,8.157058715820312,,1.8133087158203125,,70.5
,,,,934,,8.013474464416504,,1.7947241067886353,,69.0
,,,,935,,8.264503479003906,,1.8270031213760376,,71.5
,,,,936,,8.458871841430664,,1.833871603012085,,73.5
,,,,937,,8.393390655517578,,1.8308902978897095,,73.0
,,,,938,,8.121819496154785,,1.8093193769454956,,70.0
,,,,939,,8.53705883026123,,1.88080894947052,,74.0
,,,,940,,8.609407424926758,,1.765657901763916,,76.0
,,,,941,,8.38662338256836,,1.7303730249404907,,74.0
,,,,942,,8.734115600585938,,1.8903656005859375,,76.0
,,,,943,,8.080375671386719,,1.830376148223877,,69.5
,,,,944,,7.977547645568848,,1.7587976455688477,,69.0
,,,,945,,8.313572883605957,,1.8760725259780884,,71.5
,,,,946,,7.860538482666016,,1.7980382442474365,,67.5
,,,,947,,8.61681079864502,,1.8355611562728882,,75.5
,,,,948,,8.415738105773926,,1.7907377481460571,,73.5
,,,,949,,8.192381858825684,,1.848631739616394,,70.5
,,,,950,,8.853254318237305,,1.822003960609436,,78.0
,,,,951,,8.158710479736328,,1.8149604797363281,,70.5
,,,,952,,8.381505012512207,,1.8502553701400757,,72.5
,,,,953,,8.733320236206055,,1.8583199977874756,,76.5
,,,,954,,7.86590576171875,,1.834656000137329,,67.0
,,,,955,,8.070174217224121,,1.7576738595962524,,70.0
,,,,956,,8.044129371643066,,1.7941292524337769,,69.5
,,,,957,,8.364110946655273,,1.8328605890274048,,72.5
,,,,958,,7.853959083557129,,1.8227092027664185,,67.0
,,,,959,,8.187384605407715,,1.8748847246170044,,70.0
,,,,960,,8.397174835205078,,1.8346753120422363,,73.0
,,,,961,,8.477341651916504,,1.8523420095443726,,73.5
,,,,962,,8.53271198272705,,1.8139621019363403,,74.5
,,,,963,,8.282094955444336,,1.8445947170257568,,71.5
,,,,964,,8.45778751373291,,1.8327873945236206,,73.5
,,,,965,,8.374530792236328,,1.8120307922363281,,73.0
,,,,966,,8.062941551208496,,1.8129416704177856,,69.5
,,,,967,,8.382871627807617,,1.851621389389038,,72.5
,,,,968,,8.388715744018555,,1.8262155055999756,,73.0
,,,,969,,8.183882713317871,,1.8401323556900024,,70.5
,,,,970,,8.184926986694336,,1.872427225112915,,70.0
,,,,971,,8.177400588989258,,1.833650827407837,,70.5
,,,,972,,8.211567878723145,,1.867817759513855,,70.5
,,,,973,,7.8954057693481445,,1.770405888557434,,68.0
,,,,974,,8.352951049804688,,1.8842006921768188,,72.0
,,,,975,,8.475637435913086,,1.850637674331665,,73.5
,,,,976,,7.761988639831543,,1.8244887590408325,,66.0
,,,,977,,8.089561462402344,,1.8708112239837646,,69.0
,,,,978,,7.8444342613220215,,1.781934142112732,,67.5
,,,,979,,8.153132438659668,,1.8406323194503784,,70.0
,,,,980,,8.250328063964844,,1.8753283023834229,,71.0
,,,,981,,8.251705169677734,,1.7829549312591553,,72.0
,,,,982,,8.279092788696289,,1.8415932655334473,,71.5
,,,,983,,8.220410346984863,,1.8454102277755737,,71.0
,,,,984,,8.316518783569336,,1.8790185451507568,,71.5
,,,,985,,8.575202941894531,,1.8252034187316895,,75.0
,,,,986,,8.15198802947998,,1.80823814868927,,70.5
,,,,987,,7.812369346618652,,1.8123692274093628,,66.5
,,,,988,,7.706998825073242,,1.7069988250732422,,66.5
,,,,989,,8.204383850097656,,1.8606343269348145,,70.5
,,,,990,,8.614192962646484,,1.8641926050186157,,75.0
,,,,991,,7.83595609664917,,1.8047062158584595,,67.0
,,,,992,,8.269243240356445,,1.8004930019378662,,72.0
,,,,993,,8.102012634277344,,1.852013111114502,,69.5
,,,,994,,8.224830627441406,,1.8810808658599854,,70.5
,,,,995,,8.543453216552734,,1.9184532165527344,,73.5
,,,,996,,8.318860054016113,,1.8501099348068237,,72.0
,,,,997,,7.855022430419922,,1.8237724304199219,,67.0
,,,,998,,8.129840850830078,,1.8173413276672363,,70.0
,,,,999,,8.147856712341309,,1.77285635471344,,71.0
,,,,1000,,8.421379089355469,,1.8588790893554688,,73.0
,,,,1001,,8.470008850097656,,1.7512584924697876,,74.5
,,,,1002,,8.276814460754395,,1.808064341545105,,72.0
,,,,1003,,8.53023624420166,,1.8739866018295288,,74.0
,,,,1004,,8.260639190673828,,1.8231391906738281,,71.5
,,,,1005,,7.8641743659973145,,1.8016743659973145,,67.5
,,,,1006,,7.881869792938232,,1.8193696737289429,,67.5
,,,,1007,,8.722146034240723,,1.8783963918685913,,76.0
,,,,1008,,8.930323600769043,,1.8990734815597534,,78.0
,,,,1009,,8.22136116027832,,1.8463609218597412,,71.0
,,,,1010,,8.025446891784668,,1.7754467725753784,,69.5
,,,,1011,,7.666375160217285,,1.7601252794265747,,65.5
,,,,1012,,8.008672714233398,,1.8524227142333984,,68.5
,,,,1013,,8.068925857543945,,1.8189260959625244,,69.5
,,,,1014,,8.40722370147705,,1.8759740591049194,,72.5
,,,,1015,,8.195993423461914,,1.820993185043335,,71.0
,,,,1016,,7.90733003616333,,1.84483003616333,,67.5
,,,,1017,,8.275201797485352,,1.8377020359039307,,71.5
,,,,1018,,8.30091381072998,,1.7696641683578491,,72.5
,,,,1019,,8.041275978088379,,1.7912760972976685,,69.5
,,,,1020,,8.988235473632812,,1.8632359504699707,,79.0
,,,,1021,,8.244840621948242,,1.8698406219482422,,71.0
,,,,1022,,7.739668846130371,,1.7396687269210815,,66.5
,,,,1023,,8.33540153503418,,1.804151177406311,,72.5
,,,,1024,,8.174464225769043,,1.7994638681411743,,71.0
,,,,1025,,7.806454181671143,,1.7752041816711426,,67.0
,,,,1026,,8.422066688537598,,1.797066569328308,,73.5
,,,,1027,,8.332740783691406,,1.8639907836914062,,72.0
,,,,1028,,8.073226928710938,,1.7294772863388062,,70.5
,,,,1029,,7.95612907409668,,1.7998793125152588,,68.5
,,,,1030,,7.5789313316345215,,1.766431450843811,,64.5
,,,,1031,,8.252208709716797,,1.8147083520889282,,71.5
,,,,1032,,8.680912971496582,,1.8371633291244507,,76.0
,,,,1033,,8.350797653198242,,1.882047414779663,,72.0
,,,,1034,,8.465921401977539,,1.8096716403961182,,74.0
,,,,1035,,8.385129928588867,,1.853879690170288,,72.5
,,,,1036,,8.065067291259766,,1.815066933631897,,69.5
,,,,1037,,8.124573707580566,,1.812074065208435,,70.0
,,,,1038,,8.104629516601562,,1.7921295166015625,,70.0
,,,,1039,,8.162375450134277,,1.8186250925064087,,70.5
,,,,1040,,8.362076759338379,,1.8308268785476685,,72.5
,,,,1041,,8.052152633666992,,1.8021528720855713,,69.5
,,,,1042,,8.301274299621582,,1.8325244188308716,,72.0
,,,,1043,,8.712641716003418,,1.8376413583755493,,76.5
,,,,1044,,8.040477752685547,,1.7904777526855469,,69.5
,,,,1045,,8.408239364624023,,1.8457391262054443,,73.0
,,,,1046,,8.218364715576172,,1.7808647155761719,,71.5
,,,,1047,,8.548891067504883,,1.798891544342041,,75.0
,,,,1048,,8.1422700881958,,1.7672704458236694,,71.0
,,,,1049,,8.103734970092773,,1.7599847316741943,,70.5
,,,,1050,,8.096014976501465,,1.7522646188735962,,70.5
,,,,1051,,8.468598365783691,,1.7498480081558228,,74.5
,,,,1052,,8.143733024597168,,1.8937326669692993,,69.5
,,,,1053,,8.354913711547852,,1.886163353919983,,72.0
,,,,1054,,8.075386047363281,,1.8253865242004395,,69.5
,,,,1055,,7.891475677490234,,1.7664754390716553,,68.0
,,,,1056,,8.53378963470459,,1.9087895154953003,,73.5
,,,,1057,,8.143167495727539,,1.768167495727539,,71.0
,,,,1058,,8.349905014038086,,1.8811547756195068,,72.0
,,,,1059,,7.956416130065918,,1.8001662492752075,,68.5
,,,,1060,,8.49655532836914,,1.871554970741272,,73.5
,,,,1061,,8.022969245910645,,1.8042196035385132,,69.0
,,,,1062,,8.311592102050781,,1.7803418636322021,,72.5
,,,,1063,,7.8095550537109375,,1.7783050537109375,,67.0
,,,,1064,,8.340455055236816,,1.8092049360275269,,72.5
,,,,1065,,8.378548622131348,,1.816048502922058,,73.0
,,,,1066,,7.8812079429626465,,1.724958062171936,,68.5
,,,,1067,,7.675851821899414,,1.7696020603179932,,65.5
,,,,1068,,8.16159725189209,,1.8178476095199585,,70.5
,,,,1069,,8.51675033569336,,1.8604999780654907,,74.0
,,,,1070,,8.184454917907715,,1.8407047986984253,,70.5
,,,,1071,,8.19437026977539,,1.8818702697753906,,70.0
,,,,1072,,8.115805625915527,,1.7408052682876587,,71.0
,,,,1073,,7.8427734375,,1.780273675918579,,67.5
,,,,1074,,8.069535255432129,,1.8195353746414185,,69.5
,,,,1075,,8.301749229431152,,1.832999348640442,,72.0
,,,,1076,,8.064472198486328,,1.8144721984863281,,69.5
,,,,1077,,7.753973484039307,,1.8164736032485962,,66.0
,,,,1078,,8.869677543640137,,1.8071776628494263,,78.5
,,,,1079,,7.852992057800293,,1.7904921770095825,,67.5
,,,,1080,,8.395297050476074,,1.8327971696853638,,73.0
,,,,1081,,8.289880752563477,,1.8211305141448975,,72.0
,,,,1082,,7.933805465698242,,1.8713057041168213,,67.5
,,,,1083,,8.319367408752441,,1.8506172895431519,,72.0
,,,,1084,,8.37902545928955,,1.9102751016616821,,72.0
,,,,1085,,8.413105010986328,,1.8506050109863281,,73.0
,,,,1086,,7.863705158233643,,1.8012051582336426,,67.5
,,,,1087,,8.033828735351562,,1.8150789737701416,,69.0
,,,,1088,,8.280704498291016,,1.811954140663147,,72.0
,,,,1089,,8.388846397399902,,1.8263460397720337,,73.0
,,,,1090,,8.41994571685791,,1.8574458360671997,,73.0
,,,,1091,,8.384851455688477,,1.8536016941070557,,72.5
,,,,1092,,7.851710319519043,,1.7267100811004639,,68.0
,,,,1093,,8.136902809143066,,1.8244026899337769,,70.0
,,,,1094,,8.868311882019043,,1.9308120012283325,,77.0
,,,,1095,,8.375049591064453,,1.8125500679016113,,73.0
,,,,1096,,8.16608715057373,,1.79108726978302,,71.0
,,,,1097,,8.403166770935059,,1.8406671285629272,,73.0
,,,,1098,,8.047073364257812,,1.7970738410949707,,69.5
,,,,1099,,7.856895446777344,,1.8568954467773438,,66.5
,,,,1100,,7.947289943695068,,1.7910398244857788,,68.5
,,,,1101,,8.311095237731934,,1.8423455953598022,,72.0
,,,,1102,,7.986143589019775,,1.8298935890197754,,68.5
,,,,1103,,8.62637996673584,,1.8763803243637085,,75.0
,,,,1104,,8.415767669677734,,1.7907679080963135,,73.5
,,,,1105,,8.176262855529785,,1.8012627363204956,,71.0
,,,,1106,,8.321239471435547,,1.7899892330169678,,72.5
,,,,1107,,7.906716346740723,,1.8442164659500122,,67.5
,,,,1108,,8.38427734375,,1.8530269861221313,,72.5
,,,,1109,,7.982168197631836,,1.825918197631836,,68.5
,,,,1110,,7.972353935241699,,1.8161040544509888,,68.5
,,,,1111,,8.404069900512695,,1.7790695428848267,,73.5
,,,,1112,,8.035332679748535,,1.9103330373764038,,68.0
,,,,1113,,7.611270427703857,,1.767520546913147,,65.0
,,,,1114,,8.10601806640625,,1.85601806640625,,69.5
,,,,1115,,8.110036849975586,,1.7975364923477173,,70.0
,,,,1116,,8.455571174621582,,1.7993215322494507,,74.0
,,,,1117,,8.595882415771484,,1.8771320581436157,,74.5
,,,,1118,,8.054275512695312,,1.8042752742767334,,69.5
,,,,1119,,8.396164894104004,,1.7711646556854248,,73.5
,,,,1120,,8.127121925354004,,1.7833718061447144,,70.5
,,,,1121,,8.652182579040527,,1.902182698249817,,75.0
,,,,1122,,7.671807289123535,,1.7655571699142456,,65.5
,,,,1123,,8.37527084350586,,1.8127708435058594,,73.0
,,,,1124,,8.247440338134766,,1.8099408149719238,,71.5
,,,,1125,,8.314827919006348,,1.939827799797058,,71.0
,,,,1126,,8.352375984191895,,1.821125864982605,,72.5
,,,,1127,,8.147944450378418,,1.7729440927505493,,71.0
,,,,1128,,8.03709888458252,,1.8183492422103882,,69.0
,,,,1129,,8.697986602783203,,1.8542362451553345,,76.0
,,,,1130,,7.746547222137451,,1.8090473413467407,,66.0
,,,,1131,,8.078145980834961,,1.8281457424163818,,69.5
,,,,1132,,8.534089088439941,,1.877839207649231,,74.0
,,,,1133,,8.217985153198242,,1.7492347955703735,,72.0
,,,,1134,,8.34959602355957,,1.8183465003967285,,72.5
,,,,1135,,7.978626251220703,,1.8223762512207031,,68.5
,,,,1136,,8.591148376464844,,1.8411486148834229,,75.0
,,,,1137,,8.801380157470703,,1.8326301574707031,,77.5
,,,,1138,,8.156006813049316,,1.7810064554214478,,71.0
,,,,1139,,8.395057678222656,,1.8638073205947876,,72.5
,,,,1140,,8.203076362609863,,1.828076720237732,,71.0
,,,,1141,,7.86475944519043,,1.8022594451904297,,67.5
1,,,,10275,8.241360664367676,,1.821225881576538,,71.3449935913086,
2,0.21567246317863464,0.03598496690392494,1.9921875,10299,,,,,,
2,0.20055893063545227,0.028683925047516823,1.90625,10349,,,,,,
2,0.2061147689819336,0.03423977643251419,1.9140625,10399,,,,,,
2,0.20446141064167023,0.030633291229605675,1.9296875,10449,,,,,,
2,0.2212756872177124,0.033775683492422104,2.078125,10499,,,,,,
2,0.19850771129131317,0.028585830703377724,1.890625,10549,,,,,,
2,0.21025803685188293,0.025687729939818382,2.046875,10599,,,,,,
2,0.21135114133358002,0.03654645010828972,1.9453125,10649,,,,,,
2,0.20504020154476166,0.03023551218211651,1.9375,10699,,,,,,
2,0.20916548371315002,0.030454542487859726,1.984375,10749,,,,,,
2,0.1949540227651596,0.030891528353095055,1.828125,10799,,,,,,
2,0.20025621354579926,0.027404656633734703,1.921875,10849,,,,,,
2,0.1978195160627365,0.02594452165067196,1.9140625,10899,,,,,,
2,0.21132123470306396,0.03163372725248337,1.9921875,10949,,,,,,
2,0.20897860825061798,0.02929111383855343,2.0,10999,,,,,,
2,0.19984641671180725,0.025041723623871803,1.9453125,11049,,,,,,
2,0.21002770960330963,0.030340204015374184,2.0,11099,,,,,,
2,0.20138078927993774,0.03341203182935715,1.8671875,11149,,,,,,
2,0.18717052042484283,0.025061139836907387,1.796875,11199,,,,,,
2,0.2082638144493103,0.035412248224020004,1.921875,11249,,,,,,
2,0.21153369545936584,0.028916504234075546,2.03125,11299,,,,,,
2,0.20065253973007202,0.027800971642136574,1.921875,11349,,,,,,
2,0.20370827615261078,0.02695046365261078,1.96875,11399,,,,,,
2,0.2005271315574646,0.027675572782754898,1.921875,11449,,,,,,
2,0.215972900390625,0.028472894802689552,2.078125,11499,,,,,,
2,0.18476256728172302,0.025582879781723022,1.7734375,11549,,,,,,
2,0.2029704749584198,0.0310954786837101,1.90625,11599,,,,,,
2,0.20751473307609558,0.02489754743874073,2.03125,11649,,,,,,
2,0.20362207293510437,0.03370020538568497,1.8828125,11699,,,,,,
2,0.19911131262779236,0.02528318203985691,1.9296875,11749,,,,,,
2,0.20590735971927643,0.027196424081921577,1.984375,11799,,,,,,
2,0.19085566699504852,0.026793165132403374,1.828125,11849,,,,,,
2,0.18900147080421448,0.022009290754795074,1.8515625,11899,,,,,,
2,0.21534301340579987,0.027843011543154716,2.078125,11949,,,,,,
2,0.18759924173355103,0.020607057958841324,1.859375,11999,,,,,,
2,0.18589754402637482,0.026717858389019966,1.765625,12049,,,,,,
2,0.20355890691280365,0.0297307837754488,1.9296875,12099,,,,,,
2,0.19165641069412231,0.027593910694122314,1.828125,12149,,,,,,
2,0.20629668235778809,0.03344512730836868,1.921875,12199,,,,,,
2,0.18236996233463287,0.021237146109342575,1.7890625,12249,,,,,,
2,0.21548180282115936,0.029934925958514214,2.0625,12299,,,,,,
2,0.21164317429065704,0.02902599237859249,2.03125,12349,,,,,,
2,0.1924910843372345,0.029405154287815094,1.8125,12399,,,,,,
2,0.18335874378681183,0.02417905069887638,1.7734375,12449,,,,,,
2,0.19630131125450134,0.02540288120508194,1.8984375,12499,,,,,,
2,0.19231845438480377,0.026302823796868324,1.84375,12549,,,,,,
2,0.19423210620880127,0.028216488659381866,1.84375,12599,,,,,,
2,0.2020537257194519,0.030178725719451904,1.9140625,12649,,,,,,
2,0.19724372029304504,0.027321845293045044,1.8828125,12699,,,,,,
2,0.18955248594284058,0.023536857217550278,1.84375,12749,,,,,,
2,0.19682492315769196,0.023973355069756508,1.921875,12799,,,,,,
2,0.207891047000885,0.023320727050304413,2.046875,12849,,,,,,
2,0.18655064702033997,0.025417828932404518,1.7890625,12899,,,,,,
2,0.20260830223560333,0.030733300372958183,1.9140625,12949,,,,,,
2,0.19426849484443665,0.024346623569726944,1.890625,12999,,,,,,
2,0.19635161757469177,0.024476610124111176,1.90625,13049,,,,,,
2,0.17858006060123444,0.026236312463879585,1.6875,13099,,,,,,
2,0.20021477341651917,0.026386642828583717,1.9296875,13149,,,,,,
2,0.18832752108573914,0.026218149811029434,1.796875,13199,,,,,,
2,0.20054398477077484,0.02085648849606514,1.9921875,13249,,,,,,
2,0.18341843783855438,0.026191875338554382,1.75,13299,,,,,,
2,0.18789051473140717,0.028710832819342613,1.7734375,13349,,,,,,
2,0.20197108387947083,0.025213267654180527,1.9609375,13399,,,,,,
2,0.18278053402900696,0.02262428030371666,1.78125,13449,,,,,,
2,0.1984003484249115,0.0323847196996212,1.84375,13499,,,,,,
2,0.18960508704185486,0.02749571204185486,1.796875,13549,,,,,,
2,0.1899939328432083,0.02593143843114376,1.828125,13599,,,,,,
2,0.18750475347042084,0.02930162288248539,1.7578125,13649,,,,,,
2,0.1979185938835144,0.026043601334095,1.9140625,13699,,,,,,
2,0.17782087624073029,0.025477128103375435,1.6953125,13749,,,,,,
2,0.18390317261219025,0.0257000420242548,1.7578125,13799,,,,,,
2,0.1952117383480072,0.0282195582985878,1.8515625,13849,,,,,,
2,0.1844826638698578,0.02627953328192234,1.7578125,13899,,,,,,
2,0.19924846291542053,0.02835003286600113,1.8984375,13949,,,,,,
2,0.18924878537654877,0.028115971013903618,1.7890625,13999,,,,,,
2,0.19574877619743347,0.021920647472143173,1.9296875,14049,,,,,,
2,0.18777331709861755,0.02273426204919815,1.8359375,14099,,,,,,
2,0.20062464475631714,0.02777308039367199,1.921875,14149,,,,,,
2,0.18075761198997498,0.028413856402039528,1.6875,14199,,,,,,
2,0.19888156652450562,0.024076882749795914,1.9453125,14249,,,,,,
2,0.20884303748607635,0.035991471260786057,1.921875,14299,,,,,,
2,0.19748076796531677,0.025605762377381325,1.9140625,14349,,,,,,
2,0.19098380208015442,0.022038482129573822,1.875,14399,,,,,,
2,0.1868758350610733,0.022813329473137856,1.8203125,14449,,,,,,
2,0.17708179354667664,0.022784925997257233,1.7109375,14499,,,,,,
2,0.20140020549297333,0.032454896718263626,1.875,14549,,,,,,
2,0.1963251531124115,0.026403285562992096,1.8828125,14599,,,,,,
2,0.18173857033252716,0.02158232033252716,1.78125,14649,,,,,,
2,0.176416277885437,0.02211940288543701,1.71875,14699,,,,,,
2,0.17982664704322815,0.02357664704322815,1.734375,14749,,,,,,
2,0.19149534404277802,0.024503154680132866,1.859375,14799,,,,,,
2,0.1884899139404297,0.029310230165719986,1.7734375,14849,,,,,,
2,0.17495526373386383,0.02065839059650898,1.7109375,14899,,,,,,
2,0.17985208332538605,0.0245786402374506,1.7265625,14949,,,,,,
2,0.1748046875,0.0205078125,1.7109375,14999,,,,,,
2,0.17912431061267853,0.02482743002474308,1.7109375,15049,,,,,,
2,0.18526208400726318,0.021199580281972885,1.8203125,15099,,,,,,
2,0.1799861043691635,0.022759540006518364,1.7421875,15149,,,,,,
2,0.1829761117696762,0.02574954740703106,1.75,15199,,,,,,
2,0.1815928965806961,0.022413203492760658,1.765625,15249,,,,,,
2,0.19168804585933685,0.022742731496691704,1.875,15299,,,,,,
2,0.1944853663444519,0.027493178844451904,1.859375,15349,,,,,,
2,0.18970276415348053,0.027593392878770828,1.8046875,15399,,,,,,
,,,,1142,,0.7750922441482544,,0.177435964345932,,6.625
,,,,1143,,0.6793562769889832,,0.17154377698898315,,5.65625
,,,,1144,,0.7196840047836304,,0.17280897498130798,,6.0625
,,,,1145,,0.7067403793334961,,0.17158415913581848,,5.9375
,,,,1146,,0.7705361843109131,,0.1767861545085907,,6.59375
,,,,1147,,0.7515903115272522,,0.1734653264284134,,6.40625
,,,,1148,,0.7522357106208801,,0.16629822552204132,,6.53125
,,,,1149,,0.747447669506073,,0.169322669506073,,6.40625
,,,,1150,,0.7682913541793823,,0.19016633927822113,,6.4375
,,,,1151,,0.7447420358657837,,0.17833581566810608,,6.28125
,,,,1152,,0.7178459167480469,,0.17097090184688568,,6.09375
,,,,1153,,0.8256485462188721,,0.17330482602119446,,7.25
,,,,1154,,0.72133469581604,,0.17445968091487885,,6.09375
,,,,1155,,0.772018551826477,,0.17436227202415466,,6.65625
,,,,1156,,0.7431275844573975,,0.16890883445739746,,6.375
,,,,1157,,0.7765037417411804,,0.16712874174118042,,6.78125
,,,,1158,,0.734023928642273,,0.17152395844459534,,6.25
,,,,1159,,0.7272547483444214,,0.16475477814674377,,6.25
,,,,1160,,0.7734562754631042,,0.17580001056194305,,6.625
,,,,1161,,0.8047575354576111,,0.17194505035877228,,7.03125
,,,,1162,,0.7339693307876587,,0.1753755807876587,,6.21875
,,,,1163,,0.8103929162025452,,0.16976793110370636,,7.125
,,,,1164,,0.749836802482605,,0.17171181738376617,,6.4375
,,,,1165,,0.6900485157966614,,0.16270478069782257,,5.84375
,,,,1166,,0.7876006364822388,,0.17822562158107758,,6.78125
,,,,1167,,0.7403841614723206,,0.18179042637348175,,6.1875
,,,,1168,,0.778715968132019,,0.16543473303318024,,6.8125
,,,,1169,,0.6894256472587585,,0.18161316215991974,,5.65625
,,,,1170,,0.8130440711975098,,0.16851282119750977,,7.15625
,,,,1171,,0.730539083480835,,0.17194533348083496,,6.1875
,,,,1172,,0.704492449760437,,0.17714866995811462,,5.875
,,,,1173,,0.7241082787513733,,0.1772332787513733,,6.0625
,,,,1174,,0.6905146241188049,,0.17879588901996613,,5.6875
,,,,1175,,0.7671648263931274,,0.18122731149196625,,6.5
,,,,1176,,0.7331158518791199,,0.17452211678028107,,6.21875
,,,,1177,,0.7112491726875305,,0.17218667268753052,,5.96875
,,,,1178,,0.7849627137184143,,0.1677751988172531,,6.84375
,,,,1179,,0.7280565500259399,,0.16946282982826233,,6.1875
,,,,1180,,0.7864809036254883,,0.1771058738231659,,6.75
,,,,1181,,0.8157060146331787,,0.1789872795343399,,7.09375
,,,,1182,,0.7518901228904724,,0.16985885798931122,,6.46875
,,,,1183,,0.7571717500686646,,0.17123426496982574,,6.5
,,,,1184,,0.7134855389595032,,0.17051678895950317,,6.03125
,,,,1185,,0.8116642832756042,,0.18275801837444305,,6.96875
,,,,1186,,0.7324332594871521,,0.1738395243883133,,6.1875
,,,,1187,,0.7813301086425781,,0.17195512354373932,,6.78125
,,,,1188,,0.768009603023529,,0.17035336792469025,,6.625
,,,,1189,,0.7565433979034424,,0.17060586810112,,6.5
,,,,1190,,0.7479660511016846,,0.16984106600284576,,6.4375
,,,,1191,,0.7490642666816711,,0.16703303158283234,,6.46875
,,,,1192,,0.776443600654602,,0.17097486555576324,,6.71875
,,,,1193,,0.7233911752700806,,0.18042241036891937,,6.03125
,,,,1194,,0.6895289421081543,,0.1739039123058319,,5.75
,,,,1195,,0.7598982453346252,,0.18177324533462524,,6.40625
,,,,1196,,0.6922599673271179,,0.17272870242595673,,5.78125
,,,,1197,,0.7285333871841431,,0.18165841698646545,,6.0625
,,,,1198,,0.7666931748390198,,0.17294318974018097,,6.59375
,,,,1199,,0.7110030055046082,,0.17194052040576935,,6.0
,,,,1200,,0.7702216506004333,,0.17256541550159454,,6.625
,,,,1201,,0.7421393990516663,,0.17963941395282745,,6.25
,,,,1202,,0.7464980483055115,,0.17618556320667267,,6.34375
,,,,1203,,0.7096367478370667,,0.17838676273822784,,5.90625
,,,,1204,,0.7308188080787659,,0.15660007297992706,,6.375
,,,,1205,,0.7455922961235046,,0.17527978122234344,,6.34375
,,,,1206,,0.7441384196281433,,0.1699196845293045,,6.375
,,,,1207,,0.6954837441444397,,0.1759524941444397,,5.78125
,,,,1208,,0.7672503590583801,,0.17350037395954132,,6.59375
,,,,1209,,0.7595358490943909,,0.17359836399555206,,6.53125
,,,,1210,,0.7207579612731934,,0.17388296127319336,,6.09375
,,,,1211,,0.7641936540603638,,0.17044363915920258,,6.59375
,,,,1212,,0.7711865901947021,,0.16962406039237976,,6.6875
,,,,1213,,0.7438526153564453,,0.17354010045528412,,6.34375
,,,,1214,,0.8201223015785217,,0.17168480157852173,,7.1875
,,,,1215,,0.7453001737594604,,0.17889393866062164,,6.3125
,,,,1216,,0.7987549901008606,,0.1737549901008606,,6.9375
,,,,1217,,0.7495517730712891,,0.17923924326896667,,6.34375
,,,,1218,,0.7329413890838623,,0.1743476688861847,,6.1875
,,,,1219,,0.8043947219848633,,0.1715822070837021,,7.03125
,,,,1220,,0.7906181812286377,,0.1734306961297989,,6.875
,,,,1221,,0.7498843669891357,,0.17566558718681335,,6.375
,,,,1222,,0.7863109707832336,,0.16912347078323364,,6.84375
,,,,1223,,0.7401299476623535,,0.1698174625635147,,6.34375
,,,,1224,,0.7695502638816833,,0.17580026388168335,,6.59375
,,,,1225,,0.8129963278770447,,0.17627756297588348,,7.0625
,,,,1226,,0.7558765411376953,,0.1699390709400177,,6.5
,,,,1227,,0.7733550071716309,,0.16788625717163086,,6.71875
,,,,1228,,0.7662627696990967,,0.16860654950141907,,6.625
,,,,1229,,0.8040527105331421,,0.1634276956319809,,7.125
,,,,1230,,0.7464022636413574,,0.17608973383903503,,6.34375
,,,,1231,,0.7680786848068237,,0.18214118480682373,,6.5
,,,,1232,,0.7590196132659912,,0.17308208346366882,,6.53125
,,,,1233,,0.7161709666252136,,0.16929598152637482,,6.0625
,,,,1234,,0.7564893960952759,,0.18227067589759827,,6.375
,,,,1235,,0.8014791011810303,,0.17647907137870789,,6.9375
,,,,1236,,0.7436856031417847,,0.17727933824062347,,6.28125
,,,,1237,,0.6821516752243042,,0.1665266752243042,,5.75
,,,,1238,,0.7065847516059875,,0.16361600160598755,,6.03125
,,,,1239,,0.7291227579116821,,0.17443522810935974,,6.15625
,,,,1240,,0.7280083894729614,,0.16941462457180023,,6.1875
,,,,1241,,0.6882297396659851,,0.1726047545671463,,5.75
,,,,1242,,0.7332653999328613,,0.17467164993286133,,6.1875
,,,,1243,,0.7493991255760193,,0.17127414047718048,,6.40625
,,,,1244,,0.7253599762916565,,0.1667662113904953,,6.1875
,,,,1245,,0.7475784420967102,,0.1772659420967102,,6.34375
,,,,1246,,0.7693918943405151,,0.17173565924167633,,6.625
,,,,1247,,0.698055624961853,,0.17071190476417542,,5.84375
,,,,1248,,0.8474351763725281,,0.17556019127368927,,7.46875
,,,,1249,,0.7101364135742188,,0.17107391357421875,,5.96875
,,,,1250,,0.7064198851585388,,0.1712636500597,,5.9375
,,,,1251,,0.6936265826225281,,0.17800159752368927,,5.71875
,,,,1252,,0.7202352285385132,,0.16945397853851318,,6.125
,,,,1253,,0.7046793103218079,,0.17342932522296906,,5.90625
,,,,1254,,0.7608119249343872,,0.1748744398355484,,6.53125
,,,,1255,,0.7390093207359314,,0.1765093356370926,,6.25
,,,,1256,,0.7336999177932739,,0.17510618269443512,,6.21875
,,,,1257,,0.7571985721588135,,0.17516732215881348,,6.46875
,,,,1258,,0.8184109926223755,,0.16997352242469788,,7.21875
,,,,1259,,0.7524430155754089,,0.17431800067424774,,6.40625
,,,,1260,,0.7287911772727966,,0.17410369217395782,,6.15625
,,,,1261,,0.7367716431617737,,0.17817789316177368,,6.1875
,,,,1262,,0.699066698551178,,0.17172296345233917,,5.84375
,,,,1263,,0.8546508550643921,,0.1749633401632309,,7.53125
,,,,1264,,0.7159384489059448,,0.17687593400478363,,5.96875
,,,,1265,,0.7697970867156982,,0.17604708671569824,,6.59375
,,,,1266,,0.7511756420135498,,0.1730506420135498,,6.40625
,,,,1267,,0.8297299146652222,,0.16957367956638336,,7.34375
,,,,1268,,0.7973183393478394,,0.17622460424900055,,6.90625
,,,,1269,,0.7563590407371521,,0.1743278056383133,,6.46875
,,,,1270,,0.7984433174133301,,0.16953709721565247,,6.96875
,,,,1271,,0.7063231468200684,,0.17897942662239075,,5.875
,,,,1272,,0.7541100382804871,,0.17598503828048706,,6.4375
,,,,1273,,0.7621309161186218,,0.17619343101978302,,6.5
,,,,1274,,0.6996955871582031,,0.17235183715820312,,5.84375
,,,,1275,,0.7422108054161072,,0.18361707031726837,,6.21875
,,,,1276,,0.7722328901290894,,0.17848287522792816,,6.59375
,,,,1277,,0.7746831774711609,,0.17702694237232208,,6.625
,,,,1278,,0.7435724139213562,,0.1732599288225174,,6.34375
,,,,1279,,0.7960222363471985,,0.17883475124835968,,6.84375
,,,,1280,,0.7660191059112549,,0.18008163571357727,,6.53125
,,,,1281,,0.7454164028167725,,0.17119768261909485,,6.375
,,,,1282,,0.7313847541809082,,0.1727910041809082,,6.21875
,,,,1283,,0.7123865485191345,,0.17332403361797333,,5.96875
,,,,1284,,0.7243658900260925,,0.17749090492725372,,6.0625
,,,,1285,,0.755779504776001,,0.17374825477600098,,6.46875
,,,,1286,,0.7099748849868774,,0.17091239988803864,,6.0
,,,,1287,,0.8239254355430603,,0.1793942004442215,,7.15625
,,,,1288,,0.8118690848350525,,0.17515034973621368,,7.0625
,,,,1289,,0.7423800230026245,,0.1681612879037857,,6.375
,,,,1290,,0.7420162558555603,,0.1717037707567215,,6.34375
,,,,1291,,0.8283450603485107,,0.17209506034851074,,7.28125
,,,,1292,,0.7514959573745728,,0.17337094247341156,,6.40625
,,,,1293,,0.7345362901687622,,0.175942525267601,,6.21875
,,,,1294,,0.7805109024047852,,0.17113590240478516,,6.78125
,,,,1295,,0.7101063132286072,,0.17495007812976837,,5.9375
,,,,1296,,0.7393226027488708,,0.17291633784770966,,6.3125
,,,,1297,,0.728609025478363,,0.18173402547836304,,6.0625
,,,,1298,,0.8066034913063049,,0.16597849130630493,,7.125
,,,,1299,,0.8078635334968567,,0.1750510334968567,,7.03125
,,,,1300,,0.6972558498382568,,0.17381837964057922,,5.8125
,,,,1301,,0.7324837446212769,,0.17389002442359924,,6.1875
,,,,1302,,0.7550700306892395,,0.1769450455904007,,6.4375
,,,,1303,,0.7568919658660889,,0.17486073076725006,,6.46875
,,,,1304,,0.7280834913253784,,0.1773022562265396,,6.125
,,,,1305,,0.8133499622344971,,0.18444371223449707,,6.96875
,,,,1306,,0.7943950891494751,,0.1693950742483139,,6.9375
,,,,1307,,0.7219583988189697,,0.17508342862129211,,6.09375
,,,,1308,,0.7687479853630066,,0.17109175026416779,,6.625
,,,,1309,,0.8012174367904663,,0.16840492188930511,,7.03125
,,,,1310,,0.7306286096572876,,0.1837536096572876,,6.0625
,,,,1311,,0.8302716016769409,,0.1818341314792633,,7.21875
,,,,1312,,0.7409711480140686,,0.1667524129152298,,6.375
,,,,1313,,0.7202526330947876,,0.1733776330947876,,6.09375
,,,,1314,,0.7788487672805786,,0.181192547082901,,6.65625
,,,,1315,,0.7379713654518127,,0.16375263035297394,,6.375
,,,,1316,,0.7719326615333557,,0.1703701615333557,,6.6875
,,,,1317,,0.7227901816368103,,0.1681026965379715,,6.15625
,,,,1318,,0.7797377109527588,,0.1703626811504364,,6.78125
,,,,1319,,0.737097442150116,,0.17459742724895477,,6.25
,,,,1320,,0.728096604347229,,0.1655966192483902,,6.25
,,,,1321,,0.759255588054657,,0.18113060295581818,,6.4375
,,,,1322,,0.8404252529144287,,0.17245647311210632,,7.4375
,,,,1323,,0.8420712947845459,,0.1701962947845459,,7.46875
,,,,1324,,0.7533470392227173,,0.17522205412387848,,6.40625
,,,,1325,,0.7467733025550842,,0.18036706745624542,,6.3125
,,,,1326,,0.7788874506950378,,0.17732496559619904,,6.6875
,,,,1327,,0.7469295859336853,,0.1688046008348465,,6.40625
,,,,1328,,0.7742496132850647,,0.1648746132850647,,6.75
,,,,1329,,0.67764812707901,,0.16983561217784882,,5.65625
,,,,1330,,0.7084940075874329,,0.16943152248859406,,6.0
,,,,1331,,0.751698911190033,,0.17357389628887177,,6.40625
,,,,1332,,0.7787694931030273,,0.16939449310302734,,6.75
,,,,1333,,0.7572445273399353,,0.1752132922410965,,6.46875
,,,,1334,,0.7991840243339539,,0.17418403923511505,,6.9375
,,,,1335,,0.7373450398445129,,0.17093880474567413,,6.28125
,,,,1336,,0.7564035058021545,,0.17046600580215454,,6.5
,,,,1337,,0.7630700469017029,,0.1732262820005417,,6.5625
,,,,1338,,0.7442136406898499,,0.16999490559101105,,6.375
,,,,1339,,0.7657687664031982,,0.16811253130435944,,6.625
,,,,1340,,0.7506993412971497,,0.17257432639598846,,6.4375
,,,,1341,,0.7514432072639465,,0.17722444236278534,,6.375
,,,,1342,,0.7617282867431641,,0.17188456654548645,,6.5625
,,,,1343,,0.7347809672355652,,0.176187202334404,,6.1875
,,,,1344,,0.6877821683883667,,0.1799696832895279,,5.65625
,,,,1345,,0.7804853320121765,,0.1828290969133377,,6.625
,,,,1346,,0.8201457262039185,,0.17170822620391846,,7.1875
,,,,1347,,0.7248966693878174,,0.1741154044866562,,6.125
,,,,1348,,0.7224599123001099,,0.17558489739894867,,6.0625
,,,,1349,,0.7027512788772583,,0.1715013086795807,,5.90625
,,,,1350,,0.7711551785469055,,0.1734989434480667,,6.625
,,,,1351,,0.7427338361740112,,0.18414005637168884,,6.21875
,,,,1352,,0.7050257325172424,,0.17377573251724243,,5.90625
,,,,1353,,0.7218341827392578,,0.17105290293693542,,6.125
,,,,1354,,0.7772095203399658,,0.17955324053764343,,6.65625
,,,,1355,,0.7482033371925354,,0.1817971020936966,,6.28125
,,,,1356,,0.7393006682395935,,0.1728944331407547,,6.28125
,,,,1357,,0.7632390260696411,,0.1733952909708023,,6.5625
,,,,1358,,0.6959642171859741,,0.18033920228481293,,5.75
,,,,1359,,0.7663366198539734,,0.17649288475513458,,6.5625
,,,,1360,,0.7099695205688477,,0.17090699076652527,,6.0
,,,,1361,,0.744168758392334,,0.16604375839233398,,6.40625
,,,,1362,,0.7894763350486755,,0.17228883504867554,,6.875
,,,,1363,,0.717724084854126,,0.1708490550518036,,6.0625
,,,,1364,,0.7588447332382202,,0.1768135130405426,,6.46875
,,,,1365,,0.7801207304000854,,0.17465199530124664,,6.71875
,,,,1366,,0.7514511942863464,,0.16941995918750763,,6.46875
,,,,1367,,0.7499533891677856,,0.17182838916778564,,6.40625
,,,,1368,,0.7831873893737793,,0.1699061095714569,,6.8125
,,,,1369,,0.7837777733802795,,0.17049652338027954,,6.8125
,,,,1370,,0.7496718168258667,,0.1715468019247055,,6.4375
,,,,1371,,0.7665746212005615,,0.17282459139823914,,6.59375
,,,,1372,,0.8328689932823181,,0.1649002581834793,,7.40625
,,,,1373,,0.7542590498924255,,0.17613406479358673,,6.4375
,,,,1374,,0.8054072260856628,,0.16868849098682404,,7.09375
,,,,1375,,0.8254501819610596,,0.17701269686222076,,7.21875
,,,,1376,,0.7180407643318176,,0.17116577923297882,,6.09375
,,,,1377,,0.7014565467834473,,0.16630032658576965,,5.9375
,,,,1378,,0.7203915119171143,,0.16961029171943665,,6.125
,,,,1379,,0.7718610763549805,,0.17420485615730286,,6.65625
,,,,1380,,0.6894829869270325,,0.17776423692703247,,5.6875
,,,,1381,,0.8051996231079102,,0.18410590291023254,,6.90625
,,,,1382,,0.7880786061286926,,0.17870362102985382,,6.78125
,,,,1383,,0.7511174082756042,,0.17299239337444305,,6.40625
,,,,1384,,0.7874650955200195,,0.17809012532234192,,6.75
,,,,1385,,0.8368120193481445,,0.17274954915046692,,7.375
,,,,1386,,0.7925193309783936,,0.18314430117607117,,6.78125
,,,,1387,,0.7741789817810059,,0.17652271687984467,,6.65625
,,,,1388,,0.7790687680244446,,0.17360003292560577,,6.71875
,,,,1389,,0.7355867624282837,,0.16918054223060608,,6.28125
,,,,1390,,0.7310306429862976,,0.1724369078874588,,6.1875
,,,,1391,,0.7418116331100464,,0.1714991182088852,,6.34375
,,,,1392,,0.7421451210975647,,0.1757388859987259,,6.28125
,,,,1393,,0.7716202139854431,,0.17396396398544312,,6.65625
,,,,1394,,0.7637767195701599,,0.1739329844713211,,6.5625
,,,,1395,,0.7725719213485718,,0.17491565644741058,,6.65625
,,,,1396,,0.8048393726348877,,0.1720268428325653,,7.03125
,,,,1397,,0.7216993570327759,,0.17482437193393707,,6.09375
,,,,1398,,0.6699327826499939,,0.1660265475511551,,5.59375
,,,,1399,,0.7264681458473206,,0.17178066074848175,,6.15625
,,,,1400,,0.6721529960632324,,0.17801235616207123,,5.5
,,,,1401,,0.7029953598976135,,0.17174534499645233,,5.90625
,,,,1402,,0.6897457242012024,,0.1741207391023636,,5.75
,,,,1403,,0.8082221150398254,,0.17931587994098663,,7.0
,,,,1404,,0.7756602168083191,,0.1701914519071579,,6.71875
,,,,1405,,0.7197567224502563,,0.17678798735141754,,6.03125
,,,,1406,,0.7511903643608093,,0.18087787926197052,,6.34375
,,,,1407,,0.7362847924232483,,0.1776910275220871,,6.21875
,,,,1408,,0.6979748010635376,,0.1706310361623764,,5.84375
,,,,1409,,0.7554473876953125,,0.1695099025964737,,6.53125
,,,,1410,,0.745400071144104,,0.1633688360452652,,6.46875
,,,,1411,,0.7207542061805725,,0.1738792061805725,,6.09375
,,,,1412,,0.7577064037322998,,0.17958137392997742,,6.4375
,,,,1413,,0.7622033357620239,,0.17626580595970154,,6.53125
,,,,1414,,0.7451512813568115,,0.17483875155448914,,6.34375
,,,,1415,,0.7781569957733154,,0.16096946597099304,,6.875
,,,,1416,,0.7380115985870361,,0.17551159858703613,,6.25
,,,,1417,,0.6884936094284058,,0.17286862432956696,,5.75
,,,,1418,,0.7625517845153809,,0.17661431431770325,,6.5
,,,,1419,,0.7228266596794128,,0.17204542458057404,,6.125
,,,,1420,,0.7829881906509399,,0.18533192574977875,,6.65625
,,,,1421,,0.8014016151428223,,0.17640164494514465,,6.9375
,,,,1422,,0.7679325938224792,,0.17808885872364044,,6.5625
,,,,1423,,0.7476863861083984,,0.17346760630607605,,6.375
,,,,1424,,0.6968164443969727,,0.18119147419929504,,5.75
,,,,1425,,0.7261069416999817,,0.17141945660114288,,6.15625
,,,,1426,,0.71722012758255,,0.17815764248371124,,5.96875
,,,,1427,,0.6959192752838135,,0.16857554018497467,,5.875
,,,,1428,,0.744507372379303,,0.17028862237930298,,6.375
,,,,1429,,0.7791284918785095,,0.16975350677967072,,6.78125
,,,,1430,,0.7107099890708923,,0.17164750397205353,,5.96875
,,,,1431,,0.7359238862991333,,0.1812363862991333,,6.15625
,,,,1432,,0.7359912395477295,,0.1852099597454071,,6.125
,,,,1433,,0.7612959742546082,,0.18317098915576935,,6.40625
,,,,1434,,0.7416234016418457,,0.17912337183952332,,6.25
,,,,1435,,0.732772707939148,,0.16636647284030914,,6.3125
,,,,1436,,0.7223708033561707,,0.17549581825733185,,6.09375
,,,,1437,,0.7274162769317627,,0.1727287769317627,,6.15625
,,,,1438,,0.7131816148757935,,0.17021283507347107,,6.03125
,,,,1439,,0.7640469074249268,,0.18201568722724915,,6.46875
,,,,1440,,0.7355316877365112,,0.16912545263767242,,6.3125
,,,,1441,,0.7738189697265625,,0.1644439697265625,,6.75
,,,,1442,,0.704970121383667,,0.165907621383667,,6.0
,,,,1443,,0.7472116947174072,,0.18080544471740723,,6.3125
,,,,1444,,0.7367475032806396,,0.17424747347831726,,6.25
,,,,1445,,0.792551577091217,,0.16755159199237823,,6.9375
,,,,1446,,0.6618229746818542,,0.17744798958301544,,5.375
,,,,1447,,0.7130162715911865,,0.17786002159118652,,5.9375
,,,,1448,,0.786510169506073,,0.1693226546049118,,6.84375
,,,,1449,,0.7711870074272156,,0.17353074252605438,,6.625
,,,,1450,,0.7588974237442017,,0.17686618864536285,,6.46875
,,,,1451,,0.7344815731048584,,0.1797940582036972,,6.15625
,,,,1452,,0.736440896987915,,0.17003466188907623,,6.3125
,,,,1453,,0.7522373795509338,,0.17020614445209503,,6.46875
,,,,1454,,0.7647697925567627,,0.17883232235908508,,6.5
,,,,1455,,0.6740375757217407,,0.17013134062290192,,5.59375
,,,,1456,,0.7495314478874207,,0.17140644788742065,,6.4375
,,,,1457,,0.7732972502708435,,0.1639222651720047,,6.78125
,,,,1458,,0.730850100517273,,0.17225633561611176,,6.1875
,,,,1459,,0.8001805543899536,,0.1829930543899536,,6.84375
,,,,1460,,0.7923797965049744,,0.17128606140613556,,6.90625
,,,,1461,,0.7799844741821289,,0.1667032241821289,,6.8125
,,,,1462,,0.7777007222175598,,0.180044487118721,,6.625
,,,,1463,,0.7643095850944519,,0.1705595999956131,,6.59375
,,,,1464,,0.7607411742210388,,0.1748036891222,,6.53125
,,,,1465,,0.756182849407196,,0.18196408450603485,,6.375
,,,,1466,,0.7220417857170105,,0.1751667708158493,,6.0625
,,,,1467,,0.7070738673210144,,0.1680113673210144,,5.96875
,,,,1468,,0.7407440543174744,,0.17433778941631317,,6.28125
,,,,1469,,0.6860186457633972,,0.17039363086223602,,5.75
,,,,1470,,0.7051315307617188,,0.16606900095939636,,5.96875
,,,,1471,,0.7918181419372559,,0.17072436213493347,,6.90625
,,,,1472,,0.7119854092597961,,0.17292290925979614,,5.96875
,,,,1473,,0.803392231464386,,0.174485981464386,,6.96875
,,,,1474,,0.7155488133430481,,0.1764863282442093,,5.96875
,,,,1475,,0.7720950841903687,,0.17443886399269104,,6.625
,,,,1476,,0.8431729674339294,,0.17129795253276825,,7.46875
,,,,1477,,0.7292591333389282,,0.17457164824008942,,6.15625
,,,,1478,,0.7175697088241577,,0.17069469392299652,,6.0625
,,,,1479,,0.7181553840637207,,0.1790928840637207,,5.96875
,,,,1480,,0.7297366857528687,,0.17114292085170746,,6.21875
,,,,1481,,0.7145417928695679,,0.16766677796840668,,6.09375
,,,,1482,,0.7899748682975769,,0.1727873831987381,,6.875
,,,,1483,,0.7348303198814392,,0.16842405498027802,,6.28125
,,,,1484,,0.752220094203949,,0.16628257930278778,,6.53125
,,,,1485,,0.756720781326294,,0.16297075152397156,,6.59375
,,,,1486,,0.7549040913581848,,0.17287284135818481,,6.46875
,,,,1487,,0.7088832855224609,,0.16982075572013855,,6.0
,,,,1488,,0.7806858420372009,,0.18302960693836212,,6.65625
,,,,1489,,0.6966409683227539,,0.1732034981250763,,5.8125
,,,,1490,,0.7852303981781006,,0.17585542798042297,,6.75
,,,,1491,,0.8213282823562622,,0.172890767455101,,7.1875
,,,,1492,,0.704690158367157,,0.17344015836715698,,5.90625
,,,,1493,,0.7526489496231079,,0.16671143472194672,,6.53125
,,,,1494,,0.7709261775016785,,0.18108241260051727,,6.5625
,,,,1495,,0.7421336770057678,,0.17572741210460663,,6.3125
,,,,1496,,0.7987680435180664,,0.1815805435180664,,6.875
,,,,1497,,0.754445493221283,,0.16850800812244415,,6.53125
,,,,1498,,0.8417839407920837,,0.16990892589092255,,7.46875
,,,,1499,,0.7130907773971558,,0.16621577739715576,,6.09375
,,,,1500,,0.751788318157196,,0.17366333305835724,,6.40625
,,,,1501,,0.7341818809509277,,0.17168188095092773,,6.25
,,,,1502,,0.7835696339607239,,0.17028839886188507,,6.8125
,,,,1503,,0.7382920980453491,,0.17579211294651031,,6.25
,,,,1504,,0.7957539558410645,,0.17856648564338684,,6.84375
,,,,1505,,0.7605492472648621,,0.17851801216602325,,6.46875
,,,,1506,,0.7733290195465088,,0.16786029934883118,,6.71875
,,,,1507,,0.7080509066581726,,0.1768009066581726,,5.90625
,,,,1508,,0.8458986282348633,,0.17402365803718567,,7.46875
,,,,1509,,0.7637203931808472,,0.17387664318084717,,6.5625
,,,,1510,,0.7205778360366821,,0.17370286583900452,,6.09375
,,,,1511,,0.7695956826210022,,0.1719394475221634,,6.65625
,,,,1512,,0.7328001856803894,,0.1663939505815506,,6.3125
,,,,1513,,0.8248613476753235,,0.1725175976753235,,7.25
,,,,1514,,0.768471896648407,,0.1708156317472458,,6.65625
,,,,1515,,0.7495386004447937,,0.1714136004447937,,6.40625
,,,,1516,,0.7576273083686829,,0.17950230836868286,,6.4375
,,,,1517,,0.7337003946304321,,0.17510662972927094,,6.21875
,,,,1518,,0.772601306438446,,0.17494505643844604,,6.625
,,,,1519,,0.779207706451416,,0.17373892664909363,,6.71875
,,,,1520,,0.72929847240448,,0.17851722240447998,,6.125
,,,,1521,,0.7682580947875977,,0.17060181498527527,,6.625
,,,,1522,,0.767998218536377,,0.17034199833869934,,6.65625
,,,,1523,,0.74489825963974,,0.1784919947385788,,6.3125
,,,,1524,,0.7424435615539551,,0.17994359135627747,,6.25
,,,,1525,,0.7380237579345703,,0.18724247813224792,,6.125
,,,,1526,,0.7657367587089539,,0.17198674380779266,,6.59375
,,,,1527,,0.7565009593963623,,0.1666572242975235,,6.5625
,,,,1528,,0.7727493643760681,,0.18290561437606812,,6.5625
,,,,1529,,0.7340725064277649,,0.1676662564277649,,6.3125
,,,,1530,,0.698172390460968,,0.1825474053621292,,5.75
,,,,1531,,0.7204768061637878,,0.17360182106494904,,6.09375
,,,,1532,,0.757159948348999,,0.17903496325016022,,6.4375
,,,,1533,,0.7273424863815308,,0.18437376618385315,,6.03125
,,,,1534,,0.7832660675048828,,0.1738910973072052,,6.75
,,,,1535,,0.8348811864852905,,0.17863118648529053,,7.3125
,,,,1536,,0.7067410945892334,,0.1754910945892334,,5.90625
,,,,1537,,0.7444811463356018,,0.166356161236763,,6.40625
,,,,1538,,0.7801957130432129,,0.17082074284553528,,6.78125
,,,,1539,,0.781067967414856,,0.18341173231601715,,6.65625
,,,,1540,,0.7219910621643066,,0.18292856216430664,,6.0
,,,,1541,,0.7199130654335022,,0.173038050532341,,6.09375
,,,,1542,,0.699564516544342,,0.17222075164318085,,5.84375
,,,,1543,,0.7344362139701843,,0.17584246397018433,,6.1875
,,,,1544,,0.7304090857505798,,0.17181532084941864,,6.21875
,,,,1545,,0.7083070278167725,,0.18486955761909485,,5.8125
,,,,1546,,0.7981995344161987,,0.17319954931735992,,6.9375
,,,,1547,,0.7588880062103271,,0.17295047640800476,,6.53125
,,,,1548,,0.7521008849143982,,0.1661633849143982,,6.53125
,,,,1549,,0.7179579138755798,,0.17108292877674103,,6.09375
,,,,1550,,0.7269726395606995,,0.17619140446186066,,6.125
,,,,1551,,0.770087718963623,,0.18024393916130066,,6.5625
,,,,1552,,0.7063031196594238,,0.18286564946174622,,5.8125
,,,,1553,,0.7147136926651001,,0.1756511777639389,,6.0
,,,,1554,,0.7716881036758423,,0.1740318387746811,,6.65625
,,,,1555,,0.7601046562194824,,0.18197962641716003,,6.40625
,,,,1556,,0.7684321403503418,,0.1707758605480194,,6.625
,,,,1557,,0.6992906928062439,,0.1719469577074051,,5.875
,,,,1558,,0.8021043539047241,,0.18101058900356293,,6.90625
,,,,1559,,0.7501185536384583,,0.16808731853961945,,6.46875
,,,,1560,,0.6831573247909546,,0.17534485459327698,,5.65625
,,,,1561,,0.745326042175293,,0.16720104217529297,,6.4375
,,,,1562,,0.7579056024551392,,0.16806186735630035,,6.5625
,,,,1563,,0.7744420766830444,,0.16506706178188324,,6.75
,,,,1564,,0.7246506810188293,,0.16605693101882935,,6.1875
,,,,1565,,0.788731575012207,,0.18326283991336823,,6.71875
,,,,1566,,0.7155777812004089,,0.18042154610157013,,5.9375
,,,,1567,,0.7788299322128296,,0.1694549173116684,,6.75
,,,,1568,,0.7262837290763855,,0.1755024641752243,,6.125
,,,,1569,,0.7543588280677795,,0.17623384296894073,,6.4375
,,,,1570,,0.7659208178520203,,0.17998333275318146,,6.53125
,,,,1571,,0.7291325330734253,,0.1783512979745865,,6.125
,,,,1572,,0.7773498892784119,,0.16797487437725067,,6.75
,,,,1573,,0.6642292737960815,,0.17399491369724274,,5.4375
,,,,1574,,0.7680655717849731,,0.17431555688381195,,6.59375
,,,,1575,,0.7734915614128113,,0.17974157631397247,,6.59375
,,,,1576,,0.7565366625785828,,0.17059916257858276,,6.5
,,,,1577,,0.7376890182495117,,0.17128275334835052,,6.28125
,,,,1578,,0.8061517477035522,,0.16943301260471344,,7.09375
,,,,1579,,0.7876522541046143,,0.18218347430229187,,6.71875
,,,,1580,,0.7025262117385864,,0.1634637415409088,,6.0
,,,,1581,,0.7763965129852295,,0.16702154278755188,,6.78125
,,,,1582,,0.8133184313774109,,0.1765996664762497,,7.09375
,,,,1583,,0.757328450679779,,0.17920345067977905,,6.4375
,,,,1584,,0.7827344536781311,,0.1733594536781311,,6.78125
,,,,1585,,0.741648256778717,,0.18305450677871704,,6.21875
,,,,1586,,0.7466242909431458,,0.17631180584430695,,6.34375
,,,,1587,,0.7295437455177307,,0.1787625104188919,,6.125
,,,,1588,,0.73325115442276,,0.17465740442276,,6.1875
,,,,1589,,0.7741761207580566,,0.17651984095573425,,6.625
,,,,1590,,0.7504445910453796,,0.17231960594654083,,6.4375
,,,,1591,,0.7625700235366821,,0.16882005333900452,,6.59375
,,,,1592,,0.7620829343795776,,0.18005166947841644,,6.46875
,,,,1593,,0.7481967210769653,,0.16616545617580414,,6.46875
,,,,1594,,0.7169913053512573,,0.17792882025241852,,6.0
,,,,1595,,0.7610786557197571,,0.17514117062091827,,6.53125
,,,,1596,,0.7266262173652649,,0.1680324673652649,,6.21875
,,,,1597,,0.743696928024292,,0.177290678024292,,6.3125
,,,,1598,,0.702613890171051,,0.17527015507221222,,5.84375
,,,,1599,,0.6992986798286438,,0.1641424298286438,,5.9375
,,,,1600,,0.6681215763092041,,0.1681216061115265,,5.5625
,,,,1601,,0.7500580549240112,,0.17193302512168884,,6.4375
,,,,1602,,0.7761261463165283,,0.1784699261188507,,6.65625
,,,,1603,,0.7338720560073853,,0.17527827620506287,,6.21875
,,,,1604,,0.7402403354644775,,0.17383411526679993,,6.28125
,,,,1605,,0.7625797390937805,,0.1688297539949417,,6.59375
,,,,1606,,0.7113606929779053,,0.17620441317558289,,5.9375
,,,,1607,,0.7759543061256409,,0.17048555612564087,,6.71875
,,,,1608,,0.6684975624084473,,0.17435695230960846,,5.5
,,,,1609,,0.7489721775054932,,0.16694089770317078,,6.46875
,,,,1610,,0.780681848526001,,0.17130687832832336,,6.78125
,,,,1611,,0.7671194672584534,,0.18118198215961456,,6.5
,,,,1612,,0.7867649793624878,,0.173483744263649,,6.8125
,,,,1613,,0.7696672081947327,,0.17201097309589386,,6.625
,,,,1614,,0.73681640625,,0.17431640625,,6.25
,,,,1615,,0.7537380456924438,,0.18342553079128265,,6.34375
,,,,1616,,0.7684459686279297,,0.1668834686279297,,6.6875
,,,,1617,,0.7429683208465576,,0.17265579104423523,,6.34375
,,,,1618,,0.7197429537773132,,0.16896170377731323,,6.125
,,,,1619,,0.7036333680152893,,0.1723833680152893,,5.90625
,,,,1620,,0.7679397463798523,,0.1702834814786911,,6.625
,,,,1621,,0.7240241169929504,,0.16543038189411163,,6.1875
,,,,1622,,0.7247743606567383,,0.1700868308544159,,6.15625
,,,,1623,,0.6942321062088013,,0.17860709130764008,,5.71875
,,,,1624,,0.7385178208351135,,0.17211157083511353,,6.3125
,,,,1625,,0.776185154914856,,0.17462264001369476,,6.6875
,,,,1626,,0.8034228086471558,,0.17842283844947815,,6.9375
,,,,1627,,0.6858144402503967,,0.17018942534923553,,5.75
,,,,1628,,0.7457873821258545,,0.17938116192817688,,6.3125
,,,,1629,,0.7159241437911987,,0.17686162889003754,,5.96875
,,,,1630,,0.8076521158218384,,0.17093335092067719,,7.0625
,,,,1631,,0.7386913299560547,,0.1800975501537323,,6.21875
,,,,1632,,0.7306492328643799,,0.17596173286437988,,6.15625
,,,,1633,,0.6855538487434387,,0.16992884874343872,,5.75
,,,,1634,,0.7180523872375488,,0.17898988723754883,,6.0
,,,,1635,,0.7610315680503845,,0.17509408295154572,,6.53125
,,,,1636,,0.7877612113952637,,0.18229243159294128,,6.71875
,,,,1637,,0.8103696703910828,,0.17365090548992157,,7.09375
,,,,1638,,0.7321959137916565,,0.1814146488904953,,6.125
,,,,1639,,0.7302485108375549,,0.17556102573871613,,6.15625
,,,,1640,,0.8157213926315308,,0.18681515753269196,,6.96875
,,,,1641,,0.7045627236366272,,0.1772189736366272,,5.84375
,,,,1642,,0.7926933169364929,,0.18331830203533173,,6.78125
,,,,1643,,0.7143371105194092,,0.1674620807170868,,6.09375
,,,,1644,,0.675497829914093,,0.17745095491409302,,5.53125
,,,,1645,,0.7720566391944885,,0.17440040409564972,,6.65625
,,,,1646,,0.768496036529541,,0.17083975672721863,,6.625
,,,,1647,,0.8022186160087585,,0.17331236600875854,,6.96875
,,,,1648,,0.7406885027885437,,0.1742822676897049,,6.28125
,,,,1649,,0.7650929093360901,,0.1713429093360901,,6.59375
,,,,1650,,0.7529557347297668,,0.17483074963092804,,6.40625
,,,,1651,,0.7001280784606934,,0.17278432846069336,,5.875
,,,,1652,,0.8353771567344666,,0.16740842163562775,,7.4375
,,,,1653,,0.7421652674674988,,0.17185275256633759,,6.34375
,,,,1654,,0.7145534753799438,,0.17549094557762146,,5.96875
,,,,1655,,0.7593680620193481,,0.18514928221702576,,6.375
,,,,1656,,0.7080930471420288,,0.17293678224086761,,5.9375
,,,,1657,,0.7076638340950012,,0.17641384899616241,,5.90625
,,,,1658,,0.7319360375404358,,0.1733422726392746,,6.1875
,,,,1659,,0.7550068497657776,,0.16906936466693878,,6.53125
,,,,1660,,0.6946790814399719,,0.17124156653881073,,5.8125
,,,,1661,,0.7460286617279053,,0.17962244153022766,,6.28125
,,,,1662,,0.7559296488761902,,0.173898383975029,,6.46875
,,,,1663,,0.719944179058075,,0.17306919395923615,,6.0625
,,,,1664,,0.7162744998931885,,0.1811182200908661,,5.9375
,,,,1665,,0.7845222353935242,,0.17905350029468536,,6.71875
,,,,1666,,0.7529911994934082,,0.17095991969108582,,6.46875
,,,,1667,,0.7522542476654053,,0.17412924766540527,,6.40625
,,,,1668,,0.7545564770698547,,0.17643146216869354,,6.4375
,,,,1669,,0.7621215581893921,,0.1761840283870697,,6.53125
,,,,1670,,0.739120364189148,,0.16880787909030914,,6.34375
,,,,1671,,0.7724878787994385,,0.17092539370059967,,6.6875
,,,,1672,,0.7508781552314758,,0.18056564033031464,,6.34375
,,,,1673,,0.7803363800048828,,0.16705510020256042,,6.8125
,,,,1674,,0.7358485460281372,,0.169442281126976,,6.28125
,,,,1675,,0.7115315794944763,,0.1724690943956375,,5.96875
,,,,1676,,0.7235246896743774,,0.17664970457553864,,6.0625
,,,,1677,,0.7202290296554565,,0.17335401475429535,,6.09375
,,,,1678,,0.7761911153793335,,0.1785348653793335,,6.65625
,,,,1679,,0.7343349456787109,,0.17574121057987213,,6.1875
,,,,1680,,0.7066004872322083,,0.17144425213336945,,5.9375
,,,,1681,,0.7540256977081299,,0.17199444770812988,,6.46875
,,,,1682,,0.7659565210342407,,0.16830028593540192,,6.625
,,,,1683,,0.7222461104393005,,0.18318361043930054,,5.96875
,,,,1684,,0.7150434851646423,,0.17988723516464233,,5.9375
,,,,1685,,0.7547193765640259,,0.16878190636634827,,6.53125
,,,,1686,,0.7720854878425598,,0.170523002743721,,6.6875
,,,,1687,,0.7612189650535583,,0.16746897995471954,,6.59375
,,,,1688,,0.856701672077179,,0.16920167207717896,,7.65625
,,,,1689,,0.7498841285705566,,0.18347784876823425,,6.3125
,,,,1690,,0.7862571477890015,,0.16906966269016266,,6.875
,,,,1691,,0.8118116855621338,,0.17118671536445618,,7.125
,,,,1692,,0.7509773969650269,,0.18457111716270447,,6.28125
,,,,1693,,0.7260352969169617,,0.16744154691696167,,6.21875
,,,,1694,,0.7390334606170654,,0.16872096061706543,,6.34375
,,,,1695,,0.7584785223007202,,0.1686347872018814,,6.5625
,,,,1696,,0.7540103793144226,,0.1719791442155838,,6.46875
,,,,1697,,0.7257747054100037,,0.17499345541000366,,6.125
,,,,1698,,0.8230448961257935,,0.17460738122463226,,7.21875
,,,,1699,,0.7288370728492737,,0.17024333775043488,,6.1875
,,,,1700,,0.744388997554779,,0.17798273265361786,,6.3125
,,,,1701,,0.7367355823516846,,0.18204808235168457,,6.15625
,,,,1702,,0.755300760269165,,0.17717576026916504,,6.40625
,,,,1703,,0.6945741176605225,,0.17894914746284485,,5.71875
,,,,1704,,0.7386698126792908,,0.17226357758045197,,6.3125
,,,,1705,,0.7444459795951843,,0.17803974449634552,,6.28125
,,,,1706,,0.7795621156692505,,0.17799963057041168,,6.6875
,,,,1707,,0.7587977051734924,,0.16895394027233124,,6.5625
,,,,1708,,0.6862943768501282,,0.17066939175128937,,5.71875
,,,,1709,,0.7388575673103333,,0.17245133221149445,,6.3125
,,,,1710,,0.7660696506500244,,0.1840384304523468,,6.46875
,,,,1711,,0.7434206604957581,,0.17310816049575806,,6.34375
,,,,1712,,0.6681552529335022,,0.1779208928346634,,5.4375
2,,,,15413,0.7500209808349609,,0.1738874763250351,,6.401703834533691,
3,0.1813652515411377,0.022185560315847397,1.7734375,15449,,,,,,
3,0.18567855656147003,0.02356918528676033,1.8046875,15499,,,,,,
3,0.17896895110607147,0.02174239419400692,1.7421875,15549,,,,,,
3,0.18062043190002441,0.022417303174734116,1.7578125,15599,,,,,,
3,0.18602360785007477,0.023914234712719917,1.796875,15649,,,,,,
3,0.17790250480175018,0.024582194164395332,1.703125,15699,,,,,,
3,0.1817965805530548,0.02359345741569996,1.7578125,15749,,,,,,
3,0.17672869563102722,0.02243182808160782,1.7109375,15799,,,,,,
3,0.1729642152786255,0.019643910229206085,1.703125,15849,,,,,,
3,0.19623103737831116,0.03216853737831116,1.8203125,15899,,,,,,
3,0.1742595136165619,0.01996263861656189,1.7109375,15949,,,,,,
3,0.17160817980766296,0.022194111719727516,1.65625,15999,,,,,,
3,0.18352927267551422,0.02727927267551422,1.734375,16049,,,,,,
3,0.18142634630203247,0.022246666252613068,1.765625,16099,,,,,,
3,0.18518181145191193,0.023072436451911926,1.796875,16149,,,,,,
3,0.19609038531780243,0.02323882281780243,1.921875,16199,,,,,,
3,0.1845543384552002,0.022444970905780792,1.8046875,16249,,,,,,
3,0.1691214144229889,0.01970735192298889,1.65625,16299,,,,,,
3,0.1735949069261551,0.02125115506350994,1.6953125,16349,,,,,,
3,0.1806006133556366,0.01946779526770115,1.7890625,16399,,,,,,
3,0.18382588028907776,0.024646198377013206,1.765625,16449,,,,,,
3,0.16925649344921112,0.02179555967450142,1.640625,16499,,,,,,
3,0.17286017537117004,0.024422669783234596,1.6484375,16549,,,,,,
3,0.19037362933158875,0.025334570556879044,1.8359375,16599,,,,,,
3,0.18567709624767303,0.026497412472963333,1.7734375,16649,,,,,,
3,0.18653319776058197,0.024423828348517418,1.8046875,16699,,,,,,
3,0.1798357218503952,0.023585719987750053,1.734375,16749,,,,,,
3,0.17263861000537872,0.021271424368023872,1.6796875,16799,,,,,,
3,0.1874920278787613,0.023429522290825844,1.828125,16849,,,,,,
3,0.1697477251291275,0.018380532041192055,1.6796875,16899,,,,,,
3,0.17587120831012726,0.018644651398062706,1.7421875,16949,,,,,,
3,0.17390914261341095,0.024495085701346397,1.6640625,16999,,,,,,
3,0.1774797886610031,0.020253228023648262,1.75,17049,,,,,,
3,0.1677744835615158,0.02129010669887066,1.625,17099,,,,,,
3,0.18221411108970642,0.02010473608970642,1.796875,17149,,,,,,
3,0.19540315866470337,0.02352815307676792,1.9140625,17199,,,,,,
3,0.17599214613437653,0.021695265546441078,1.71875,17249,,,,,,
3,0.1857226938009262,0.02361331321299076,1.8046875,17299,,,,,,
3,0.18259920179843903,0.021466391161084175,1.7890625,17349,,,,,,
3,0.18622197210788727,0.023136040195822716,1.8125,17399,,,,,,
3,0.17193138599395752,0.023493889719247818,1.6484375,17449,,,,,,
3,0.1768747866153717,0.0216013565659523,1.7265625,17499,,,,,,
3,0.1966128796339035,0.023761311545968056,1.921875,17549,,,,,,
3,0.18082551658153534,0.02457551471889019,1.734375,17599,,,,,,
3,0.1844734400510788,0.024317195639014244,1.78125,17649,,,,,,
3,0.174301415681839,0.02098109945654869,1.703125,17699,,,,,,
3,0.16831132769584656,0.018897267058491707,1.65625,17749,,,,,,
3,0.18057088553905487,0.02236776240170002,1.7578125,17799,,,,,,
3,0.17549794912338257,0.02413075789809227,1.6796875,17849,,,,,,
3,0.17159722745418549,0.023159733042120934,1.6484375,17899,,,,,,
3,0.19694478809833527,0.027022909373044968,1.8828125,17949,,,,,,
3,0.1622239351272583,0.0206223763525486,1.578125,17999,,,,,,
3,0.16645412147045135,0.020946314558386803,1.6171875,18049,,,,,,
3,0.16848209500312805,0.01809147745370865,1.671875,18099,,,,,,
3,0.17727355659008026,0.02395324595272541,1.703125,18149,,,,,,
3,0.17905092239379883,0.021824359893798828,1.75,18199,,,,,,
3,0.17650294303894043,0.022206071764230728,1.71875,18249,,,,,,
3,0.19049029052257538,0.02056840993463993,1.8828125,18299,,,,,,
3,0.18067480623722076,0.021495118737220764,1.765625,18349,,,,,,
3,0.16463513672351837,0.02205701172351837,1.5859375,18399,,,,,,
3,0.18607895076274872,0.026899263262748718,1.765625,18449,,,,,,
3,0.1785190999507904,0.025198789313435555,1.703125,18499,,,,,,
3,0.18051040172576904,0.02133071795105934,1.765625,18549,,,,,,
3,0.1723020225763321,0.019958270713686943,1.6953125,18599,,,,,,
3,0.1719132959842682,0.02445235475897789,1.640625,18649,,,,,,
3,0.1779254823923111,0.018745794892311096,1.765625,18699,,,,,,
3,0.17733187973499298,0.025964686647057533,1.6796875,18749,,,,,,
3,0.17455914616584778,0.02221539244055748,1.6875,18799,,,,,,
3,0.17710720002651215,0.0208571944385767,1.734375,18849,,,,,,
3,0.17513389885425568,0.021813584491610527,1.703125,18899,,,,,,
3,0.16820117831230164,0.021716797724366188,1.625,18949,,,,,,
3,0.17827916145324707,0.02202916145324707,1.734375,18999,,,,,,
3,0.1759720742702484,0.024604886770248413,1.6796875,19049,,,,,,
3,0.17642655968666077,0.019199997186660767,1.75,19099,,,,,,
3,0.17201179265975952,0.019668037071824074,1.6953125,19149,,,,,,
3,0.16437691450119019,0.020822227001190186,1.59375,19199,,,,,,
3,0.17028160393238068,0.018914414569735527,1.6796875,19249,,,,,,
3,0.18209140002727509,0.024864831939339638,1.7421875,19299,,,,,,
3,0.1692076027393341,0.019793540239334106,1.65625,19349,,,,,,
3,0.18511497974395752,0.024958737194538116,1.78125,19399,,,,,,
3,0.1767650693655014,0.024421321228146553,1.6953125,19449,,,,,,
3,0.17306196689605713,0.02462446130812168,1.6484375,19499,,,,,,
3,0.18325766921043396,0.020171726122498512,1.8125,19549,,,,,,
3,0.1787225604057312,0.022472567856311798,1.734375,19599,,,,,,
3,0.18208861351013184,0.02193235605955124,1.78125,19649,,,,,,
3,0.16082051396369934,0.019218944013118744,1.578125,19699,,,,,,
3,0.17917588353157043,0.021949326619505882,1.75,19749,,,,,,
3,0.17168328166007996,0.02226921357214451,1.6640625,19799,,,,,,
3,0.17009598016738892,0.02361159957945347,1.6328125,19849,,,,,,
3,0.17095884680747986,0.01959165930747986,1.6796875,19899,,,,,,
3,0.17932653427124023,0.024053098633885384,1.7265625,19949,,,,,,
3,0.17788507044315338,0.021635068580508232,1.734375,19999,,,,,,
3,0.1642584502696991,0.019727200269699097,1.609375,20049,,,,,,
3,0.17871293425559998,0.020509803667664528,1.7578125,20099,,,,,,
3,0.18932990729808807,0.03015022538602352,1.765625,20149,,,,,,
3,0.17755359411239624,0.02228015661239624,1.7265625,20199,,,,,,
3,0.18576815724372864,0.02170564979314804,1.8203125,20249,,,,,,
3,0.1670229136943817,0.020538533106446266,1.6328125,20299,,,,,,
3,0.1680285632610321,0.020567623898386955,1.640625,20349,,,,,,
3,0.17151542007923126,0.020148230716586113,1.6796875,20399,,,,,,
3,0.17328998446464539,0.018016541376709938,1.7265625,20449,,,,,,
3,0.17934632301330566,0.01919008046388626,1.78125,20499,,,,,,
3,0.17452731728553772,0.020230449736118317,1.7109375,20549,,,,,,
,,,,1713,,0.6061762571334839,,0.14719189703464508,,5.09375
,,,,1714,,0.6388533115386963,,0.1447126865386963,,5.5
,,,,1715,,0.7044593095779419,,0.1380530744791031,,6.28125
,,,,1716,,0.6552630066871643,,0.1396380066871643,,5.75
,,,,1717,,0.6477029919624329,,0.14770297706127167,,5.5625
,,,,1718,,0.5716059803962708,,0.14777787029743195,,4.71875
,,,,1719,,0.6641177535057068,,0.1445864886045456,,5.78125
,,,,1720,,0.6157742142677307,,0.1470242291688919,,5.21875
,,,,1721,,0.7041888236999512,,0.15731382369995117,,6.09375
,,,,1722,,0.6671870946884155,,0.13984335958957672,,5.875
,,,,1723,,0.6600133776664734,,0.1404821127653122,,5.78125
,,,,1724,,0.662950336933136,,0.13560660183429718,,5.84375
,,,,1725,,0.6212102174758911,,0.1407414674758911,,5.34375
,,,,1726,,0.6685338020324707,,0.1411900520324707,,5.875
,,,,1727,,0.6693218350410461,,0.13025934994220734,,5.96875
,,,,1728,,0.6374849677085876,,0.13943810760974884,,5.53125
,,,,1729,,0.658765971660614,,0.150953471660614,,5.65625
,,,,1730,,0.6346472501754761,,0.14245976507663727,,5.46875
,,,,1731,,0.6255688071250916,,0.14119379222393036,,5.375
,,,,1732,,0.6534804105758667,,0.1378553956747055,,5.75
,,,,1733,,0.6811566352844238,,0.14600038528442383,,5.9375
,,,,1734,,0.6527128219604492,,0.14490032196044922,,5.65625
,,,,1735,,0.6378780603408813,,0.14569057524204254,,5.46875
,,,,1736,,0.6882743835449219,,0.12968066334724426,,6.21875
,,,,1737,,0.6527615189552307,,0.1449490338563919,,5.625
,,,,1738,,0.6840784549713135,,0.1450159251689911,,6.0
,,,,1739,,0.6868604421615601,,0.13998541235923767,,6.09375
,,,,1740,,0.6818411350250244,,0.14277863502502441,,6.0
,,,,1741,,0.6480047106742859,,0.14800472557544708,,5.5625
,,,,1742,,0.6802298426628113,,0.14507357776165009,,5.9375
,,,,1743,,0.6487650275230408,,0.15071816742420197,,5.53125
,,,,1744,,0.6104490160942078,,0.14560526609420776,,5.15625
,,,,1745,,0.6495333909988403,,0.14172090590000153,,5.625
,,,,1746,,0.6379491090774536,,0.1457616239786148,,5.46875
,,,,1747,,0.6222658157348633,,0.14375019073486328,,5.3125
,,,,1748,,0.6142683029174805,,0.14551830291748047,,5.21875
,,,,1749,,0.612555742263794,,0.13989949226379395,,5.25
,,,,1750,,0.6197384595870972,,0.14512908458709717,,5.28125
,,,,1751,,0.648958683013916,,0.14505243301391602,,5.59375
,,,,1752,,0.5887623429298401,,0.14930923283100128,,4.875
,,,,1753,,0.6637139320373535,,0.14027641713619232,,5.8125
,,,,1754,,0.6084079742431641,,0.13965798914432526,,5.21875
,,,,1755,,0.6497802734375,,0.1497802585363388,,5.5625
,,,,1756,,0.7005529999732971,,0.1458655148744583,,6.15625
,,,,1757,,0.6080734729766846,,0.14713597297668457,,5.125
,,,,1758,,0.6161714792251587,,0.1474214643239975,,5.21875
,,,,1759,,0.6076175570487976,,0.1427737921476364,,5.15625
,,,,1760,,0.6712000370025635,,0.14385631680488586,,5.875
,,,,1761,,0.6596063375473022,,0.14007508754730225,,5.78125
,,,,1762,,0.6405097842216492,,0.13269729912281036,,5.65625
,,,,1763,,0.6004026532173157,,0.14141829311847687,,5.09375
,,,,1764,,0.631373405456543,,0.14504525065422058,,5.40625
,,,,1765,,0.6322662830352783,,0.1478913128376007,,5.375
,,,,1766,,0.6698766350746155,,0.14643914997577667,,5.8125
,,,,1767,,0.6481640338897705,,0.14816400408744812,,5.5625
,,,,1768,,0.6174834966659546,,0.1448272168636322,,5.25
,,,,1769,,0.5755878686904907,,0.14004100859165192,,4.84375
,,,,1770,,0.6478763222694397,,0.1439700722694397,,5.59375
,,,,1771,,0.6632831692695618,,0.13984568417072296,,5.8125
,,,,1772,,0.6711509823799133,,0.15161971747875214,,5.78125
,,,,1773,,0.7346804738044739,,0.13702422380447388,,6.625
,,,,1774,,0.7134368419647217,,0.14703062176704407,,6.3125
,,,,1775,,0.6476921439170837,,0.13597340881824493,,5.6875
,,,,1776,,0.6509337425231934,,0.14312125742435455,,5.65625
,,,,1777,,0.6337583065032959,,0.1357114464044571,,5.53125
,,,,1778,,0.6317579746246338,,0.1415235698223114,,5.4375
,,,,1779,,0.6117278337478638,,0.14688411355018616,,5.15625
,,,,1780,,0.5771905183792114,,0.14359676837921143,,4.8125
,,,,1781,,0.6729429364204407,,0.14169293642044067,,5.90625
,,,,1782,,0.6477515697479248,,0.1399390995502472,,5.625
,,,,1783,,0.619263231754303,,0.13879448175430298,,5.34375
,,,,1784,,0.7033094763755798,,0.14080946147441864,,6.25
,,,,1785,,0.6640558242797852,,0.13671207427978516,,5.84375
,,,,1786,,0.6406225562095642,,0.14648191630840302,,5.5
,,,,1787,,0.6285066604614258,,0.15585042536258698,,5.25
,,,,1788,,0.6621145606040955,,0.15039582550525665,,5.6875
,,,,1789,,0.6540926694869995,,0.1384676843881607,,5.75
,,,,1790,,0.6633464694023132,,0.13600271940231323,,5.875
,,,,1791,,0.6204543709754944,,0.14779813587665558,,5.25
,,,,1792,,0.6081140041351318,,0.14717650413513184,,5.125
,,,,1793,,0.6775688529014587,,0.14241261780261993,,5.9375
,,,,1794,,0.6270577907562256,,0.1465890258550644,,5.34375
,,,,1795,,0.6064321994781494,,0.14744779467582703,,5.09375
,,,,1796,,0.5808053612709045,,0.14721162617206573,,4.8125
,,,,1797,,0.6942542791366577,,0.13175427913665771,,6.25
,,,,1798,,0.6547864079475403,,0.14306767284870148,,5.6875
,,,,1799,,0.6609706878662109,,0.14143946766853333,,5.78125
,,,,1800,,0.6579632759094238,,0.13843204081058502,,5.78125
,,,,1801,,0.6467957496643066,,0.14288952946662903,,5.59375
,,,,1802,,0.6578967571258545,,0.1461779773235321,,5.6875
,,,,1803,,0.6078692078590393,,0.1410723477602005,,5.1875
,,,,1804,,0.6125607490539551,,0.13990452885627747,,5.25
,,,,1805,,0.6141785979270935,,0.1493348628282547,,5.15625
,,,,1806,,0.6519201397895813,,0.1480138897895813,,5.59375
,,,,1807,,0.6410831212997437,,0.14303624629974365,,5.53125
,,,,1808,,0.5756159424781799,,0.14202220737934113,,4.8125
,,,,1809,,0.6369571685791016,,0.13891029357910156,,5.53125
,,,,1810,,0.6231686472892761,,0.15051238238811493,,5.25
,,,,1811,,0.6523904204368591,,0.14067168533802032,,5.6875
,,,,1812,,0.6883949041366577,,0.13370740413665771,,6.15625
,,,,1813,,0.6569944024085999,,0.14136940240859985,,5.71875
,,,,1814,,0.6677840948104858,,0.13653407990932465,,5.90625
,,,,1815,,0.6633481383323669,,0.13600438833236694,,5.875
,,,,1816,,0.6774271726608276,,0.14227093756198883,,5.9375
,,,,1817,,0.680254340171814,,0.14119185507297516,,5.96875
,,,,1818,,0.6299037933349609,,0.14357566833496094,,5.40625
,,,,1819,,0.6260182857513428,,0.14164330065250397,,5.375
,,,,1820,,0.6365881562232971,,0.13268189132213593,,5.59375
,,,,1821,,0.6277354955673218,,0.14140740036964417,,5.40625
,,,,1822,,0.6839467883110046,,0.14097802340984344,,6.03125
,,,,1823,,0.6383053064346313,,0.13439908623695374,,5.59375
,,,,1824,,0.6315585970878601,,0.1393710821866989,,5.46875
,,,,1825,,0.6759490370750427,,0.13688653707504272,,5.96875
,,,,1826,,0.654903769493103,,0.13927879929542542,,5.71875
,,,,1827,,0.6274058818817139,,0.14693716168403625,,5.34375
,,,,1828,,0.5893337726593018,,0.14988061785697937,,4.875
,,,,1829,,0.5908647775650024,,0.14164604246616364,,5.0
,,,,1830,,0.6398805975914001,,0.14573995769023895,,5.5
,,,,1831,,0.6571529507637024,,0.1493404507637024,,5.625
,,,,1832,,0.6083259582519531,,0.14934155344963074,,5.09375
,,,,1833,,0.6335406303405762,,0.14330625534057617,,5.4375
,,,,1834,,0.6450294256210327,,0.1372169554233551,,5.65625
,,,,1835,,0.6628087759017944,,0.13937130570411682,,5.8125
,,,,1836,,0.6498362421989441,,0.14202375710010529,,5.625
,,,,1837,,0.6525700688362122,,0.14085133373737335,,5.6875
,,,,1838,,0.6163209080696106,,0.1553834229707718,,5.125
,,,,1839,,0.6574642062187195,,0.14183922111988068,,5.75
,,,,1840,,0.6407532095909119,,0.14856569468975067,,5.46875
,,,,1841,,0.6796367168426514,,0.13666795194149017,,6.03125
,,,,1842,,0.6673634052276611,,0.15173843502998352,,5.71875
,,,,1843,,0.6798338294029236,,0.14077132940292358,,6.0
,,,,1844,,0.641593337059021,,0.1494058072566986,,5.46875
,,,,1845,,0.638737142086029,,0.15240903198719025,,5.40625
,,,,1846,,0.6716433763504028,,0.14820586144924164,,5.8125
,,,,1847,,0.5748468637466431,,0.14515937864780426,,4.78125
,,,,1848,,0.6726663112640381,,0.1453225314617157,,5.875
,,,,1849,,0.6669446229934692,,0.14741338789463043,,5.78125
,,,,1850,,0.6654222011566162,,0.13807842135429382,,5.84375
,,,,1851,,0.6438466310501099,,0.14579977095127106,,5.53125
,,,,1852,,0.6266112923622131,,0.13637691736221313,,5.4375
,,,,1853,,0.6574602723121643,,0.1301165372133255,,5.875
,,,,1854,,0.6184317469596863,,0.14382238686084747,,5.28125
,,,,1855,,0.659994900226593,,0.14827615022659302,,5.6875
,,,,1856,,0.62313312292099,,0.14461751282215118,,5.3125
,,,,1857,,0.642667829990387,,0.14266784489154816,,5.5625
,,,,1858,,0.6777130961418152,,0.154275581240654,,5.8125
,,,,1859,,0.6680986285209656,,0.14075486361980438,,5.84375
,,,,1860,,0.6562619805335999,,0.14063698053359985,,5.71875
,,,,1861,,0.6618775725364685,,0.1345338076353073,,5.875
,,,,1862,,0.6649824380874634,,0.13763867318630219,,5.84375
,,,,1863,,0.5933387279510498,,0.1402137577533722,,5.03125
,,,,1864,,0.656133234500885,,0.148320734500885,,5.625
,,,,1865,,0.5982896685600281,,0.13930530846118927,,5.09375
,,,,1866,,0.6331026554107666,,0.1389620006084442,,5.5
,,,,1867,,0.6385205388069153,,0.14828617870807648,,5.4375
,,,,1868,,0.6079342365264893,,0.14894989132881165,,5.09375
,,,,1869,,0.637969970703125,,0.139923095703125,,5.53125
,,,,1870,,0.652999758720398,,0.14518728852272034,,5.65625
,,,,1871,,0.6542105674743652,,0.13858558237552643,,5.71875
,,,,1872,,0.571673572063446,,0.15175171196460724,,4.65625
,,,,1873,,0.6336238384246826,,0.1492488533258438,,5.375
,,,,1874,,0.6267735958099365,,0.1463048756122589,,5.34375
,,,,1875,,0.6799162030220032,,0.13694746792316437,,6.03125
,,,,1876,,0.6041415929794312,,0.15101662278175354,,5.03125
,,,,1877,,0.654859721660614,,0.135328471660614,,5.78125
,,,,1878,,0.6149861812591553,,0.13647055625915527,,5.3125
,,,,1879,,0.625939130783081,,0.13961102068424225,,5.40625
,,,,1880,,0.6035085320472717,,0.14843042194843292,,5.0625
,,,,1881,,0.677969217300415,,0.15062549710273743,,5.875
,,,,1882,,0.6545642018318176,,0.15456421673297882,,5.5625
,,,,1883,,0.6296442151069641,,0.1374567300081253,,5.46875
,,,,1884,,0.6156765818595886,,0.14692659676074982,,5.21875
,,,,1885,,0.7029620409011841,,0.1443682760000229,,6.1875
,,,,1886,,0.6548212766647339,,0.1431025117635727,,5.6875
,,,,1887,,0.6251406669616699,,0.13881251215934753,,5.40625
,,,,1888,,0.706612765789032,,0.14020651578903198,,6.3125
,,,,1889,,0.6532049775123596,,0.1375799924135208,,5.75
,,,,1890,,0.618043839931488,,0.15320007503032684,,5.15625
,,,,1891,,0.669863224029541,,0.1425195038318634,,5.875
,,,,1892,,0.6473288536071777,,0.14732888340950012,,5.5625
,,,,1893,,0.6166941523551941,,0.14403791725635529,,5.25
,,,,1894,,0.629596471786499,,0.13740898668766022,,5.46875
,,,,1895,,0.6397402882575989,,0.14559966325759888,,5.5
,,,,1896,,0.6971019506454468,,0.14241445064544678,,6.15625
,,,,1897,,0.685892641544342,,0.14292390644550323,,6.03125
,,,,1898,,0.6738359928131104,,0.14258596301078796,,5.90625
,,,,1899,,0.6138262152671814,,0.1450762152671814,,5.21875
,,,,1900,,0.6335442662239075,,0.14330990612506866,,5.4375
,,,,1901,,0.6320525407791138,,0.14181813597679138,,5.4375
,,,,1902,,0.6417652368545532,,0.14762461185455322,,5.5
,,,,1903,,0.6620646119117737,,0.14643961191177368,,5.75
,,,,1904,,0.6357858180999756,,0.14359833300113678,,5.46875
,,,,1905,,0.6253630518913269,,0.1468474268913269,,5.3125
,,,,1906,,0.6317701935768127,,0.13958269357681274,,5.46875
,,,,1907,,0.6767147779464722,,0.13374601304531097,,6.03125
,,,,1908,,0.6596047282218933,,0.14397971332073212,,5.75
,,,,1909,,0.6546549797058105,,0.15074872970581055,,5.59375
,,,,1910,,0.6000458598136902,,0.152780219912529,,4.96875
,,,,1911,,0.6702463030815125,,0.13899628818035126,,5.90625
,,,,1912,,0.6308481097221375,,0.14647309482097626,,5.375
,,,,1913,,0.6745801568031311,,0.1394239217042923,,5.9375
,,,,1914,,0.6328437328338623,,0.1484687179327011,,5.375
,,,,1915,,0.6259263753890991,,0.15131698548793793,,5.28125
,,,,1916,,0.669718861579895,,0.14237508177757263,,5.84375
,,,,1917,,0.6026003956794739,,0.14166288077831268,,5.125
,,,,1918,,0.6123161315917969,,0.13770675659179688,,5.28125
,,,,1919,,0.6338039040565491,,0.14356952905654907,,5.4375
,,,,1920,,0.6355733275413513,,0.13752643764019012,,5.53125
,,,,1921,,0.6557388305664062,,0.14011380076408386,,5.75
,,,,1922,,0.634653627872467,,0.15418489277362823,,5.34375
,,,,1923,,0.6509463787078857,,0.13922759890556335,,5.6875
,,,,1924,,0.6379390358924866,,0.13989217579364777,,5.53125
,,,,1925,,0.6351981163024902,,0.14886996150016785,,5.40625
,,,,1926,,0.594312846660614,,0.1490003615617752,,4.9375
,,,,1927,,0.6347714066505432,,0.1425839215517044,,5.46875
,,,,1928,,0.6690274477005005,,0.14949621260166168,,5.78125
,,,,1929,,0.6405929923057556,,0.1425461322069168,,5.53125
,,,,1930,,0.6440685391426086,,0.14406855404376984,,5.5625
,,,,1931,,0.7021721601486206,,0.1357658952474594,,6.28125
,,,,1932,,0.6428130269050598,,0.144766166806221,,5.53125
,,,,1933,,0.6474762558937073,,0.13966374099254608,,5.65625
,,,,1934,,0.6739264130592346,,0.13486391305923462,,6.0
,,,,1935,,0.6386898756027222,,0.14064303040504456,,5.53125
,,,,1936,,0.6484912633895874,,0.1563037484884262,,5.46875
,,,,1937,,0.6347269415855408,,0.14839880168437958,,5.40625
,,,,1938,,0.6390038132667542,,0.14681631326675415,,5.46875
,,,,1939,,0.6340672373771667,,0.13992659747600555,,5.5
,,,,1940,,0.6298159956932068,,0.1356753557920456,,5.5
,,,,1941,,0.6757189631462097,,0.14837521314620972,,5.875
,,,,1942,,0.6370193362236023,,0.1370193511247635,,5.5625
,,,,1943,,0.6236474514007568,,0.12950682640075684,,5.5
,,,,1944,,0.7358954548835754,,0.13823921978473663,,6.625
,,,,1945,,0.6684324741363525,,0.14108872413635254,,5.84375
,,,,1946,,0.6287470459938049,,0.14437204599380493,,5.375
,,,,1947,,0.7010958790779114,,0.13859589397907257,,6.25
,,,,1948,,0.6291601061820984,,0.1428319811820984,,5.40625
,,,,1949,,0.6126223802566528,,0.14387236535549164,,5.21875
,,,,1950,,0.6294894814491272,,0.1392551064491272,,5.4375
,,,,1951,,0.666283369064331,,0.14675211906433105,,5.78125
,,,,1952,,0.6158134937286377,,0.1470634639263153,,5.21875
,,,,1953,,0.6933919787406921,,0.14651696383953094,,6.0625
,,,,1954,,0.653896689414978,,0.14217790961265564,,5.6875
,,,,1955,,0.6270667314529419,,0.14659801125526428,,5.34375
,,,,1956,,0.6515973210334778,,0.1437848061323166,,5.65625
,,,,1957,,0.6465287804603577,,0.14652879536151886,,5.5625
,,,,1958,,0.6277695298194885,,0.14730077981948853,,5.34375
,,,,1959,,0.6726477146148682,,0.14530399441719055,,5.875
,,,,1960,,0.6674748659133911,,0.15184985101222992,,5.75
,,,,1961,,0.6516165137290955,,0.14380399882793427,,5.625
,,,,1962,,0.6637820601463318,,0.1481570452451706,,5.75
,,,,1963,,0.6143968105316162,,0.14174054563045502,,5.25
,,,,1964,,0.6431140303611755,,0.14897339046001434,,5.5
,,,,1965,,0.6490975618362427,,0.13347259163856506,,5.75
,,,,1966,,0.680557131767273,,0.13368210196495056,,6.0625
,,,,1967,,0.6883974671363831,,0.13761620223522186,,6.125
,,,,1968,,0.6126888990402222,,0.15175138413906097,,5.125
,,,,1969,,0.6263902187347412,,0.1420152336359024,,5.375
,,,,1970,,0.6009578704833984,,0.14002038538455963,,5.125
,,,,1971,,0.6601697206497192,,0.14845095574855804,,5.6875
,,,,1972,,0.6257217526435852,,0.1413467675447464,,5.375
,,,,1973,,0.6156405210494995,,0.1488436609506607,,5.1875
,,,,1974,,0.6449493169784546,,0.14494933187961578,,5.5625
,,,,1975,,0.6401483416557312,,0.1401483565568924,,5.5625
,,,,1976,,0.6649990081787109,,0.14937400817871094,,5.71875
,,,,1977,,0.6611737012863159,,0.14554867148399353,,5.71875
,,,,1978,,0.6626768708229065,,0.1470518708229065,,5.71875
,,,,1979,,0.6112822890281677,,0.13276667892932892,,5.3125
,,,,1980,,0.6364760398864746,,0.1442885547876358,,5.46875
,,,,1981,,0.6449742317199707,,0.1449742317199707,,5.5625
,,,,1982,,0.6464304327964783,,0.13471169769763947,,5.6875
,,,,1983,,0.6200659871101379,,0.15326912701129913,,5.1875
,,,,1984,,0.6125224232673645,,0.1535380482673645,,5.09375
,,,,1985,,0.6282526850700378,,0.15559644997119904,,5.25
,,,,1986,,0.6213706731796265,,0.13699567317962646,,5.375
,,,,1987,,0.6343097686767578,,0.14212223887443542,,5.46875
,,,,1988,,0.5937096476554871,,0.13863153755664825,,5.0625
,,,,1989,,0.6078797578811646,,0.14694225788116455,,5.125
,,,,1990,,0.6798199415206909,,0.14466367661952972,,5.9375
,,,,1991,,0.6598069667816162,,0.1480882465839386,,5.6875
,,,,1992,,0.6398599147796631,,0.1398598849773407,,5.5625
,,,,1993,,0.6451072692871094,,0.145107239484787,,5.5625
,,,,1994,,0.6564362049102783,,0.1408112347126007,,5.71875
,,,,1995,,0.6512143611907959,,0.1355893313884735,,5.71875
,,,,1996,,0.6363686323165894,,0.14613427221775055,,5.4375
,,,,1997,,0.6468234658241272,,0.1487765908241272,,5.53125
,,,,1998,,0.6789764165878296,,0.1399139016866684,,5.96875
,,,,1999,,0.6131589412689209,,0.1444089710712433,,5.21875
,,,,2000,,0.6559079885482788,,0.1402830183506012,,5.75
,,,,2001,,0.6263902187347412,,0.1400620937347412,,5.40625
,,,,2002,,0.659347653388977,,0.14762891829013824,,5.6875
,,,,2003,,0.6327577233314514,,0.1483827382326126,,5.375
,,,,2004,,0.6410589814186096,,0.14691835641860962,,5.5
,,,,2005,,0.668872594833374,,0.14543506503105164,,5.8125
,,,,2006,,0.6197080612182617,,0.14509868621826172,,5.28125
,,,,2007,,0.6140760183334351,,0.14727915823459625,,5.1875
,,,,2008,,0.6019842624664307,,0.15276551246643066,,5.0
,,,,2009,,0.6353981494903564,,0.14321064949035645,,5.46875
,,,,2010,,0.6745254397392273,,0.1393691897392273,,5.9375
,,,,2011,,0.6559298038482666,,0.1403047740459442,,5.71875
,,,,2012,,0.6176703572273254,,0.14501410722732544,,5.25
,,,,2013,,0.6684032678604126,,0.13324704766273499,,5.9375
,,,,2014,,0.6446624398231506,,0.15052182972431183,,5.5
,,,,2015,,0.6040824055671692,,0.1392386555671692,,5.15625
,,,,2016,,0.6654449701309204,,0.1381012499332428,,5.875
,,,,2017,,0.6281238198280334,,0.14960820972919464,,5.3125
,,,,2018,,0.660010039806366,,0.14438502490520477,,5.71875
,,,,2019,,0.622796356678009,,0.14232762157917023,,5.34375
,,,,2020,,0.6213047504425049,,0.15255475044250488,,5.21875
,,,,2021,,0.7098243236541748,,0.14341804385185242,,6.3125
,,,,2022,,0.6326196193695068,,0.14824464917182922,,5.375
,,,,2023,,0.6342740654945374,,0.14208658039569855,,5.46875
,,,,2024,,0.6804741621017456,,0.1414116770029068,,5.96875
,,,,2025,,0.664444625377655,,0.13710089027881622,,5.84375
,,,,2026,,0.6170252561569214,,0.1443689912557602,,5.25
,,,,2027,,0.64286208152771,,0.15067461133003235,,5.46875
,,,,2028,,0.6323443651199341,,0.1421099752187729,,5.4375
,,,,2029,,0.6286015510559082,,0.13836714625358582,,5.4375
,,,,2030,,0.7131114602088928,,0.14670521020889282,,6.28125
,,,,2031,,0.6573728322982788,,0.14956031739711761,,5.625
,,,,2032,,0.6205661296844482,,0.14790987968444824,,5.25
,,,,2033,,0.6248440742492676,,0.13851596415042877,,5.40625
,,,,2034,,0.6414749622344971,,0.14147496223449707,,5.5625
,,,,2035,,0.6448925137519836,,0.14684565365314484,,5.53125
,,,,2036,,0.6801313161849976,,0.14106883108615875,,5.96875
,,,,2037,,0.6458861827850342,,0.1419799029827118,,5.59375
,,,,2038,,0.6271820068359375,,0.1369476020336151,,5.4375
,,,,2039,,0.6123788356781006,,0.14753508567810059,,5.15625
,,,,2040,,0.6236005425453186,,0.1450849324464798,,5.3125
,,,,2041,,0.678045928478241,,0.14288966357707977,,5.9375
,,,,2042,,0.6307787895202637,,0.13663819432258606,,5.5
,,,,2043,,0.5896647572517395,,0.1443522721529007,,4.9375
,,,,2044,,0.6348662972450256,,0.14853817224502563,,5.40625
,,,,2045,,0.6367334723472595,,0.13673347234725952,,5.5625
,,,,2046,,0.6612538695335388,,0.1534413844347,,5.625
,,,,2047,,0.628746747970581,,0.13851238787174225,,5.4375
,,,,2048,,0.6511910557746887,,0.13947232067584991,,5.6875
,,,,2049,,0.647227942943573,,0.135509192943573,,5.6875
,,,,2050,,0.678984522819519,,0.14773450791835785,,5.90625
,,,,2051,,0.6403293013572693,,0.13642306625843048,,5.59375
,,,,2052,,0.611961841583252,,0.14516496658325195,,5.1875
,,,,2053,,0.6859019994735718,,0.14683951437473297,,6.0
,,,,2054,,0.6339573860168457,,0.1476292759180069,,5.40625
,,,,2055,,0.6521260142326355,,0.1365009993314743,,5.71875
,,,,2056,,0.6528605222702026,,0.13723549246788025,,5.71875
,,,,2057,,0.6120030283927917,,0.14520616829395294,,5.1875
,,,,2058,,0.5988409519195557,,0.14571596682071686,,5.03125
,,,,2059,,0.6564533114433289,,0.14864081144332886,,5.625
,,,,2060,,0.5911034345626831,,0.1438378095626831,,4.96875
,,,,2061,,0.6837115287780762,,0.14464902877807617,,5.96875
,,,,2062,,0.6195807456970215,,0.14497137069702148,,5.28125
,,,,2063,,0.6231369972229004,,0.14462140202522278,,5.3125
,,,,2064,,0.6474044322967529,,0.13959191739559174,,5.65625
,,,,2065,,0.6854997873306274,,0.14253105223178864,,6.03125
,,,,2066,,0.6028448939323425,,0.14190740883350372,,5.125
,,,,2067,,0.6486338376998901,,0.14863382279872894,,5.5625
,,,,2068,,0.6129845380783081,,0.13837513327598572,,5.28125
,,,,2069,,0.6572024822235107,,0.14157745242118835,,5.71875
,,,,2070,,0.626149594783783,,0.14763396978378296,,5.3125
,,,,2071,,0.6716679930686951,,0.14432422816753387,,5.84375
,,,,2072,,0.5689725875854492,,0.1451444923877716,,4.71875
,,,,2073,,0.6735079288482666,,0.1461641490459442,,5.875
,,,,2074,,0.629764974117279,,0.14343683421611786,,5.40625
,,,,2075,,0.6392868757247925,,0.14905253052711487,,5.4375
,,,,2076,,0.6710026264190674,,0.147565096616745,,5.8125
,,,,2077,,0.6703926920890808,,0.143048956990242,,5.875
,,,,2078,,0.6688308715820312,,0.14148715138435364,,5.875
,,,,2079,,0.6388802528381348,,0.13888026773929596,,5.5625
,,,,2080,,0.656201958656311,,0.14057692885398865,,5.71875
,,,,2081,,0.7052990794181824,,0.14279906451702118,,6.25
,,,,2082,,0.6475077271461487,,0.1396952122449875,,5.625
,,,,2083,,0.6658689975738525,,0.13852527737617493,,5.84375
,,,,2084,,0.6051391363143921,,0.15592040121555328,,5.0
,,,,2085,,0.6416464447975159,,0.13774020969867706,,5.59375
,,,,2086,,0.6325454115867615,,0.13840480148792267,,5.5
,,,,2087,,0.6451246738433838,,0.1509840488433838,,5.5
,,,,2088,,0.6291359663009644,,0.13694848120212555,,5.46875
,,,,2089,,0.712659478187561,,0.14625321328639984,,6.3125
,,,,2090,,0.6351627707481384,,0.14102216064929962,,5.5
,,,,2091,,0.6491469144821167,,0.1413344293832779,,5.625
,,,,2092,,0.6593084335327148,,0.14368346333503723,,5.75
,,,,2093,,0.586762547492981,,0.14730940759181976,,4.875
,,,,2094,,0.6550728678703308,,0.147260382771492,,5.625
,,,,2095,,0.6443614363670349,,0.1443614512681961,,5.5625
,,,,2096,,0.6805923581123352,,0.1493423730134964,,5.90625
,,,,2097,,0.7088817954063416,,0.13856928050518036,,6.34375
,,,,2098,,0.6753277778625488,,0.13626526296138763,,5.96875
,,,,2099,,0.661338210105896,,0.1457131952047348,,5.71875
,,,,2100,,0.6266223788261414,,0.14029423892498016,,5.40625
,,,,2101,,0.6478492021560669,,0.1439429372549057,,5.59375
,,,,2102,,0.6779757738113403,,0.15063203871250153,,5.875
,,,,2103,,0.6178810596466064,,0.15108415484428406,,5.1875
,,,,2104,,0.6461349725723267,,0.13832248747348785,,5.625
,,,,2105,,0.6590049862861633,,0.14337998628616333,,5.75
,,,,2106,,0.6265002489089966,,0.13626590371131897,,5.4375
,,,,2107,,0.622742772102356,,0.13641466200351715,,5.40625
,,,,2108,,0.6780518293380737,,0.13117682933807373,,6.0625
,,,,2109,,0.6213545203208923,,0.14869827032089233,,5.25
,,,,2110,,0.6774746179580688,,0.13841211795806885,,6.0
,,,,2111,,0.6454300284385681,,0.15128940343856812,,5.5
,,,,2112,,0.6272686123847961,,0.14875298738479614,,5.3125
,,,,2113,,0.5965359807014465,,0.15122349560260773,,4.9375
,,,,2114,,0.6328462958335876,,0.14847131073474884,,5.375
,,,,2115,,0.613980770111084,,0.13937139511108398,,5.28125
,,,,2116,,0.6680763959884644,,0.14854514598846436,,5.78125
,,,,2117,,0.7098201513290405,,0.14341387152671814,,6.28125
,,,,2118,,0.7014294862747192,,0.15064825117588043,,6.125
,,,,2119,,0.6187065243721008,,0.14019089937210083,,5.3125
,,,,2120,,0.6894291043281555,,0.1425541192293167,,6.0625
,,,,2121,,0.6383053660392761,,0.15393035113811493,,5.375
,,,,2122,,0.6442924737930298,,0.14624561369419098,,5.53125
,,,,2123,,0.664662778377533,,0.14513151347637177,,5.78125
,,,,2124,,0.7053072452545166,,0.1428072452545166,,6.25
,,,,2125,,0.6323390603065491,,0.13819843530654907,,5.5
,,,,2126,,0.6529966592788696,,0.14518412947654724,,5.65625
,,,,2127,,0.6145492792129517,,0.13993987441062927,,5.28125
,,,,2128,,0.6326661109924316,,0.14047858119010925,,5.46875
,,,,2129,,0.6393232345581055,,0.15299512445926666,,5.40625
,,,,2130,,0.6606737375259399,,0.14504872262477875,,5.75
,,,,2131,,0.6185399889945984,,0.14002437889575958,,5.3125
,,,,2132,,0.6135088205337524,,0.14671193063259125,,5.1875
,,,,2133,,0.6629123091697693,,0.1394747942686081,,5.8125
,,,,2134,,0.615426778793335,,0.14862993359565735,,5.1875
,,,,2135,,0.58631831407547,,0.14100582897663116,,4.9375
,,,,2136,,0.712759256362915,,0.14635302126407623,,6.3125
,,,,2137,,0.621698260307312,,0.15490135550498962,,5.1875
,,,,2138,,0.6657856106758118,,0.13844186067581177,,5.875
,,,,2139,,0.5937346816062927,,0.14646904170513153,,4.96875
,,,,2140,,0.6435331702232361,,0.14548631012439728,,5.53125
,,,,2141,,0.6981730461120605,,0.13957932591438293,,6.21875
,,,,2142,,0.7021033763885498,,0.1513221561908722,,6.125
,,,,2143,,0.6010517477989197,,0.14597360789775848,,5.0625
,,,,2144,,0.6792253255844116,,0.14016284048557281,,6.0
,,,,2145,,0.652469277381897,,0.14075051248073578,,5.6875
,,,,2146,,0.6446651220321655,,0.14466513693332672,,5.5625
,,,,2147,,0.6736598014831543,,0.1424097865819931,,5.90625
,,,,2148,,0.5944918394088745,,0.14722619950771332,,4.96875
,,,,2149,,0.6635021567344666,,0.14397092163562775,,5.78125
,,,,2150,,0.6376720666885376,,0.15329709649085999,,5.375
,,,,2151,,0.6206130981445312,,0.14209750294685364,,5.3125
,,,,2152,,0.6128647327423096,,0.14020845293998718,,5.25
,,,,2153,,0.6340816617012024,,0.1477535516023636,,5.40625
,,,,2154,,0.6689490079879761,,0.14941777288913727,,5.78125
,,,,2155,,0.6727645397186279,,0.14542078971862793,,5.875
,,,,2156,,0.6437861323356628,,0.14378611743450165,,5.5625
,,,,2157,,0.5905277729034424,,0.1452152580022812,,4.9375
,,,,2158,,0.603550136089325,,0.14847199618816376,,5.0625
,,,,2159,,0.583380401134491,,0.14978663623332977,,4.8125
,,,,2160,,0.6370354890823364,,0.14289487898349762,,5.5
,,,,2161,,0.625616192817688,,0.14124120771884918,,5.375
,,,,2162,,0.6090407371520996,,0.1422438621520996,,5.1875
,,,,2163,,0.6579630970954895,,0.1501505821943283,,5.625
,,,,2164,,0.6280276775360107,,0.13584020733833313,,5.46875
,,,,2165,,0.7160159945487976,,0.1457035094499588,,6.34375
,,,,2166,,0.6665940880775452,,0.14706285297870636,,5.78125
,,,,2167,,0.6539439558982849,,0.13831894099712372,,5.71875
,,,,2168,,0.6622366905212402,,0.14270544052124023,,5.78125
,,,,2169,,0.6064524054527283,,0.14746801555156708,,5.09375
,,,,2170,,0.6152324080467224,,0.1308574229478836,,5.375
,,,,2171,,0.6474252939224243,,0.13961276412010193,,5.625
,,,,2172,,0.6630528569221497,,0.13570909202098846,,5.84375
,,,,2173,,0.6699485778808594,,0.146511048078537,,5.8125
,,,,2174,,0.6240333914756775,,0.15137715637683868,,5.25
,,,,2175,,0.6278311014175415,,0.1473623365163803,,5.34375
,,,,2176,,0.6324694752693176,,0.14223510026931763,,5.4375
,,,,2177,,0.6673574447631836,,0.1400136947631836,,5.84375
,,,,2178,,0.609943687915802,,0.150959312915802,,5.09375
,,,,2179,,0.624146580696106,,0.13977158069610596,,5.375
,,,,2180,,0.6232670545578003,,0.1330326646566391,,5.4375
,,,,2181,,0.6187874674797058,,0.146131232380867,,5.25
,,,,2182,,0.6407561898231506,,0.14270932972431183,,5.53125
,,,,2183,,0.6295333504676819,,0.15492399036884308,,5.28125
,,,,2184,,0.6774666905403137,,0.14231044054031372,,5.9375
,,,,2185,,0.6040842533111572,,0.14509986340999603,,5.09375
,,,,2186,,0.648390531539917,,0.1503436416387558,,5.53125
,,,,2187,,0.672789454460144,,0.15716443955898285,,5.75
,,,,2188,,0.6395086646080017,,0.1395086646080017,,5.5625
,,,,2189,,0.6992597579956055,,0.13285353779792786,,6.28125
,,,,2190,,0.5941469669342041,,0.1390688121318817,,5.0625
,,,,2191,,0.5878919959068298,,0.14062637090682983,,4.96875
,,,,2192,,0.6468601226806641,,0.13123509287834167,,5.71875
,,,,2193,,0.6715787649154663,,0.13642250001430511,,5.9375
,,,,2194,,0.6804323196411133,,0.14136981964111328,,6.0
,,,,2195,,0.6201856732368469,,0.14557628333568573,,5.28125
,,,,2196,,0.5931771397590637,,0.14591152966022491,,4.96875
,,,,2197,,0.6623603105545044,,0.1389227956533432,,5.8125
,,,,2198,,0.6430809497833252,,0.1450340449810028,,5.53125
,,,,2199,,0.7203402519226074,,0.15002776682376862,,6.34375
,,,,2200,,0.6821002960205078,,0.1508502960205078,,5.90625
,,,,2201,,0.6819642782211304,,0.13508924841880798,,6.0625
,,,,2202,,0.6216388940811157,,0.14898261427879333,,5.25
,,,,2203,,0.6437076926231384,,0.14370767772197723,,5.5625
,,,,2204,,0.634202241897583,,0.14201471209526062,,5.46875
,,,,2205,,0.6548462510108948,,0.14703375101089478,,5.65625
,,,,2206,,0.6337370872497559,,0.15326833724975586,,5.34375
,,,,2207,,0.5914435982704163,,0.14417798817157745,,4.96875
,,,,2208,,0.6982528567314148,,0.1396591067314148,,6.1875
,,,,2209,,0.6372652649879456,,0.15289027988910675,,5.375
,,,,2210,,0.6520043611526489,,0.15200437605381012,,5.5625
,,,,2211,,0.6365219354629517,,0.15605318546295166,,5.34375
,,,,2212,,0.6183925271034241,,0.13792377710342407,,5.34375
,,,,2213,,0.5957695245742798,,0.15045703947544098,,4.9375
,,,,2214,,0.6392819285392761,,0.14123506844043732,,5.53125
,,,,2215,,0.6537533402442932,,0.1381283402442932,,5.75
,,,,2216,,0.6499567031860352,,0.14214418828487396,,5.625
,,,,2217,,0.6765535473823547,,0.13749106228351593,,5.96875
,,,,2218,,0.7435919642448425,,0.14202944934368134,,6.6875
,,,,2219,,0.6347772479057312,,0.1425897479057312,,5.46875
,,,,2220,,0.5920774936676025,,0.14285877346992493,,5.0
,,,,2221,,0.6592931747436523,,0.14366820454597473,,5.75
,,,,2222,,0.6006782054901123,,0.1397407352924347,,5.125
,,,,2223,,0.6349179744720459,,0.1505429744720459,,5.375
,,,,2224,,0.692932665348053,,0.13824518024921417,,6.15625
,,,,2225,,0.6422275900840759,,0.14418072998523712,,5.53125
,,,,2226,,0.6331105828285217,,0.15264184772968292,,5.34375
,,,,2227,,0.6341426372528076,,0.14195516705513,,5.46875
,,,,2228,,0.6503552794456482,,0.1425427943468094,,5.65625
,,,,2229,,0.6439384818077087,,0.14589159190654755,,5.53125
,,,,2230,,0.6846817135810852,,0.1417129635810852,,6.03125
,,,,2231,,0.7014701962471008,,0.13897019624710083,,6.25
,,,,2232,,0.6006243228912354,,0.15531182289123535,,4.9375
,,,,2233,,0.6747589707374573,,0.14350897073745728,,5.90625
,,,,2234,,0.6236454844474792,,0.13731737434864044,,5.40625
,,,,2235,,0.6242169141769409,,0.1457013040781021,,5.3125
,,,,2236,,0.6657788753509521,,0.14624762535095215,,5.78125
,,,,2237,,0.6160445809364319,,0.14924772083759308,,5.1875
,,,,2238,,0.643355667591095,,0.13944940268993378,,5.59375
,,,,2239,,0.6327729821205139,,0.13863235712051392,,5.5
,,,,2240,,0.6371932625770569,,0.14695888757705688,,5.4375
,,,,2241,,0.659929096698761,,0.144304096698761,,5.71875
,,,,2242,,0.6341580152511597,,0.14197051525115967,,5.46875
,,,,2243,,0.6910269260406494,,0.1597769558429718,,5.90625
,,,,2244,,0.6355832815170288,,0.14144264161586761,,5.5
,,,,2245,,0.6133261919021606,,0.14457622170448303,,5.21875
,,,,2246,,0.6346645355224609,,0.14443013072013855,,5.4375
,,,,2247,,0.6267672181129456,,0.14629846811294556,,5.34375
,,,,2248,,0.6445243954658508,,0.14061816036701202,,5.59375
,,,,2249,,0.6642811894416809,,0.1447499543428421,,5.78125
,,,,2250,,0.590302050113678,,0.14498956501483917,,4.9375
,,,,2251,,0.6058053374290466,,0.15072719752788544,,5.0625
,,,,2252,,0.6685224175453186,,0.1450849324464798,,5.8125
,,,,2253,,0.6563991904258728,,0.1368679255247116,,5.78125
,,,,2254,,0.6993548274040222,,0.14857356250286102,,6.125
,,,,2255,,0.6870937347412109,,0.14021873474121094,,6.09375
,,,,2256,,0.5973244905471802,,0.15591824054718018,,4.90625
,,,,2257,,0.6095576286315918,,0.1427607238292694,,5.1875
,,,,2258,,0.6241846084594727,,0.15152837336063385,,5.25
,,,,2259,,0.6224441528320312,,0.14978793263435364,,5.25
,,,,2260,,0.6766424775123596,,0.1571112424135208,,5.78125
,,,,2261,,0.6243447661399841,,0.13020415604114532,,5.5
,,,,2262,,0.6605157852172852,,0.14489081501960754,,5.71875
,,,,2263,,0.6508514285087585,,0.14694519340991974,,5.59375
,,,,2264,,0.5912323594093323,,0.14591985940933228,,4.9375
,,,,2265,,0.6503112316131592,,0.13468621671199799,,5.71875
,,,,2266,,0.6429541110992432,,0.14295408129692078,,5.5625
,,,,2267,,0.6188926100730896,,0.1520957499742508,,5.1875
,,,,2268,,0.6694686412811279,,0.14212486147880554,,5.875
,,,,2269,,0.6445691585540771,,0.14066292345523834,,5.59375
,,,,2270,,0.6385186910629272,,0.13461245596408844,,5.59375
,,,,2271,,0.6528991460800171,,0.1450866162776947,,5.65625
,,,,2272,,0.6401708126068115,,0.14798331260681152,,5.46875
,,,,2273,,0.5854165554046631,,0.15572908520698547,,4.78125
,,,,2274,,0.6396791338920593,,0.14163227379322052,,5.53125
,,,,2275,,0.6274722218513489,,0.13723786175251007,,5.4375
,,,,2276,,0.657965898513794,,0.14234091341495514,,5.75
,,,,2277,,0.6017398238182068,,0.1466616988182068,,5.0625
,,,,2278,,0.6739524006843567,,0.14270241558551788,,5.90625
,,,,2279,,0.6627662181854248,,0.1393287479877472,,5.8125
,,,,2280,,0.6784052848815918,,0.1354365348815918,,6.03125
,,,,2281,,0.643348217010498,,0.14530131220817566,,5.53125
,,,,2282,,0.614368736743927,,0.141712486743927,,5.25
,,,,2283,,0.6010615825653076,,0.1479365974664688,,5.03125
3,,,,20551,0.6438971757888794,,0.14366337656974792,,5.55845308303833,
4,0.168500617146492,0.019086549058556557,1.65625,20599,,,,,,
4,0.1751391887664795,0.022795433178544044,1.6875,20649,,,,,,
4,0.18061761558055878,0.022414492443203926,1.7578125,20699,,,,,,
4,0.16052521765232086,0.015993962064385414,1.6015625,20749,,,,,,
4,0.16348762810230255,0.018956376239657402,1.6015625,20799,,,,,,
4,0.17388629913330078,0.018612857908010483,1.7265625,20849,,,,,,
4,0.17870394885540009,0.021477384492754936,1.75,20899,,,,,,
4,0.17099347710609436,0.020602857694029808,1.671875,20949,,,,,,
4,0.18187731504440308,0.01976793445646763,1.796875,20999,,,,,,
4,0.17624400556087494,0.02194712869822979,1.71875,21049,,,,,,
4,0.16306085884571075,0.020482728257775307,1.5859375,21099,,,,,,
4,0.16582567989826202,0.02422412298619747,1.578125,21149,,,,,,
4,0.17835645377635956,0.021129893139004707,1.75,21199,,,,,,
4,0.16872094571590424,0.017353756353259087,1.6796875,21249,,,,,,
4,0.18509778380393982,0.02689465880393982,1.7578125,21299,,,,,,
4,0.17046983540058136,0.02105577290058136,1.65625,21349,,,,,,
4,0.17289946973323822,0.02055571787059307,1.6953125,21399,,,,,,
4,0.17095009982585907,0.01958291605114937,1.6796875,21449,,,,,,
4,0.1702602654695511,0.019869642332196236,1.671875,21499,,,,,,
4,0.17715324461460114,0.019926678389310837,1.7421875,21549,,,,,,
4,0.17529620230197906,0.021975886076688766,1.703125,21599,,,,,,
4,0.17772585153579712,0.020499292761087418,1.7421875,21649,,,,,,
4,0.1778518408536911,0.0206252783536911,1.7421875,21699,,,,,,
4,0.16808679699897766,0.01964929699897766,1.6484375,21749,,,,,,
4,0.1731259673833847,0.018829097971320152,1.71875,21799,,,,,,
4,0.17338286340236664,0.022015679627656937,1.6796875,21849,,,,,,
4,0.16964800655841827,0.018280820921063423,1.6796875,21899,,,,,,
4,0.17876669764518738,0.020563572645187378,1.7578125,21949,,,,,,
4,0.17805518209934235,0.020828615874052048,1.7421875,21999,,,,,,
4,0.17275986075401306,0.020416105166077614,1.6953125,22049,,,,,,
4,0.18799573183059692,0.023933226242661476,1.8203125,22099,,,,,,
4,0.1672346293926239,0.020750250667333603,1.6328125,22149,,,,,,
4,0.18700934946537018,0.02489996887743473,1.8046875,22199,,,,,,
4,0.17093802988529205,0.0215239729732275,1.65625,22249,,,,,,
4,0.16441500186920166,0.01988374814391136,1.609375,22299,,,,,,
4,0.17036007344722748,0.02094600535929203,1.6640625,22349,,,,,,
4,0.17410840094089508,0.02371777966618538,1.671875,22399,,,,,,
4,0.17424960434436798,0.02288241870701313,1.6796875,22449,,,,,,
4,0.18286484479904175,0.02368515357375145,1.7734375,22499,,,,,,
4,0.16469894349575043,0.020167691633105278,1.6015625,22549,,,,,,
4,0.17635595798492432,0.021082520484924316,1.7265625,22599,,,,,,
4,0.15985187888145447,0.01825031079351902,1.578125,22649,,,,,,
4,0.17299336194992065,0.018696492537856102,1.71875,22699,,,,,,
4,0.1698562651872635,0.020442208275198936,1.6640625,22749,,,,,,
4,0.1770489662885666,0.02275209128856659,1.7109375,22799,,,,,,
4,0.16745975613594055,0.020975377410650253,1.6328125,22849,,,,,,
4,0.17331425845623016,0.019017383456230164,1.7109375,22899,,,,,,
4,0.17732447385787964,0.01912134326994419,1.7578125,22949,,,,,,
4,0.1791428178548813,0.01996312476694584,1.7734375,22999,,,,,,
4,0.17305269837379456,0.017779264599084854,1.7265625,23049,,,,,,
4,0.1708226203918457,0.018478872254490852,1.6875,23099,,,,,,
4,0.172072172164917,0.017775297164916992,1.7109375,23149,,,,,,
4,0.17825022339820862,0.022000230848789215,1.734375,23199,,,,,,
4,0.16859155893325806,0.02406030334532261,1.609375,23249,,,,,,
4,0.16823279857635498,0.01784217357635498,1.671875,23299,,,,,,
4,0.16151481866836548,0.016007008031010628,1.6171875,23349,,,,,,
4,0.17121390998363495,0.021799849346280098,1.6640625,23399,,,,,,
4,0.16855143010616302,0.016207674518227577,1.6875,23449,,,,,,
4,0.17461749911308289,0.023250311613082886,1.6796875,23499,,,,,,
4,0.17906725406646729,0.019887572154402733,1.7734375,23549,,,,,,
4,0.15377914905548096,0.016083836555480957,1.53125,23599,,,,,,
4,0.15976618230342865,0.017188051715493202,1.5859375,23649,,,,,,
4,0.16833651065826416,0.02185213193297386,1.6328125,23699,,,,,,
4,0.16431869566440582,0.01881088875234127,1.6171875,23749,,,,,,
4,0.17466700077056885,0.018417002633213997,1.734375,23799,,,,,,
4,0.16998475790023804,0.01861756667494774,1.6796875,23849,,,,,,
4,0.16495338082313538,0.01846900023519993,1.6328125,23899,,,,,,
4,0.17107529938220978,0.02068466879427433,1.671875,23949,,,,,,
4,0.1575147807598114,0.017866337671875954,1.5546875,23999,,,,,,
4,0.17778964340686798,0.01860995404422283,1.7734375,24049,,,,,,
4,0.17537468671798706,0.01814812794327736,1.7421875,24099,,,,,,
4,0.17824068665504456,0.022967243567109108,1.7265625,24149,,,,,,
4,0.166879802942276,0.020395435392856598,1.625,24199,,,,,,
4,0.17531341314315796,0.025899354368448257,1.65625,24249,,,,,,
4,0.16680258512496948,0.017388518899679184,1.65625,24299,,,,,,
4,0.16013559699058533,0.01658090576529503,1.59375,24349,,,,,,
4,0.1716771423816681,0.018356824293732643,1.703125,24399,,,,,,
4,0.16239893436431885,0.017867691814899445,1.6015625,24449,,,,,,
4,0.17953374981880188,0.016447806730866432,1.8125,24499,,,,,,
4,0.15853944420814514,0.018891001120209694,1.546875,24549,,,,,,
4,0.1725338101387024,0.02311975136399269,1.6640625,24599,,,,,,
4,0.1736949235200882,0.017444921657443047,1.734375,24649,,,,,,
4,0.182381272315979,0.025154709815979004,1.75,24699,,,,,,
4,0.1615108847618103,0.014049947261810303,1.640625,24749,,,,,,
4,0.15985403954982758,0.019229033961892128,1.5625,24799,,,,,,
4,0.16956362128257751,0.01624331623315811,1.703125,24849,,,,,,
4,0.1612604409456253,0.017705747857689857,1.59375,24899,,,,,,
4,0.17361873388290405,0.024204669520258904,1.6640625,24949,,,,,,
4,0.1787857711315155,0.0215592160820961,1.7421875,24999,,,,,,
4,0.17115114629268646,0.01978396438062191,1.6796875,25049,,,,,,
4,0.17238160967826843,0.019061291590332985,1.703125,25099,,,,,,
4,0.18180032074451447,0.025550315156579018,1.734375,25149,,,,,,
4,0.1659558266401291,0.02044801041483879,1.6171875,25199,,,,,,
4,0.16838017106056213,0.018966101109981537,1.65625,25249,,,,,,
4,0.1737547516822815,0.01945788413286209,1.71875,25299,,,,,,
4,0.15937213599681854,0.01972370035946369,1.546875,25349,,,,,,
4,0.16845741868019104,0.01904335618019104,1.6640625,25399,,,,,,
4,0.16114541888237,0.021496977657079697,1.5546875,25449,,,,,,
4,0.1613287776708603,0.01679752767086029,1.6015625,25499,,,,,,
4,0.17388910055160522,0.021545343101024628,1.6953125,25549,,,,,,
4,0.17196255922317505,0.01961880549788475,1.6875,25599,,,,,,
4,0.15960770845413208,0.01702958159148693,1.5859375,25649,,,,,,
,,,,2284,,0.3053993284702301,,0.0456337071955204,,2.890625
,,,,2285,,0.29354557394981384,,0.043545570224523544,,2.78125
,,,,2286,,0.3127485513687134,,0.04321730509400368,,2.984375
,,,,2287,,0.3053310215473175,,0.0436122789978981,,2.90625
,,,,2288,,0.3179391622543335,,0.0445016585290432,,3.03125
,,,,2289,,0.2603455185890198,,0.04843146353960037,,2.359375
,,,,2290,,0.28192901611328125,,0.04560088366270065,,2.625
,,,,2291,,0.27960172295570374,,0.04229702427983284,,2.640625
,,,,2292,,0.3322909474372864,,0.04908783361315727,,3.15625
,,,,2293,,0.31065669655799866,,0.046984825283288956,,2.921875
,,,,2294,,0.310745507478714,,0.04316737875342369,,2.96875
,,,,2295,,0.3275275230407715,,0.04041813686490059,,3.1875
,,,,2296,,0.2866742014884949,,0.04741639271378517,,2.65625
,,,,2297,,0.290566086769104,,0.0434957891702652,,2.75
,,,,2298,,0.2799283266067505,,0.04067052900791168,,2.65625
,,,,2299,,0.2807084619998932,,0.04145063832402229,,2.65625
,,,,2300,,0.3100171983242035,,0.046345312148332596,,2.9375
,,,,2301,,0.30063962936401367,,0.04282714053988457,,2.859375
,,,,2302,,0.3085917830467224,,0.04491991549730301,,2.921875
,,,,2303,,0.28663313388824463,,0.04053938388824463,,2.734375
,,,,2304,,0.3256341516971588,,0.044384151697158813,,3.125
,,,,2305,,0.3092302978038788,,0.04555841162800789,,2.9375
,,,,2306,,0.28315556049346924,,0.045850858092308044,,2.640625
,,,,2307,,0.2847282290458679,,0.04156415909528732,,2.703125
,,,,2308,,0.28985345363616943,,0.04375971481204033,,2.734375
,,,,2309,,0.3251311182975769,,0.04583423584699631,,3.109375
,,,,2310,,0.32211166620254517,,0.042814794927835464,,3.09375
,,,,2311,,0.30061447620391846,,0.044755108654499054,,2.84375
,,,,2312,,0.31997349858283997,,0.04653600975871086,,3.03125
,,,,2313,,0.294558584690094,,0.04553515464067459,,2.765625
,,,,2314,,0.3035152852535248,,0.04765591397881508,,2.84375
,,,,2315,,0.3061840534210205,,0.04641842842102051,,2.890625
,,,,2316,,0.31014811992645264,,0.04256999492645264,,2.96875
,,,,2317,,0.30029594898223877,,0.048342835158109665,,2.796875
,,,,2318,,0.30001357197761536,,0.04610731825232506,,2.828125
,,,,2319,,0.2803247570991516,,0.04399663954973221,,2.625
,,,,2320,,0.27675554156303406,,0.04335711523890495,,2.59375
,,,,2321,,0.30788901448249817,,0.044217128306627274,,2.9375
,,,,2322,,0.29154258966445923,,0.045448847115039825,,2.734375
,,,,2323,,0.30149126052856445,,0.043678753077983856,,2.859375
,,,,2324,,0.2809125483036041,,0.04165473207831383,,2.65625
,,,,2325,,0.28590458631515503,,0.04371709004044533,,2.6875
,,,,2326,,0.2850866913795471,,0.04582887142896652,,2.65625
,,,,2327,,0.29367318749427795,,0.047579437494277954,,2.734375
,,,,2328,,0.2643497586250305,,0.04364664852619171,,2.453125
,,,,2329,,0.28544527292251587,,0.043257761746644974,,2.6875
,,,,2330,,0.29333627223968506,,0.044312842190265656,,2.765625
,,,,2331,,0.31700387597084045,,0.043566375970840454,,3.046875
,,,,2332,,0.33560696244239807,,0.046544454991817474,,3.203125
,,,,2333,,0.2971378266811371,,0.04127844423055649,,2.84375
,,,,2334,,0.3070015609264374,,0.04137656092643738,,2.953125
,,,,2335,,0.28935983777046204,,0.04717234522104263,,2.6875
,,,,2336,,0.2819962799549103,,0.04176189377903938,,2.671875
,,,,2337,,0.29876136779785156,,0.044855132699012756,,2.828125
,,,,2338,,0.29915523529052734,,0.04524897783994675,,2.828125
,,,,2339,,0.29599061608314514,,0.045990604907274246,,2.78125
,,,,2340,,0.25841420888900757,,0.04650013521313667,,2.359375
,,,,2341,,0.2755071520805359,,0.043085262179374695,,2.578125
,,,,2342,,0.2807670831680298,,0.04150925576686859,,2.65625
,,,,2343,,0.29954901337623596,,0.045642752200365067,,2.828125
,,,,2344,,0.311301052570343,,0.04372294247150421,,2.96875
,,,,2345,,0.30897414684295654,,0.04530227184295654,,2.9375
,,,,2346,,0.2792017459869385,,0.041897062212228775,,2.640625
,,,,2347,,0.29124218225479126,,0.04221874848008156,,2.765625
,,,,2348,,0.32320916652679443,,0.04586542025208473,,3.078125
,,,,2349,,0.31194669008255005,,0.04241545498371124,,2.984375
,,,,2350,,0.30141329765319824,,0.04360080510377884,,2.875
,,,,2351,,0.29309412837028503,,0.04309411719441414,,2.78125
,,,,2352,,0.33359360694885254,,0.04257799685001373,,3.234375
,,,,2353,,0.2966579496860504,,0.04079858586192131,,2.84375
,,,,2354,,0.270712286233902,,0.040243543684482574,,2.5625
,,,,2355,,0.3361423909664154,,0.0431736521422863,,3.25
,,,,2356,,0.28765520453453064,,0.04156145080924034,,2.734375
,,,,2357,,0.307181715965271,,0.0454629585146904,,2.90625
,,,,2358,,0.286737322807312,,0.046502962708473206,,2.671875
,,,,2359,,0.28467875719070435,,0.044444385915994644,,2.671875
,,,,2360,,0.28290122747421265,,0.043643414974212646,,2.65625
,,,,2361,,0.2874552309513092,,0.04136146977543831,,2.734375
,,,,2362,,0.3025113344192505,,0.04469884932041168,,2.859375
,,,,2363,,0.26176926493644714,,0.04790206626057625,,2.375
,,,,2364,,0.31167420744895935,,0.04214296117424965,,3.0
,,,,2365,,0.2843753695487976,,0.041211314499378204,,2.703125
,,,,2366,,0.29346802830696106,,0.047374289482831955,,2.734375
,,,,2367,,0.3027048707008362,,0.04489237815141678,,2.875
,,,,2368,,0.29633358120918274,,0.042427342385053635,,2.8125
,,,,2369,,0.27911365032196045,,0.04180896654725075,,2.640625
,,,,2370,,0.3183690011501312,,0.04493151232600212,,3.046875
,,,,2371,,0.29909032583236694,,0.043230943381786346,,2.84375
,,,,2372,,0.2970259189605713,,0.04311966150999069,,2.828125
,,,,2373,,0.2951841652393341,,0.046160738915205,,2.765625
,,,,2374,,0.29092326760292053,,0.04482952132821083,,2.734375
,,,,2375,,0.2989042401313782,,0.04109173268079758,,2.859375
,,,,2376,,0.27875903248786926,,0.04536058381199837,,2.59375
,,,,2377,,0.27599555253982544,,0.04357369244098663,,2.578125
,,,,2378,,0.30738088488578796,,0.04566213861107826,,2.90625
,,,,2379,,0.2661569118499756,,0.04350064694881439,,2.46875
,,,,2380,,0.2797948122024536,,0.04346669465303421,,2.625
,,,,2381,,0.2856254577636719,,0.04636763408780098,,2.65625
,,,,2382,,0.29038894176483154,,0.04331864044070244,,2.75
,,,,2383,,0.29563653469085693,,0.041730284690856934,,2.828125
,,,,2384,,0.3412967622280121,,0.048328008502721786,,3.25
,,,,2385,,0.3051460087299347,,0.0434272475540638,,2.90625
,,,,2386,,0.3276488184928894,,0.04639881104230881,,3.125
,,,,2387,,0.28461623191833496,,0.04535841941833496,,2.65625
,,,,2388,,0.3054180443286896,,0.04565242677927017,,2.890625
,,,,2389,,0.29814818501472473,,0.04424193874001503,,2.8125
,,,,2390,,0.3102484941482544,,0.044623494148254395,,2.953125
,,,,2391,,0.281353235244751,,0.042095430195331573,,2.65625
,,,,2392,,0.27875107526779175,,0.04242296516895294,,2.625
,,,,2393,,0.3217909336090088,,0.04249407351016998,,3.09375
,,,,2394,,0.2970998287200928,,0.04319358617067337,,2.8125
,,,,2395,,0.30185216665267944,,0.045992784202098846,,2.84375
,,,,2396,,0.3012852370738983,,0.04347273334860802,,2.859375
,,,,2397,,0.3186455965042114,,0.043254975229501724,,3.0625
,,,,2398,,0.2776518166065216,,0.04327680543065071,,2.609375
,,,,2399,,0.2894349694252014,,0.04627089947462082,,2.703125
,,,,2400,,0.27913898229599,,0.044763971120119095,,2.609375
,,,,2401,,0.2719995379447937,,0.0415307879447937,,2.5625
,,,,2402,,0.3024761974811554,,0.0446636900305748,,2.859375
,,,,2403,,0.2943895757198334,,0.047319263219833374,,2.75
,,,,2404,,0.2767922878265381,,0.04241728037595749,,2.609375
,,,,2405,,0.292631059885025,,0.04751386120915413,,2.71875
,,,,2406,,0.311583936214447,,0.044005800038576126,,2.96875
,,,,2407,,0.3105994164943695,,0.04497440531849861,,2.953125
,,,,2408,,0.28827816247940063,,0.04218440502882004,,2.734375
,,,,2409,,0.28455501794815063,,0.04725033417344093,,2.640625
,,,,2410,,0.3042469322681427,,0.042528171092271805,,2.90625
,,,,2411,,0.2566082179546356,,0.04567071422934532,,2.34375
,,,,2412,,0.3068197965621948,,0.04314790666103363,,2.921875
,,,,2413,,0.2810291051864624,,0.0476306676864624,,2.59375
,,,,2414,,0.3007320761680603,,0.0429195910692215,,2.859375
,,,,2415,,0.29012250900268555,,0.047935012727975845,,2.6875
,,,,2416,,0.2978070378303528,,0.047807030379772186,,2.78125
,,,,2417,,0.3010944724082947,,0.04718821868300438,,2.828125
,,,,2418,,0.28043532371520996,,0.04606032744050026,,2.609375
,,,,2419,,0.2840448021888733,,0.044786978513002396,,2.65625
,,,,2420,,0.29676389694213867,,0.04774046689271927,,2.765625
,,,,2421,,0.3128480017185211,,0.04331675544381142,,2.984375
,,,,2422,,0.31045812368392944,,0.04678623750805855,,2.9375
,,,,2423,,0.30887511372566223,,0.04129699990153313,,2.96875
,,,,2424,,0.31830909848213196,,0.04096534475684166,,3.078125
,,,,2425,,0.2689629793167114,,0.04240048676729202,,2.515625
,,,,2426,,0.3212957978248596,,0.04590516537427902,,3.0625
,,,,2427,,0.2748495042324066,,0.042427632957696915,,2.578125
,,,,2428,,0.3069913387298584,,0.043319471180438995,,2.921875
,,,,2429,,0.27563798427581787,,0.049075499176979065,,2.515625
,,,,2430,,0.29434317350387573,,0.04434317350387573,,2.78125
,,,,2431,,0.31655353307724,,0.04311602562665939,,3.03125
,,,,2432,,0.29355376958847046,,0.041600652039051056,,2.796875
,,,,2433,,0.29068124294281006,,0.04361091926693916,,2.75
,,,,2434,,0.2502143979072571,,0.04513626545667648,,2.28125
,,,,2435,,0.29935720562934875,,0.04935720935463905,,2.78125
,,,,2436,,0.2948910892009735,,0.042937975376844406,,2.796875
,,,,2437,,0.30671295523643494,,0.04304106906056404,,2.9375
,,,,2438,,0.27978479862213135,,0.04736292362213135,,2.578125
,,,,2439,,0.2853745222091675,,0.045140136033296585,,2.671875
,,,,2440,,0.29450294375419617,,0.04254981502890587,,2.796875
,,,,2441,,0.3352917730808258,,0.04622926190495491,,3.21875
,,,,2442,,0.2922411859035492,,0.04321775957942009,,2.765625
,,,,2443,,0.2698514759540558,,0.042312417179346085,,2.53125
,,,,2444,,0.2989492118358612,,0.04992577061057091,,2.765625
,,,,2445,,0.27891063690185547,,0.04258252680301666,,2.625
,,,,2446,,0.30096906423568726,,0.047062814235687256,,2.828125
,,,,2447,,0.26847004890441895,,0.04874347522854805,,2.4375
,,,,2448,,0.32731473445892334,,0.046064749360084534,,3.125
,,,,2449,,0.29520726203918457,,0.04325412958860397,,2.796875
,,,,2450,,0.30296948552131653,,0.04515697807073593,,2.875
,,,,2451,,0.30056679248809814,,0.04275428131222725,,2.875
,,,,2452,,0.28222596645355225,,0.04492127150297165,,2.640625
,,,,2453,,0.29035523533821106,,0.050120867788791656,,2.671875
,,,,2454,,0.2925041615962982,,0.04348071292042732,,2.765625
,,,,2455,,0.2722192704677582,,0.044680219143629074,,2.53125
,,,,2456,,0.30037012696266174,,0.04255763813853264,,2.859375
,,,,2457,,0.30754417181015015,,0.043872300535440445,,2.921875
,,,,2458,,0.2973255217075348,,0.04146614298224449,,2.84375
,,,,2459,,0.30646875500679016,,0.042796872556209564,,2.921875
,,,,2460,,0.30445361137390137,,0.04078173637390137,,2.9375
,,,,2461,,0.28413087129592896,,0.044873058795928955,,2.65625
,,,,2462,,0.2810813784599304,,0.044753238558769226,,2.625
,,,,2463,,0.3047376871109009,,0.044972069561481476,,2.890625
,,,,2464,,0.3067165017127991,,0.04304463788866997,,2.921875
,,,,2465,,0.30228716135025024,,0.04252152517437935,,2.890625
,,,,2466,,0.28381261229515076,,0.04455478861927986,,2.65625
,,,,2467,,0.3364971876144409,,0.04743468016386032,,3.21875
,,,,2468,,0.33630210161209106,,0.04528646916151047,,3.234375
,,,,2469,,0.2911738157272339,,0.044103510677814484,,2.75
,,,,2470,,0.30133867263793945,,0.04157303646206856,,2.890625
,,,,2471,,0.30751124024391174,,0.04188622906804085,,2.953125
,,,,2472,,0.2867411673069,,0.043577101081609726,,2.703125
,,,,2473,,0.28187331557273865,,0.044568631798028946,,2.640625
,,,,2474,,0.2807592749595642,,0.0434546023607254,,2.640625
,,,,2475,,0.2776750922203064,,0.0472063384950161,,2.5625
,,,,2476,,0.29979681968688965,,0.045890580862760544,,2.8125
,,,,2477,,0.2821270227432251,,0.041892655193805695,,2.671875
,,,,2478,,0.3023199141025543,,0.04255430027842522,,2.890625
,,,,2479,,0.2863793969154358,,0.044191885739564896,,2.6875
,,,,2480,,0.2874264419078827,,0.04230925813317299,,2.71875
,,,,2481,,0.2743031978607178,,0.04774069786071777,,2.515625
,,,,2482,,0.30883103609085083,,0.04320602864027023,,2.953125
,,,,2483,,0.2920387089252472,,0.0469215102493763,,2.71875
,,,,2484,,0.28960561752319336,,0.04253530129790306,,2.75
,,,,2485,,0.30310770869255066,,0.04529520496726036,,2.859375
,,,,2486,,0.2769626975059509,,0.04454083740711212,,2.578125
,,,,2487,,0.3079546391963959,,0.04428275302052498,,2.921875
,,,,2488,,0.29813170433044434,,0.04227234423160553,,2.84375
,,,,2489,,0.27681994438171387,,0.04244493693113327,,2.609375
,,,,2490,,0.2731117010116577,,0.04557264596223831,,2.53125
,,,,2491,,0.28789597749710083,,0.042778778821229935,,2.71875
,,,,2492,,0.2668648958206177,,0.04030238464474678,,2.515625
,,,,2493,,0.2799830734729767,,0.05049089714884758,,2.546875
,,,,2494,,0.2819823920726776,,0.04174802079796791,,2.671875
,,,,2495,,0.28881606459617615,,0.04174574464559555,,2.75
,,,,2496,,0.27514734864234924,,0.05151454731822014,,2.484375
,,,,2497,,0.2914060056209564,,0.04628882184624672,,2.71875
,,,,2498,,0.29395830631256104,,0.042005181312561035,,2.796875
,,,,2499,,0.30321377515792847,,0.047354407608509064,,2.84375
,,,,2500,,0.31391483545303345,,0.04438357427716255,,3.0
,,,,2501,,0.2740573585033417,,0.04065893217921257,,2.59375
,,,,2502,,0.28791967034339905,,0.040849361568689346,,2.75
,,,,2503,,0.2944963574409485,,0.04059009999036789,,2.8125
,,,,2504,,0.3170101046562195,,0.043572600930929184,,3.046875
,,,,2505,,0.27788111567497253,,0.04350610449910164,,2.609375
,,,,2506,,0.29589876532554626,,0.04199250414967537,,2.828125
,,,,2507,,0.29030779004096985,,0.04714373126626015,,2.703125
,,,,2508,,0.25394394993782043,,0.04398302361369133,,2.328125
,,,,2509,,0.2785021662712097,,0.04217404127120972,,2.625
,,,,2510,,0.3074280023574829,,0.04375612735748291,,2.921875
,,,,2511,,0.28890660405158997,,0.04378940537571907,,2.71875
,,,,2512,,0.3174336850643158,,0.043996188789606094,,3.046875
,,,,2513,,0.2700316905975342,,0.042492616921663284,,2.53125
,,,,2514,,0.29765620827674866,,0.03984370455145836,,2.859375
,,,,2515,,0.3260114789009094,,0.04280834272503853,,3.15625
,,,,2516,,0.28698062896728516,,0.04186344891786575,,2.71875
,,,,2517,,0.2851887047290802,,0.0449543334543705,,2.671875
,,,,2518,,0.3289754390716553,,0.04381919652223587,,3.171875
,,,,2519,,0.2802344262599945,,0.042929746210575104,,2.640625
,,,,2520,,0.265967458486557,,0.0423346571624279,,2.484375
,,,,2521,,0.28002503514289856,,0.043696921318769455,,2.625
,,,,2522,,0.2883133292198181,,0.04514925554394722,,2.703125
,,,,2523,,0.2996532917022705,,0.045747026801109314,,2.8125
,,,,2524,,0.31391850113868713,,0.05024661496281624,,2.9375
,,,,2525,,0.2862972319126129,,0.04313316568732262,,2.703125
,,,,2526,,0.2704945206642151,,0.043932005763053894,,2.515625
,,,,2527,,0.3447757363319397,,0.04399450123310089,,3.34375
,,,,2528,,0.31227976083755493,,0.048607874661684036,,2.921875
,,,,2529,,0.2995588481426239,,0.045652590692043304,,2.8125
,,,,2530,,0.31098562479019165,,0.045360613614320755,,2.953125
,,,,2531,,0.3027225136756897,,0.0449099987745285,,2.875
,,,,2532,,0.307542622089386,,0.04387073591351509,,2.921875
,,,,2533,,0.3282318711280823,,0.04502875357866287,,3.140625
,,,,2534,,0.29602867364883423,,0.04700523614883423,,2.765625
,,,,2535,,0.288752019405365,,0.041681692004203796,,2.75
,,,,2536,,0.2914052903652191,,0.045311544090509415,,2.734375
,,,,2537,,0.31097814440727234,,0.041446883231401443,,3.0
,,,,2538,,0.2907615303993225,,0.04466778039932251,,2.734375
,,,,2539,,0.2741300165653229,,0.04659096151590347,,2.53125
,,,,2540,,0.30812275409698486,,0.04445086792111397,,2.921875
,,,,2541,,0.2850586771965027,,0.041894614696502686,,2.703125
,,,,2542,,0.2854633927345276,,0.04522901400923729,,2.671875
,,,,2543,,0.27899447083473206,,0.04266634210944176,,2.625
,,,,2544,,0.2870686948299408,,0.043904636055231094,,2.703125
,,,,2545,,0.3203139007091522,,0.04297016188502312,,3.078125
,,,,2546,,0.32091522216796875,,0.043571483343839645,,3.078125
,,,,2547,,0.31834676861763,,0.04490925744175911,,3.03125
,,,,2548,,0.32211241126060486,,0.04867490753531456,,3.03125
,,,,2549,,0.27240779995918274,,0.045845311135053635,,2.515625
,,,,2550,,0.2915703058242798,,0.041570305824279785,,2.78125
,,,,2551,,0.27008432149887085,,0.04254527390003204,,2.53125
,,,,2552,,0.32851260900497437,,0.04140324145555496,,3.1875
,,,,2553,,0.29041263461112976,,0.044318873435258865,,2.734375
,,,,2554,,0.28514084219932556,,0.04588303342461586,,2.65625
,,,,2555,,0.2625191807746887,,0.044745732098817825,,2.421875
,,,,2556,,0.28547701239585876,,0.045242633670568466,,2.671875
,,,,2557,,0.29318076372146606,,0.04415733367204666,,2.765625
,,,,2558,,0.2763969600200653,,0.04299851879477501,,2.59375
,,,,2559,,0.27754393219947815,,0.04316893592476845,,2.609375
,,,,2560,,0.2864183187484741,,0.046183958649635315,,2.671875
,,,,2561,,0.30510225892066956,,0.047289762645959854,,2.875
,,,,2562,,0.33014941215515137,,0.04694630205631256,,3.140625
,,,,2563,,0.2723448574542999,,0.04480578377842903,,2.53125
,,,,2564,,0.2754749357700348,,0.04305305331945419,,2.578125
,,,,2565,,0.3046753406524658,,0.04490971565246582,,2.890625
,,,,2566,,0.3182431161403656,,0.048711854964494705,,3.0
,,,,2567,,0.27542030811309814,,0.04299842566251755,,2.578125
,,,,2568,,0.2778439521789551,,0.048351775854825974,,2.546875
,,,,2569,,0.29805880784988403,,0.04415254667401314,,2.8125
,,,,2570,,0.30901288986206055,,0.047294147312641144,,2.90625
,,,,2571,,0.3193759620189667,,0.042032208293676376,,3.078125
,,,,2572,,0.3081676661968231,,0.04254266247153282,,2.953125
,,,,2573,,0.3142068684101105,,0.04467560723423958,,3.0
,,,,2574,,0.3016955256462097,,0.04778929054737091,,2.8125
,,,,2575,,0.2861354947090149,,0.042971421033144,,2.703125
,,,,2576,,0.30193302035331726,,0.04802677035331726,,2.828125
,,,,2577,,0.2870742082595825,,0.043910130858421326,,2.703125
,,,,2578,,0.2784775495529175,,0.04410254955291748,,2.609375
,,,,2579,,0.2843388617038727,,0.04410448670387268,,2.671875
,,,,2580,,0.29038742184638977,,0.04331710934638977,,2.75
,,,,2581,,0.293211430311203,,0.046141114085912704,,2.75
,,,,2582,,0.30463817715644836,,0.04096630588173866,,2.921875
,,,,2583,,0.28369495272636414,,0.04346056655049324,,2.671875
,,,,2584,,0.2760521173477173,,0.04167710617184639,,2.609375
,,,,2585,,0.3033319115638733,,0.05333190783858299,,2.78125
,,,,2586,,0.2836650013923645,,0.04343061521649361,,2.671875
,,,,2587,,0.30534523725509644,,0.04362649843096733,,2.90625
,,,,2588,,0.2739222049713135,,0.04638315737247467,,2.53125
,,,,2589,,0.291393518447876,,0.04529977962374687,,2.734375
,,,,2590,,0.2799520790576935,,0.04264740273356438,,2.640625
,,,,2591,,0.2891128361225128,,0.046925339847803116,,2.6875
,,,,2592,,0.3027418851852417,,0.044929396361112595,,2.875
,,,,2593,,0.307023823261261,,0.04530508071184158,,2.90625
,,,,2594,,0.2794003188610077,,0.042095620185136795,,2.640625
,,,,2595,,0.30522674322128296,,0.04155486449599266,,2.9375
,,,,2596,,0.32356056571006775,,0.040357451885938644,,3.140625
,,,,2597,,0.28223779797554016,,0.04297999292612076,,2.65625
,,,,2598,,0.29981887340545654,,0.045912615954875946,,2.828125
,,,,2599,,0.30256685614585876,,0.04475434496998787,,2.859375
,,,,2600,,0.2795906960964203,,0.04033288732171059,,2.65625
,,,,2601,,0.32455936074256897,,0.04330936446785927,,3.125
,,,,2602,,0.3013758063316345,,0.049422696232795715,,2.796875
,,,,2603,,0.2624148428440094,,0.045617956668138504,,2.40625
,,,,2604,,0.29806119203567505,,0.046108074486255646,,2.796875
,,,,2605,,0.28002750873565674,,0.04565250128507614,,2.609375
,,,,2606,,0.3171534836292267,,0.04762222245335579,,3.0
,,,,2607,,0.30989423394203186,,0.04622235521674156,,2.9375
,,,,2608,,0.2812277674674988,,0.044899631291627884,,2.625
,,,,2609,,0.293276846408844,,0.0442533977329731,,2.765625
,,,,2610,,0.2949310541152954,,0.04493105411529541,,2.78125
,,,,2611,,0.29730165004730225,,0.043395400047302246,,2.8125
,,,,2612,,0.3390475809574127,,0.042172569781541824,,3.296875
,,,,2613,,0.2941577434539795,,0.040251508355140686,,2.8125
,,,,2614,,0.275035560131073,,0.041637122631073,,2.59375
,,,,2615,,0.33683308959007263,,0.043864332139492035,,3.25
,,,,2616,,0.31258463859558105,,0.045006509870290756,,2.96875
,,,,2617,,0.28417855501174927,,0.04785043001174927,,2.625
,,,,2618,,0.30684030055999756,,0.04121528938412666,,2.953125
,,,,2619,,0.2913970947265625,,0.0453033447265625,,2.734375
,,,,2620,,0.2893325388431549,,0.0442153625190258,,2.71875
,,,,2621,,0.3135540783405304,,0.0420696921646595,,3.015625
,,,,2622,,0.2966408133506775,,0.04273456335067749,,2.828125
,,,,2623,,0.30241990089416504,,0.046560514718294144,,2.84375
,,,,2624,,0.27832910418510437,,0.043954115360975266,,2.609375
,,,,2625,,0.28075534105300903,,0.04638035595417023,,2.609375
,,,,2626,,0.28951627016067505,,0.04342252016067505,,2.734375
,,,,2627,,0.2603743076324463,,0.03967118263244629,,2.453125
,,,,2628,,0.2829701006412506,,0.043712276965379715,,2.65625
,,,,2629,,0.28645557165145874,,0.049150869250297546,,2.640625
,,,,2630,,0.318021297454834,,0.044583797454833984,,3.046875
,,,,2631,,0.3093552887439728,,0.04373028501868248,,2.953125
,,,,2632,,0.2973889112472534,,0.04348265007138252,,2.828125
,,,,2633,,0.28998667001724243,,0.044869475066661835,,2.71875
,,,,2634,,0.29663029313087463,,0.04272403195500374,,2.8125
,,,,2635,,0.3175550699234009,,0.04411756992340088,,3.03125
,,,,2636,,0.3060445785522461,,0.0443258173763752,,2.90625
,,,,2637,,0.2711627185344696,,0.046553339809179306,,2.5
,,,,2638,,0.2917522192001343,,0.04565845802426338,,2.734375
,,,,2639,,0.26541075110435486,,0.041777949780225754,,2.484375
,,,,2640,,0.3052941858768463,,0.04162229970097542,,2.921875
,,,,2641,,0.2950279414653778,,0.043074820190668106,,2.796875
,,,,2642,,0.26911112666130066,,0.045478321611881256,,2.484375
,,,,2643,,0.29097968339920044,,0.043909378349781036,,2.75
,,,,2644,,0.29635146260261536,,0.04244522377848625,,2.8125
,,,,2645,,0.2766251564025879,,0.04225016385316849,,2.609375
,,,,2646,,0.29769957065582275,,0.04574643820524216,,2.796875
,,,,2647,,0.29952695965766907,,0.045620717108249664,,2.828125
,,,,2648,,0.2962610721588135,,0.046261079609394073,,2.78125
,,,,2649,,0.2999495267868042,,0.046043284237384796,,2.8125
,,,,2650,,0.2852804362773895,,0.04309293255209923,,2.6875
,,,,2651,,0.26646602153778076,,0.042833223938941956,,2.484375
,,,,2652,,0.2950214743614197,,0.04111521691083908,,2.828125
,,,,2653,,0.3088630139827728,,0.045191142708063126,,2.9375
,,,,2654,,0.31420737504959106,,0.04272300750017166,,3.015625
,,,,2655,,0.30745044350624084,,0.04573170468211174,,2.90625
,,,,2656,,0.3153727650642395,,0.045841507613658905,,2.984375
,,,,2657,,0.2842642664909363,,0.04110020026564598,,2.703125
,,,,2658,,0.2981286346912384,,0.0442223884165287,,2.828125
,,,,2659,,0.3113628029823303,,0.041831567883491516,,2.984375
,,,,2660,,0.3374834656715393,,0.04451470449566841,,3.25
,,,,2661,,0.2975984811782837,,0.043692220002412796,,2.828125
,,,,2662,,0.29156312346458435,,0.04546936973929405,,2.734375
,,,,2663,,0.2995496094226837,,0.043690238147974014,,2.84375
,,,,2664,,0.2867043614387512,,0.046469975262880325,,2.671875
,,,,2665,,0.3301289677619934,,0.04497271031141281,,3.171875
,,,,2666,,0.28975987434387207,,0.04659581184387207,,2.703125
,,,,2667,,0.3155190348625183,,0.04403464496135712,,3.015625
,,,,2668,,0.3117036819458008,,0.042172420769929886,,3.0
,,,,2669,,0.3073769211769104,,0.04370503127574921,,2.921875
,,,,2670,,0.3015426695346832,,0.04568328708410263,,2.84375
,,,,2671,,0.2888582944869995,,0.04178798943758011,,2.75
,,,,2672,,0.28876930475234985,,0.04658179357647896,,2.6875
,,,,2673,,0.2913355231285095,,0.041335538029670715,,2.78125
,,,,2674,,0.2853088676929474,,0.043121371418237686,,2.6875
,,,,2675,,0.28054842352867126,,0.043243736028671265,,2.640625
,,,,2676,,0.29299086332321167,,0.042990852147340775,,2.78125
,,,,2677,,0.30830007791519165,,0.04462820291519165,,2.9375
,,,,2678,,0.2791535258293152,,0.04282538592815399,,2.625
,,,,2679,,0.29006898403167725,,0.04104553908109665,,2.765625
,,,,2680,,0.2903689742088318,,0.04427523910999298,,2.734375
,,,,2681,,0.2859208583831787,,0.045686498284339905,,2.671875
,,,,2682,,0.2759130597114563,,0.045444320887327194,,2.5625
,,,,2683,,0.2987983524799347,,0.04489210993051529,,2.828125
,,,,2684,,0.28653496503829956,,0.043370891362428665,,2.703125
,,,,2685,,0.30618637800216675,,0.044467635452747345,,2.90625
,,,,2686,,0.2855129539966583,,0.04039575532078743,,2.71875
,,,,2687,,0.30501508712768555,,0.04720258712768555,,2.875
,,,,2688,,0.31287992000579834,,0.045301783829927444,,2.96875
,,,,2689,,0.32756394147872925,,0.04826706647872925,,3.09375
,,,,2690,,0.27556276321411133,,0.041187770664691925,,2.609375
,,,,2691,,0.3092532753944397,,0.0455813892185688,,2.9375
,,,,2692,,0.3171376585960388,,0.04760639742016792,,2.984375
,,,,2693,,0.2816561460494995,,0.04532802850008011,,2.625
,,,,2694,,0.3108747601509094,,0.049156010150909424,,2.90625
,,,,2695,,0.28224918246269226,,0.045921068638563156,,2.625
,,,,2696,,0.29323285818099976,,0.041279733180999756,,2.796875
,,,,2697,,0.2973567545413971,,0.04345050826668739,,2.828125
,,,,2698,,0.2957885265350342,,0.041882265359163284,,2.828125
,,,,2699,,0.2946135997772217,,0.04461360350251198,,2.78125
,,,,2700,,0.29979026317596436,,0.047837138175964355,,2.796875
,,,,2701,,0.29854729771614075,,0.04464103654026985,,2.8125
,,,,2702,,0.27896904945373535,,0.04166436940431595,,2.640625
,,,,2703,,0.27489298582077026,,0.045400798320770264,,2.546875
,,,,2704,,0.2898716628551483,,0.04084823280572891,,2.765625
,,,,2705,,0.27323827147483826,,0.04276951774954796,,2.5625
,,,,2706,,0.26920321583747864,,0.042640723288059235,,2.515625
,,,,2707,,0.30336156487464905,,0.043595947325229645,,2.890625
,,,,2708,,0.28916096687316895,,0.04599689692258835,,2.703125
,,,,2709,,0.27250736951828003,,0.04008548706769943,,2.578125
,,,,2710,,0.29207608103752136,,0.04500575736165047,,2.75
,,,,2711,,0.28621023893356323,,0.04402274638414383,,2.6875
,,,,2712,,0.2927997410297394,,0.04572943225502968,,2.75
,,,,2713,,0.27813372015953064,,0.044735293835401535,,2.59375
,,,,2714,,0.27925556898117065,,0.05171651393175125,,2.53125
,,,,2715,,0.30491873621940613,,0.043199989944696426,,2.90625
,,,,2716,,0.27762994170188904,,0.04325493052601814,,2.609375
,,,,2717,,0.28864461183547974,,0.04352740943431854,,2.71875
,,,,2718,,0.2855825126171112,,0.04241843894124031,,2.703125
,,,,2719,,0.2600919008255005,,0.04524813964962959,,2.390625
,,,,2720,,0.29323849081993103,,0.04323849454522133,,2.78125
,,,,2721,,0.2791953682899475,,0.04677349328994751,,2.578125
,,,,2722,,0.27421218156814575,,0.04179029539227486,,2.578125
,,,,2723,,0.28500881791114807,,0.04477444663643837,,2.671875
,,,,2724,,0.29136669635772705,,0.046249520033597946,,2.71875
,,,,2725,,0.3023931086063385,,0.048486869782209396,,2.8125
,,,,2726,,0.3041435778141022,,0.04633108898997307,,2.859375
,,,,2727,,0.28929388523101807,,0.044176701456308365,,2.71875
,,,,2728,,0.28387534618377686,,0.04364098608493805,,2.671875
,,,,2729,,0.3047993779182434,,0.04698686674237251,,2.875
,,,,2730,,0.27238044142723083,,0.049724187701940536,,2.46875
,,,,2731,,0.3113256096839905,,0.04570062458515167,,2.953125
,,,,2732,,0.27667927742004395,,0.04035114124417305,,2.625
,,,,2733,,0.2856201231479645,,0.043432630598545074,,2.6875
,,,,2734,,0.29758721590042114,,0.048563793301582336,,2.765625
,,,,2735,,0.32126346230506897,,0.041966598480939865,,3.09375
,,,,2736,,0.3005990982055664,,0.04473970830440521,,2.84375
,,,,2737,,0.30862531065940857,,0.04495343193411827,,2.921875
,,,,2738,,0.29007798433303833,,0.04300767928361893,,2.75
,,,,2739,,0.29543137550354004,,0.04543139040470123,,2.78125
,,,,2740,,0.299404114484787,,0.041591618210077286,,2.875
,,,,2741,,0.27739810943603516,,0.04106997326016426,,2.625
,,,,2742,,0.28654715418815613,,0.04338308423757553,,2.703125
,,,,2743,,0.2978942394256592,,0.043988004326820374,,2.8125
,,,,2744,,0.29113781452178955,,0.046020619571208954,,2.71875
,,,,2745,,0.26653021574020386,,0.04582710564136505,,2.453125
,,,,2746,,0.2926337420940399,,0.043610312044620514,,2.765625
,,,,2747,,0.3027363419532776,,0.04492383077740669,,2.859375
,,,,2748,,0.31185001134872437,,0.04427187889814377,,2.96875
,,,,2749,,0.2803323566913605,,0.044004227966070175,,2.625
,,,,2750,,0.2960682809352875,,0.04411516338586807,,2.796875
,,,,2751,,0.27927252650260925,,0.041967835277318954,,2.640625
,,,,2752,,0.29098474979400635,,0.04489098861813545,,2.734375
,,,,2753,,0.280687153339386,,0.04728872701525688,,2.59375
,,,,2754,,0.25944140553474426,,0.044597651809453964,,2.390625
,,,,2755,,0.3260252773761749,,0.04282214120030403,,3.15625
,,,,2756,,0.2945082187652588,,0.047437917441129684,,2.75
,,,,2757,,0.31561294198036194,,0.051941074430942535,,2.9375
,,,,2758,,0.2827398180961609,,0.04250544682145119,,2.671875
,,,,2759,,0.30632635951042175,,0.04070134833455086,,2.953125
,,,,2760,,0.30587998032569885,,0.042208101600408554,,2.921875
,,,,2761,,0.3070547878742218,,0.0433829240500927,,2.921875
,,,,2762,,0.2775440812110901,,0.04414563626050949,,2.59375
,,,,2763,,0.31611213088035583,,0.04267463460564613,,3.03125
,,,,2764,,0.3047785758972168,,0.0411066934466362,,2.9375
,,,,2765,,0.2935655415058136,,0.047471802681684494,,2.734375
,,,,2766,,0.27558189630508423,,0.045113153755664825,,2.5625
,,,,2767,,0.2798233926296234,,0.04349527880549431,,2.625
,,,,2768,,0.3146181106567383,,0.04508686065673828,,3.0
,,,,2769,,0.2996138036251068,,0.04375442489981651,,2.84375
,,,,2770,,0.3054681122303009,,0.045702483505010605,,2.890625
,,,,2771,,0.3062590956687927,,0.04454036056995392,,2.90625
,,,,2772,,0.2962626516819,,0.04040328785777092,,2.84375
,,,,2773,,0.29574862122535706,,0.04574861004948616,,2.78125
,,,,2774,,0.27548325061798096,,0.04208481311798096,,2.59375
,,,,2775,,0.3043902516365051,,0.044624630361795425,,2.890625
,,,,2776,,0.30715352296829224,,0.04543478041887283,,2.90625
,,,,2777,,0.29777905344963074,,0.04387279227375984,,2.828125
,,,,2778,,0.2794789671897888,,0.04217427968978882,,2.640625
,,,,2779,,0.3396241068840027,,0.04274909570813179,,3.296875
,,,,2780,,0.33947405219078064,,0.04259904846549034,,3.296875
,,,,2781,,0.2975039482116699,,0.043597713112831116,,2.8125
,,,,2782,,0.2739247679710388,,0.04736226052045822,,2.515625
,,,,2783,,0.3109484016895294,,0.04337027296423912,,2.96875
,,,,2784,,0.27473750710487366,,0.04524531587958336,,2.546875
,,,,2785,,0.2677663266658783,,0.04022727534174919,,2.53125
,,,,2786,,0.327995240688324,,0.04283899813890457,,3.171875
,,,,2787,,0.29688453674316406,,0.04102517291903496,,2.84375
,,,,2788,,0.3129885792732239,,0.04345732554793358,,3.0
,,,,2789,,0.31323811411857605,,0.04370686411857605,,2.984375
,,,,2790,,0.295872300863266,,0.041966039687395096,,2.8125
,,,,2791,,0.25115132331848145,,0.041190389543771744,,2.328125
,,,,2792,,0.3327956795692444,,0.04178006947040558,,3.234375
,,,,2793,,0.2636391818523407,,0.042936060577631,,2.453125
,,,,2794,,0.30468252301216125,,0.04491688683629036,,2.890625
,,,,2795,,0.3190498650074005,,0.04365925118327141,,3.0625
,,,,2796,,0.29463833570480347,,0.04561489075422287,,2.765625
,,,,2797,,0.28791388869285583,,0.04474981501698494,,2.703125
,,,,2798,,0.29658302664756775,,0.04267677292227745,,2.828125
,,,,2799,,0.32672375440597534,,0.041567519307136536,,3.171875
,,,,2800,,0.30222639441490173,,0.046367011964321136,,2.84375
,,,,2801,,0.3001723885536194,,0.042359888553619385,,2.859375
,,,,2802,,0.2944200038909912,,0.044420015066862106,,2.78125
,,,,2803,,0.28019389510154724,,0.04386578127741814,,2.625
,,,,2804,,0.29678162932395935,,0.044828496873378754,,2.796875
,,,,2805,,0.289169043302536,,0.04209872707724571,,2.75
,,,,2806,,0.2815459966659546,,0.04814755171537399,,2.59375
,,,,2807,,0.28436148166656494,,0.042173970490694046,,2.6875
,,,,2808,,0.28441497683525085,,0.04418060556054115,,2.671875
,,,,2809,,0.28830432891845703,,0.045140255242586136,,2.703125
,,,,2810,,0.31019386649131775,,0.042615748941898346,,2.96875
,,,,2811,,0.29112786054611206,,0.04405754804611206,,2.75
,,,,2812,,0.2751888036727905,,0.04569660499691963,,2.546875
,,,,2813,,0.27970460057258606,,0.046306151896715164,,2.59375
,,,,2814,,0.29540690779685974,,0.052242834120988846,,2.703125
,,,,2815,,0.32889312505722046,,0.041783761233091354,,3.1875
,,,,2816,,0.27219924330711365,,0.04466017708182335,,2.53125
,,,,2817,,0.318597674369812,,0.04711330682039261,,3.015625
,,,,2818,,0.28878581523895264,,0.04659832641482353,,2.6875
,,,,2819,,0.2770526707172394,,0.04365422576665878,,2.59375
,,,,2820,,0.3010826110839844,,0.04522322490811348,,2.84375
,,,,2821,,0.2663549482822418,,0.041745565831661224,,2.5
,,,,2822,,0.2751075327396393,,0.04561535641551018,,2.546875
,,,,2823,,0.3065742254257202,,0.04876171424984932,,2.859375
,,,,2824,,0.2863127589225769,,0.0431487038731575,,2.703125
,,,,2825,,0.33189135789871216,,0.04868822544813156,,3.15625
,,,,2826,,0.29219821095466614,,0.04317478463053703,,2.765625
,,,,2827,,0.2748718559741974,,0.04733278229832649,,2.53125
,,,,2828,,0.28496190905570984,,0.04277440533041954,,2.6875
,,,,2829,,0.2895662486553192,,0.04933186247944832,,2.671875
,,,,2830,,0.2972296476364136,,0.04332339018583298,,2.828125
,,,,2831,,0.2930144965648651,,0.04594417288899422,,2.75
,,,,2832,,0.2846353054046631,,0.04244779422879219,,2.6875
,,,,2833,,0.2775961756706238,,0.04712744057178497,,2.5625
,,,,2834,,0.27542802691459656,,0.043006159365177155,,2.578125
,,,,2835,,0.2786118984222412,,0.04228376969695091,,2.625
,,,,2836,,0.30626970529556274,,0.042597830295562744,,2.9375
,,,,2837,,0.2897360622882843,,0.043642308562994,,2.734375
,,,,2838,,0.28629153966903687,,0.04703374207019806,,2.65625
,,,,2839,,0.3293915390968323,,0.044235289096832275,,3.171875
,,,,2840,,0.3084688186645508,,0.04284382611513138,,2.953125
,,,,2841,,0.3356248736381531,,0.04460923746228218,,3.234375
,,,,2842,,0.2837269604206085,,0.04349258914589882,,2.671875
,,,,2843,,0.3089931607246399,,0.047274425625801086,,2.90625
,,,,2844,,0.2837188243865967,,0.04446100443601608,,2.65625
,,,,2845,,0.31899386644363403,,0.04360325261950493,,3.0625
,,,,2846,,0.2820351719856262,,0.041800789535045624,,2.671875
,,,,2847,,0.2877526879310608,,0.04458862543106079,,2.703125
,,,,2848,,0.30858901143074036,,0.04296400770545006,,2.953125
,,,,2849,,0.29665714502334595,,0.04275088384747505,,2.828125
,,,,2850,,0.30919796228408813,,0.04552610218524933,,2.921875
,,,,2851,,0.29478684067726135,,0.04478684440255165,,2.78125
,,,,2852,,0.3015933632850647,,0.0457339771091938,,2.84375
,,,,2853,,0.2938365340232849,,0.044813092797994614,,2.765625
,,,,2854,,0.2581859827041626,,0.04334224760532379,,2.390625
4,,,,25689,0.29505833983421326,,0.04430874437093735,,2.786273717880249,
5,0.17596472799777985,0.021667854860424995,1.71875,25699,,,,,,
5,0.1699891984462738,0.0186220183968544,1.6796875,25749,,,,,,
5,0.17126119136810303,0.021847132593393326,1.65625,25799,,,,,,
5,0.17787575721740723,0.018696077167987823,1.765625,25849,,,,,,
5,0.17233610153198242,0.01999235525727272,1.6953125,25899,,,,,,
5,0.17530257999897003,0.02295883186161518,1.6953125,25949,,,,,,
5,0.165856271982193,0.02132502943277359,1.609375,25999,,,,,,
5,0.16585053503513336,0.021319281309843063,1.6015625,26049,,,,,,
5,0.1712341457605362,0.017913836985826492,1.703125,26099,,,,,,
5,0.17235372960567474,0.019033411517739296,1.703125,26149,,,,,,
5,0.15927107632160187,0.01766950823366642,1.5703125,26199,,,,,,
5,0.17413069307804108,0.019833823665976524,1.7109375,26249,,,,,,
5,0.17400118708610535,0.018727745860815048,1.7265625,26299,,,,,,
5,0.16262181103229523,0.02004368044435978,1.5859375,26349,,,,,,
5,0.15901844203472137,0.017416877672076225,1.578125,26399,,,,,,
5,0.17212830483913422,0.021737677976489067,1.671875,26449,,,,,,
5,0.16018100082874298,0.01857944019138813,1.578125,26499,,,,,,
5,0.17408382892608643,0.020763510838150978,1.703125,26549,,,,,,
5,0.1731906533241272,0.018893785774707794,1.71875,26599,,,,,,
5,0.17835678160190582,0.022106776013970375,1.734375,26649,,,,,,
5,0.16125556826591492,0.01770087517797947,1.59375,26699,,,,,,
5,0.15932601690292358,0.015771333128213882,1.59375,26749,,,,,,
5,0.16128094494342804,0.01870281808078289,1.5859375,26799,,,,,,
5,0.16801641881465912,0.01762578822672367,1.671875,26849,,,,,,
5,0.17460693418979645,0.024216303601861,1.671875,26899,,,,,,
5,0.17708638310432434,0.018883254379034042,1.7578125,26949,,,,,,
5,0.17378047108650208,0.019483590498566628,1.7109375,26999,,,,,,
5,0.15613631904125214,0.018441012129187584,1.53125,27049,,,,,,
5,0.17691832780838013,0.02750426158308983,1.6640625,27099,,,,,,
5,0.17398351430892944,0.018710076808929443,1.7265625,27149,,,,,,
5,0.17047761380672455,0.018133867532014847,1.6875,27199,,,,,,
5,0.15625348687171936,0.016605056822299957,1.546875,27249,,,,,,
5,0.16230598092079163,0.017774729058146477,1.609375,27299,,,,,,
5,0.1561911702156067,0.01654272899031639,1.5546875,27349,,,,,,
5,0.18294233083724976,0.019856391474604607,1.8125,27399,,,,,,
5,0.16753213107585907,0.01714150980114937,1.671875,27449,,,,,,
5,0.17457211017608643,0.020275242626667023,1.71875,27499,,,,,,
5,0.16639985144138336,0.019915472716093063,1.6328125,27549,,,,,,
5,0.15978236496448517,0.015251118689775467,1.609375,27599,,,,,,
5,0.16282063722610474,0.01731281727552414,1.6171875,27649,,,,,,
5,0.17133872210979462,0.01801840402185917,1.703125,27699,,,,,,
5,0.16358663141727448,0.019055375829339027,1.6015625,27749,,,,,,
5,0.15075454115867615,0.021848298609256744,1.4296875,27799,,,,,,
5,0.16630108654499054,0.019816705957055092,1.625,27849,,,,,,
5,0.16871556639671326,0.019301503896713257,1.65625,27899,,,,,,
5,0.16304755210876465,0.023399118334054947,1.546875,27949,,,,,,
5,0.1634448915719986,0.017937077209353447,1.6171875,27999,,,,,,
5,0.15967296063899994,0.015141705982387066,1.609375,28049,,,,,,
5,0.1693783849477768,0.017034633085131645,1.6953125,28099,,,,,,
5,0.15815453231334686,0.022412346675992012,1.5078125,28149,,,,,,
5,0.15261901915073395,0.0168768260627985,1.5078125,28199,,,,,,
5,0.14752963185310364,0.016670262441039085,1.453125,28249,,,,,,
5,0.17018820345401764,0.01784444786608219,1.6953125,28299,,,,,,
5,0.16034288704395294,0.01874132640659809,1.5703125,28349,,,,,,
5,0.1636759340763092,0.019144680351018906,1.609375,28399,,,,,,
5,0.16495440900325775,0.0174934733659029,1.640625,28449,,,,,,
5,0.1542874276638031,0.013662421144545078,1.5625,28499,,,,,,
5,0.15799669921398163,0.023231076076626778,1.5,28549,,,,,,
5,0.17142242193222046,0.016148991882801056,1.7265625,28599,,,,,,
5,0.16501808166503906,0.01853370852768421,1.625,28649,,,,,,
5,0.1715131402015686,0.021122518926858902,1.671875,28699,,,,,,
5,0.1621641367673874,0.01860945299267769,1.59375,28749,,,,,,
5,0.15546420216560364,0.016792334616184235,1.5390625,28799,,,,,,
5,0.15920716524124146,0.017605597153306007,1.5703125,28849,,,,,,
5,0.16642947494983673,0.01896853931248188,1.640625,28899,,,,,,
5,0.17653922736644745,0.024195479229092598,1.6953125,28949,,,,,,
5,0.15834036469459534,0.016738805919885635,1.5703125,28999,,,,,,
5,0.15940071642398834,0.01779915764927864,1.578125,29049,,,,,,
5,0.16875140368938446,0.01445453055202961,1.7109375,29099,,,,,,
5,0.1813923716545105,0.019283000379800797,1.8046875,29149,,,,,,
5,0.16256168484687805,0.019006995484232903,1.59375,29199,,,,,,
5,0.16218194365501404,0.014721003361046314,1.640625,29249,,,,,,
5,0.1588086634874344,0.017207104712724686,1.578125,29299,,,,,,
5,0.16598205268383026,0.01949768327176571,1.6328125,29349,,,,,,
5,0.16027875244617462,0.013794374652206898,1.625,29399,,,,,,
5,0.17604607343673706,0.019796067848801613,1.734375,29449,,,,,,
5,0.1511697769165039,0.013474460691213608,1.53125,29499,,,,,,
5,0.16008591651916504,0.01653122715651989,1.59375,29549,,,,,,
5,0.162600576877594,0.016116205602884293,1.6328125,29599,,,,,,
5,0.174238383769989,0.019941512495279312,1.7109375,29649,,,,,,
5,0.16571904718875885,0.016304979100823402,1.65625,29699,,,,,,
5,0.16068656742572784,0.015178754925727844,1.6171875,29749,,,,,,
5,0.16177581250667572,0.016267994418740273,1.6171875,29799,,,,,,
5,0.17647655308246613,0.017296863719820976,1.7734375,29849,,,,,,
5,0.1700463742017746,0.020632309839129448,1.6640625,29899,,,,,,
5,0.1601317673921585,0.01853019930422306,1.5703125,29949,,,,,,
5,0.1629849672317505,0.017477160319685936,1.6171875,29999,,,,,,
5,0.17959541082382202,0.016509467735886574,1.8125,30049,,,,,,
5,0.1597614586353302,0.0181598924100399,1.5703125,30099,,,,,,
5,0.16931651532649994,0.01794932223856449,1.6796875,30149,,,,,,
5,0.15646208822727203,0.01974334381520748,1.515625,30199,,,,,,
5,0.18208536505699158,0.019975990056991577,1.8046875,30249,,,,,,
5,0.16605737805366516,0.018596434965729713,1.640625,30299,,,,,,
5,0.1838955283164978,0.023739274591207504,1.78125,30349,,,,,,
5,0.16117164492607117,0.017616957426071167,1.59375,30399,,,,,,
5,0.16053606569766998,0.016004813835024834,1.609375,30449,,,,,,
5,0.1571887731552124,0.016563767567276955,1.5625,30499,,,,,,
5,0.1798461377620697,0.025549257174134254,1.71875,30549,,,,,,
5,0.15559923648834229,0.015950793400406837,1.5546875,30599,,,,,,
5,0.16066361963748932,0.01613236404955387,1.6015625,30649,,,,,,
5,0.16319535672664642,0.016710978001356125,1.625,30699,,,,,,
5,0.16258326172828674,0.018052006140351295,1.6015625,30749,,,,,,
5,0.16585512459278107,0.017417622730135918,1.6484375,30799,,,,,,
,,,,2855,,0.3606611490249634,,0.05987989157438278,,3.34375
,,,,2856,,0.35597360134124756,,0.05714549124240875,,3.3125
,,,,2857,,0.3652074337005615,,0.05661369860172272,,3.4375
,,,,2858,,0.3467906713485718,,0.06163442134857178,,3.171875
,,,,2859,,0.37238773703575134,,0.05793461576104164,,3.484375
,,,,2860,,0.38093554973602295,,0.06257617473602295,,3.53125
,,,,2861,,0.3735671937465668,,0.05911405757069588,,3.484375
,,,,2862,,0.32772642374038696,,0.058195166289806366,,2.984375
,,,,2863,,0.3918777108192444,,0.06179959326982498,,3.671875
,,,,2864,,0.3720315992832184,,0.06343784928321838,,3.421875
,,,,2865,,0.3515018820762634,,0.06048624590039253,,3.234375
,,,,2866,,0.36349356174468994,,0.056852951645851135,,3.40625
,,,,2867,,0.37388163805007935,,0.06138163059949875,,3.46875
,,,,2868,,0.3693252205848694,,0.06073146313428879,,3.421875
,,,,2869,,0.3339843451976776,,0.05859370902180672,,3.0625
,,,,2870,,0.3689765930175781,,0.058429718017578125,,3.453125
,,,,2871,,0.3741196393966675,,0.061619628220796585,,3.46875
,,,,2872,,0.3734746277332306,,0.059021513909101486,,3.5
,,,,2873,,0.37325143814086914,,0.06270457804203033,,3.453125
,,,,2874,,0.39374494552612305,,0.057807452976703644,,3.734375
,,,,2875,,0.3778965473175049,,0.06344341486692429,,3.484375
,,,,2876,,0.3540869951248169,,0.06111825257539749,,3.25
,,,,2877,,0.3713013827800751,,0.06075449660420418,,3.453125
,,,,2878,,0.36447298526763916,,0.059785474091768265,,3.390625
,,,,2879,,0.34948888421058655,,0.05847324803471565,,3.234375
,,,,2880,,0.3654284179210663,,0.05878778174519539,,3.40625
,,,,2881,,0.3721351623535156,,0.05963517725467682,,3.46875
,,,,2882,,0.33702901005744934,,0.06359151005744934,,3.03125
,,,,2883,,0.36069461703300476,,0.06186648830771446,,3.3125
,,,,2884,,0.35669127106666565,,0.061769384890794754,,3.28125
,,,,2885,,0.3617400527000427,,0.06095879152417183,,3.34375
,,,,2886,,0.31519120931625366,,0.061284951865673065,,2.8125
,,,,2887,,0.3496723473072052,,0.060609836131334305,,3.21875
,,,,2888,,0.3539242446422577,,0.06486175209283829,,3.203125
,,,,2889,,0.36746641993522644,,0.058872658759355545,,3.4375
,,,,2890,,0.33750855922698975,,0.05821167677640915,,3.109375
,,,,2891,,0.3832010328769684,,0.058982279151678085,,3.59375
,,,,2892,,0.36015409231185913,,0.05937284231185913,,3.34375
,,,,2893,,0.36476728320121765,,0.06203291192650795,,3.359375
,,,,2894,,0.3803268074989319,,0.058061182498931885,,3.578125
,,,,2895,,0.34466254711151123,,0.059506285935640335,,3.171875
,,,,2896,,0.3617955148220062,,0.061014268547296524,,3.34375
,,,,2897,,0.3500773012638092,,0.061014797538518906,,3.203125
,,,,2898,,0.3577866554260254,,0.0648178905248642,,3.265625
,,,,2899,,0.3683677017688751,,0.06368020176887512,,3.375
,,,,2900,,0.363380491733551,,0.05869299918413162,,3.375
,,,,2901,,0.34529346227645874,,0.06209034472703934,,3.140625
,,,,2902,,0.38128989934921265,,0.057071149349212646,,3.59375
,,,,2903,,0.3652152419090271,,0.0605277419090271,,3.375
,,,,2904,,0.3634207248687744,,0.056780099868774414,,3.40625
,,,,2905,,0.3600326180458069,,0.057298243045806885,,3.359375
,,,,2906,,0.31999725103378296,,0.06413786858320236,,2.84375
,,,,2907,,0.345018208026886,,0.06181507557630539,,3.15625
,,,,2908,,0.37078577280044556,,0.06219202280044556,,3.4375
,,,,2909,,0.36003440618515015,,0.05925314873456955,,3.34375
,,,,2910,,0.3292056918144226,,0.057721324265003204,,3.015625
,,,,2911,,0.35063621401786804,,0.05962060019373894,,3.234375
,,,,2912,,0.3776255249977112,,0.059266164898872375,,3.546875
,,,,2913,,0.35112717747688293,,0.05815843865275383,,3.265625
,,,,2914,,0.39518851041793823,,0.06120414286851883,,3.703125
,,,,2915,,0.3769429624080658,,0.0585835762321949,,3.53125
,,,,2916,,0.3589799106121063,,0.06015178933739662,,3.3125
,,,,2917,,0.35099753737449646,,0.056075651198625565,,3.28125
,,,,2918,,0.34564799070358276,,0.05658548325300217,,3.203125
,,,,2919,,0.3487287759780884,,0.05771315097808838,,3.234375
,,,,2920,,0.3620004951953888,,0.06317237764596939,,3.328125
,,,,2921,,0.3510306775569916,,0.06392131000757217,,3.1875
,,,,2922,,0.360304057598114,,0.06147592514753342,,3.328125
,,,,2923,,0.3597758412361145,,0.058994583785533905,,3.34375
,,,,2924,,0.3744431436061859,,0.05999002978205681,,3.484375
,,,,2925,,0.3537360727787018,,0.05881420150399208,,3.28125
,,,,2926,,0.37310755252838135,,0.05865442752838135,,3.484375
,,,,2927,,0.3726380467414856,,0.056231789290905,,3.515625
,,,,2928,,0.3513416051864624,,0.060325995087623596,,3.234375
,,,,2929,,0.36420565843582153,,0.06147127225995064,,3.359375
,,,,2930,,0.345147967338562,,0.059991706162691116,,3.171875
,,,,2931,,0.37861886620521545,,0.06025949493050575,,3.53125
,,,,2932,,0.39228731393814087,,0.058302946388721466,,3.71875
,,,,2933,,0.361081600189209,,0.062253475189208984,,3.328125
,,,,2934,,0.3468402326107025,,0.06363710016012192,,3.140625
,,,,2935,,0.35875174403190613,,0.05992360785603523,,3.3125
,,,,2936,,0.36567217111587524,,0.059031546115875244,,3.40625
,,,,2937,,0.3582298159599304,,0.06330794841051102,,3.28125
,,,,2938,,0.3557354509830475,,0.06471983343362808,,3.234375
,,,,2939,,0.3490746319293976,,0.05610589310526848,,3.25
,,,,2940,,0.37265461683273315,,0.05820148438215256,,3.5
,,,,2941,,0.3507038950920105,,0.0596882700920105,,3.234375
,,,,2942,,0.359951913356781,,0.0572175532579422,,3.359375
,,,,2943,,0.35463348031044006,,0.05971160903573036,,3.28125
,,,,2944,,0.3888731002807617,,0.06074808910489082,,3.640625
,,,,2945,,0.36605599522590637,,0.05941538140177727,,3.40625
,,,,2946,,0.4015759825706482,,0.05782599747180939,,3.828125
,,,,2947,,0.35688602924346924,,0.06001104414463043,,3.296875
,,,,2948,,0.3892572820186615,,0.0650385320186615,,3.59375
,,,,2949,,0.3309873640537262,,0.0595029853284359,,3.015625
,,,,2950,,0.3419376015663147,,0.0587344691157341,,3.15625
,,,,2951,,0.33464425802230835,,0.06120676547288895,,3.046875
,,,,2952,,0.3841872215270996,,0.0619216114282608,,3.578125
,,,,2953,,0.37094807624816895,,0.062354326248168945,,3.421875
,,,,2954,,0.36427363753318787,,0.05958612635731697,,3.375
,,,,2955,,0.34899505972862244,,0.06188567355275154,,3.1875
,,,,2956,,0.384133517742157,,0.05991477519273758,,3.609375
,,,,2957,,0.34257254004478455,,0.06327567249536514,,3.09375
,,,,2958,,0.36397266387939453,,0.06123828887939453,,3.359375
,,,,2959,,0.3392183780670166,,0.061874620616436005,,3.078125
,,,,2960,,0.36116138100624084,,0.05842701718211174,,3.359375
,,,,2961,,0.36816588044166565,,0.05957212671637535,,3.421875
,,,,2962,,0.3463209867477417,,0.057258494198322296,,3.21875
,,,,2963,,0.39396360516548157,,0.05802611634135246,,3.734375
,,,,2964,,0.36747032403945923,,0.058876581490039825,,3.4375
,,,,2965,,0.3617912530899048,,0.05710374563932419,,3.390625
,,,,2966,,0.34660398960113525,,0.05754147842526436,,3.21875
,,,,2967,,0.376613587141037,,0.060207340866327286,,3.515625
,,,,2968,,0.3773929476737976,,0.05708044022321701,,3.5625
,,,,2969,,0.3594359755516052,,0.05865471810102463,,3.34375
,,,,2970,,0.3625125288963318,,0.061731286346912384,,3.34375
,,,,2971,,0.3530755639076233,,0.062059931457042694,,3.234375
,,,,2972,,0.38168609142303467,,0.057467348873615265,,3.59375
,,,,2973,,0.34329378604888916,,0.060090675950050354,,3.140625
,,,,2974,,0.3628629148006439,,0.06403479725122452,,3.328125
,,,,2975,,0.3627922832965851,,0.05810477212071419,,3.375
,,,,2976,,0.36991673707962036,,0.06327610462903976,,3.40625
,,,,2977,,0.34834104776382446,,0.05927853658795357,,3.203125
,,,,2978,,0.3943299949169159,,0.06034562364220619,,3.71875
,,,,2979,,0.35177507996559143,,0.058806341141462326,,3.25
,,,,2980,,0.3747723400592804,,0.0622723363339901,,3.46875
,,,,2981,,0.36486876010894775,,0.060181260108947754,,3.375
,,,,2982,,0.35196277499198914,,0.06094714626669884,,3.234375
,,,,2983,,0.40811237692832947,,0.058503005653619766,,3.875
,,,,2984,,0.35981884598731995,,0.06489697098731995,,3.28125
,,,,2985,,0.3867492079734802,,0.06253045797348022,,3.609375
,,,,2986,,0.37210139632225037,,0.06350765377283096,,3.421875
,,,,2987,,0.3565410375595093,,0.06357228010892868,,3.25
,,,,2988,,0.37696245312690735,,0.06250932812690735,,3.5
,,,,2989,,0.352225124835968,,0.06316260993480682,,3.203125
,,,,2990,,0.37133005261421204,,0.06273630261421204,,3.421875
,,,,2991,,0.37195903062820435,,0.06531839817762375,,3.40625
,,,,2992,,0.3408801257610321,,0.0596301294863224,,3.125
,,,,2993,,0.3580898940563202,,0.06316802650690079,,3.28125
,,,,2994,,0.3570860028266907,,0.05825788527727127,,3.3125
,,,,2995,,0.3448444604873657,,0.06164133548736572,,3.15625
,,,,2996,,0.3251727819442749,,0.0556415393948555,,3.0
,,,,2997,,0.35663866996765137,,0.06562303751707077,,3.234375
,,,,2998,,0.3525800406932831,,0.05961129441857338,,3.265625
,,,,2999,,0.36410290002822876,,0.05941540002822876,,3.375
,,,,3000,,0.35445496439933777,,0.06343934684991837,,3.234375
,,,,3001,,0.36973753571510315,,0.06114378198981285,,3.4375
,,,,3002,,0.32583871483802795,,0.05826060101389885,,2.96875
,,,,3003,,0.33974647521972656,,0.056543342769145966,,3.15625
,,,,3004,,0.3548731803894043,,0.0619044229388237,,3.25
,,,,3005,,0.3587759733200073,,0.05994786322116852,,3.3125
,,,,3006,,0.3403323292732239,,0.06689483672380447,,3.03125
,,,,3007,,0.3503971993923187,,0.05742843821644783,,3.25
,,,,3008,,0.34364616870880127,,0.06044305860996246,,3.15625
,,,,3009,,0.3518824577331543,,0.0628199577331543,,3.21875
,,,,3010,,0.3396608233451843,,0.06036393716931343,,3.09375
,,,,3011,,0.3792143166065216,,0.056948695331811905,,3.578125
,,,,3012,,0.36206555366516113,,0.06323741376399994,,3.3125
,,,,3013,,0.33597466349601746,,0.05863090232014656,,3.078125
,,,,3014,,0.32343021035194397,,0.055852096527814865,,2.96875
,,,,3015,,0.3894079923629761,,0.06518922746181488,,3.59375
,,,,3016,,0.37722718715667725,,0.05886782705783844,,3.546875
,,,,3017,,0.3264140188694,,0.06274214386940002,,2.921875
,,,,3018,,0.35226088762283325,,0.06124527007341385,,3.234375
,,,,3019,,0.37674638628959656,,0.06229327246546745,,3.5
,,,,3020,,0.33177265524864197,,0.05638202652335167,,3.0625
,,,,3021,,0.3471533954143524,,0.060044024139642715,,3.1875
,,,,3022,,0.37805140018463135,,0.05969201400876045,,3.546875
,,,,3023,,0.33843934535980225,,0.06304870545864105,,3.0625
,,,,3024,,0.37329766154289246,,0.06861016899347305,,3.390625
,,,,3025,,0.352491557598114,,0.05952280014753342,,3.25
,,,,3026,,0.3757999539375305,,0.06134682148694992,,3.5
,,,,3027,,0.388032466173172,,0.0599074624478817,,3.640625
,,,,3028,,0.37264662981033325,,0.05819351226091385,,3.484375
,,,,3029,,0.37262555956840515,,0.05817243829369545,,3.5
,,,,3030,,0.3475481867790222,,0.060438819229602814,,3.1875
,,,,3031,,0.39096352458000183,,0.058932285755872726,,3.6875
,,,,3032,,0.3566426634788513,,0.05976765602827072,,3.296875
,,,,3033,,0.3669756054878235,,0.05838187038898468,,3.421875
,,,,3034,,0.34306490421295166,,0.06376802176237106,,3.109375
,,,,3035,,0.3644911050796509,,0.05980361998081207,,3.375
,,,,3036,,0.37014007568359375,,0.06154632568359375,,3.4375
,,,,3037,,0.3549817204475403,,0.060059837996959686,,3.28125
,,,,3038,,0.3720581829547882,,0.0634644404053688,,3.421875
,,,,3039,,0.3743495047092438,,0.05989639088511467,,3.5
,,,,3040,,0.39138180017471313,,0.05739741772413254,,3.71875
,,,,3041,,0.35144442319869995,,0.058475688099861145,,3.25
,,,,3042,,0.3652881681919098,,0.06060066446661949,,3.390625
,,,,3043,,0.35797056555747986,,0.05914242938160896,,3.328125
,,,,3044,,0.34652137756347656,,0.06331824511289597,,3.140625
,,,,3045,,0.35228458046913147,,0.05931583419442177,,3.265625
,,,,3046,,0.34375429153442383,,0.06055115535855293,,3.15625
,,,,3047,,0.3371221125125885,,0.0597783587872982,,3.078125
,,,,3048,,0.3634994328022003,,0.05685880407691002,,3.40625
,,,,3049,,0.3773200213909149,,0.05896063521504402,,3.53125
,,,,3050,,0.38141191005706787,,0.06305254995822906,,3.53125
,,,,3051,,0.3353208005428314,,0.059930186718702316,,3.0625
,,,,3052,,0.3562149405479431,,0.05933993309736252,,3.296875
,,,,3053,,0.3599696159362793,,0.06114150583744049,,3.3125
,,,,3054,,0.360302597284317,,0.06538072973489761,,3.28125
,,,,3055,,0.33075058460235596,,0.06121933460235596,,2.984375
,,,,3056,,0.36141565442085266,,0.060634393244981766,,3.34375
,,,,3057,,0.3509308695793152,,0.06186836212873459,,3.203125
,,,,3058,,0.3892859220504761,,0.06116091087460518,,3.65625
,,,,3059,,0.35902056097984314,,0.05823931470513344,,3.34375
,,,,3060,,0.33948755264282227,,0.06019067019224167,,3.109375
,,,,3061,,0.3890236020088196,,0.06285173445940018,,3.625
,,,,3062,,0.3632251024246216,,0.05658446624875069,,3.40625
,,,,3063,,0.3534216582775116,,0.0565466471016407,,3.296875
,,,,3064,,0.3650229871273041,,0.06619486957788467,,3.328125
,,,,3065,,0.3468557298183441,,0.05779321864247322,,3.21875
,,,,3066,,0.3673861026763916,,0.058792345225811005,,3.421875
,,,,3067,,0.3686000406742096,,0.06586567312479019,,3.359375
,,,,3068,,0.3333420157432556,,0.06185764819383621,,3.015625
,,,,3069,,0.3629010319709778,,0.058213524520397186,,3.375
,,,,3070,,0.33268362283706665,,0.06315238028764725,,3.0
,,,,3071,,0.34944307804107666,,0.06038058549165726,,3.203125
,,,,3072,,0.3631215989589691,,0.05843408778309822,,3.390625
,,,,3073,,0.38113462924957275,,0.06082214415073395,,3.5625
,,,,3074,,0.3566153347492218,,0.0577872060239315,,3.3125
,,,,3075,,0.382617324590683,,0.05839856341481209,,3.609375
,,,,3076,,0.3635064363479614,,0.06077205017209053,,3.359375
,,,,3077,,0.3555159866809845,,0.0586409829556942,,3.296875
,,,,3078,,0.3542212247848511,,0.06125246360898018,,3.265625
,,,,3079,,0.37649500370025635,,0.06008875370025635,,3.515625
,,,,3080,,0.3558018207550049,,0.05892683565616608,,3.296875
,,,,3081,,0.36379268765449524,,0.06496457010507584,,3.328125
,,,,3082,,0.3467084765434265,,0.05764598399400711,,3.203125
,,,,3083,,0.3912018835544586,,0.061123769730329514,,3.671875
,,,,3084,,0.36106154322624207,,0.056374046951532364,,3.390625
,,,,3085,,0.36417144536972046,,0.05753081291913986,,3.40625
,,,,3086,,0.34733259677886963,,0.06022322177886963,,3.1875
,,,,3087,,0.3555438816547394,,0.058668870478868484,,3.296875
,,,,3088,,0.37946462631225586,,0.061105258762836456,,3.53125
,,,,3089,,0.3487564027309418,,0.059693899005651474,,3.21875
,,,,3090,,0.34857824444770813,,0.057562630623579025,,3.234375
,,,,3091,,0.35262757539749146,,0.05965881794691086,,3.25
,,,,3092,,0.3392328917980194,,0.05602977052330971,,3.15625
,,,,3093,,0.33669304847717285,,0.06130243092775345,,3.0625
,,,,3094,,0.35710111260414124,,0.06217924878001213,,3.28125
,,,,3095,,0.34860992431640625,,0.06540680676698685,,3.15625
,,,,3096,,0.33239036798477173,,0.05895286053419113,,3.03125
,,,,3097,,0.3605770468711853,,0.059795789420604706,,3.34375
,,,,3098,,0.3816901445388794,,0.0613776333630085,,3.5625
,,,,3099,,0.3880158066749573,,0.06575019657611847,,3.578125
,,,,3100,,0.35067617893218994,,0.061613667756319046,,3.203125
,,,,3101,,0.36347001791000366,,0.060735635459423065,,3.359375
,,,,3102,,0.33726951479911804,,0.06187887862324715,,3.0625
,,,,3103,,0.33195772767066956,,0.05852022394537926,,3.046875
,,,,3104,,0.3785208463668823,,0.06016147881746292,,3.53125
,,,,3105,,0.33412912487983704,,0.06264474242925644,,3.015625
,,,,3106,,0.35975754261016846,,0.05897628143429756,,3.34375
,,,,3107,,0.36678823828697205,,0.06405386328697205,,3.359375
,,,,3108,,0.3495320975780487,,0.06242271140217781,,3.1875
,,,,3109,,0.3832777440547943,,0.061012107878923416,,3.578125
,,,,3110,,0.35416656732559204,,0.05924469977617264,,3.28125
,,,,3111,,0.3423154354095459,,0.061065442860126495,,3.125
,,,,3112,,0.34204185009002686,,0.05883873254060745,,3.140625
,,,,3113,,0.3671473562717438,,0.062459852546453476,,3.390625
,,,,3114,,0.3681429326534271,,0.06150231137871742,,3.40625
,,,,3115,,0.3542752265930176,,0.05740021914243698,,3.296875
,,,,3116,,0.3948001563549042,,0.06081578508019447,,3.703125
,,,,3117,,0.3387044668197632,,0.06136070564389229,,3.078125
,,,,3118,,0.3379635810852051,,0.05866672098636627,,3.109375
,,,,3119,,0.3727435767650604,,0.060243573039770126,,3.46875
,,,,3120,,0.3499302566051483,,0.06282088905572891,,3.1875
,,,,3121,,0.35873541235923767,,0.05795416608452797,,3.34375
,,,,3122,,0.3651612102985382,,0.05852058157324791,,3.40625
,,,,3123,,0.3783990144729614,,0.06003962829709053,,3.53125
,,,,3124,,0.34055495262145996,,0.06125807762145996,,3.109375
,,,,3125,,0.338062584400177,,0.06071882322430611,,3.078125
,,,,3126,,0.3976950943470001,,0.06371072679758072,,3.703125
,,,,3127,,0.35245388746261597,,0.061438269913196564,,3.234375
,,,,3128,,0.3542783558368683,,0.061309609562158585,,3.25
,,,,3129,,0.3643401861190796,,0.059652674943208694,,3.375
,,,,3130,,0.3312622606754303,,0.05782475695014,,3.046875
,,,,3131,,0.33826005458831787,,0.05896317958831787,,3.09375
,,,,3132,,0.3694804012775421,,0.060886647552251816,,3.4375
,,,,3133,,0.36950573325157166,,0.06481822580099106,,3.390625
,,,,3134,,0.38061442971229553,,0.06420818716287613,,3.515625
,,,,3135,,0.3752557933330536,,0.06275580078363419,,3.46875
,,,,3136,,0.34489601850509644,,0.06364602595567703,,3.125
,,,,3137,,0.35692787170410156,,0.06786537170410156,,3.203125
,,,,3138,,0.3364418148994446,,0.05909807235002518,,3.078125
,,,,3139,,0.3678136467933655,,0.06507926434278488,,3.359375
,,,,3140,,0.345366507768631,,0.06216339394450188,,3.140625
,,,,3141,,0.3451235890388489,,0.06387360394001007,,3.125
,,,,3142,,0.35802045464515686,,0.05919232591986656,,3.328125
,,,,3143,,0.34803012013435364,,0.05896763131022453,,3.21875
,,,,3144,,0.34643253684043884,,0.06322940438985825,,3.140625
,,,,3145,,0.3410158157348633,,0.06171894073486328,,3.109375
,,,,3146,,0.3848656713962555,,0.060646917670965195,,3.59375
,,,,3147,,0.3691236972808838,,0.062483061105012894,,3.40625
,,,,3148,,0.3469603657722473,,0.059850990772247314,,3.1875
,,,,3149,,0.34054386615753174,,0.059293873608112335,,3.125
,,,,3150,,0.3551405072212219,,0.06021864712238312,,3.28125
,,,,3151,,0.3737748861312866,,0.05736863613128662,,3.515625
,,,,3152,,0.36609163880348206,,0.061404142528772354,,3.375
,,,,3153,,0.3604940176010132,,0.05580652505159378,,3.375
,,,,3154,,0.41024070978164673,,0.05672507733106613,,3.9375
,,,,3155,,0.3545721173286438,,0.0576971098780632,,3.296875
,,,,3156,,0.34671860933303833,,0.06742174923419952,,3.109375
,,,,3157,,0.33519935607910156,,0.061761870980262756,,3.03125
,,,,3158,,0.3736044466495514,,0.05719819292426109,,3.515625
,,,,3159,,0.34650179743766785,,0.06329866498708725,,3.15625
,,,,3160,,0.3599642813205719,,0.0611361600458622,,3.3125
,,,,3161,,0.3552893400192261,,0.056461215019226074,,3.3125
,,,,3162,,0.3768064081668854,,0.06235327199101448,,3.484375
,,,,3163,,0.36297136545181274,,0.06414324045181274,,3.328125
,,,,3164,,0.34807026386260986,,0.06291401386260986,,3.171875
,,,,3165,,0.3481944799423218,,0.061085112392902374,,3.1875
,,,,3166,,0.3538624048233032,,0.05503426864743233,,3.328125
,,,,3167,,0.355097234249115,,0.058222223073244095,,3.296875
,,,,3168,,0.3568747341632843,,0.059999730437994,,3.296875
,,,,3169,,0.34227898716926575,,0.05907587334513664,,3.15625
,,,,3170,,0.36830028891563416,,0.05775340273976326,,3.453125
,,,,3171,,0.3588946461677551,,0.06006651371717453,,3.3125
,,,,3172,,0.4081990122795105,,0.058589644730091095,,3.890625
,,,,3173,,0.3541666865348816,,0.06510419398546219,,3.21875
,,,,3174,,0.36012887954711914,,0.061300747096538544,,3.328125
,,,,3175,,0.37179091572761536,,0.06319717317819595,,3.421875
,,,,3176,,0.37930259108543396,,0.060943204909563065,,3.546875
,,,,3177,,0.34489262104034424,,0.06364263594150543,,3.125
,,,,3178,,0.3716849088668823,,0.06309116631746292,,3.4375
,,,,3179,,0.3646409511566162,,0.059953466057777405,,3.375
,,,,3180,,0.37693464756011963,,0.06248153746128082,,3.484375
,,,,3181,,0.34993183612823486,,0.05891619995236397,,3.234375
,,,,3182,,0.3540543019771576,,0.06108555570244789,,3.25
,,,,3183,,0.3631230890750885,,0.0564824603497982,,3.40625
,,,,3184,,0.33998116850852966,,0.05873117968440056,,3.125
,,,,3185,,0.3929024040699005,,0.05891804024577141,,3.71875
,,,,3186,,0.39202845096588135,,0.05999718979001045,,3.6875
,,,,3187,,0.34818458557128906,,0.05912207439541817,,3.21875
,,,,3188,,0.3807600140571594,,0.06240065395832062,,3.53125
,,,,3189,,0.3438481390476227,,0.05673876032233238,,3.1875
,,,,3190,,0.38561248779296875,,0.05944060534238815,,3.625
,,,,3191,,0.3475523591041565,,0.0604429766535759,,3.1875
,,,,3192,,0.36640429496765137,,0.059763677418231964,,3.40625
,,,,3193,,0.37282681465148926,,0.06032681465148926,,3.46875
,,,,3194,,0.34298309683799744,,0.05977996811270714,,3.140625
,,,,3195,,0.37356945872306824,,0.059116337448358536,,3.5
,,,,3196,,0.326091468334198,,0.060466475784778595,,2.953125
,,,,3197,,0.38823094964027405,,0.058152828365564346,,3.671875
,,,,3198,,0.34754496812820435,,0.056529343128204346,,3.234375
,,,,3199,,0.3688217103481293,,0.06022794917225838,,3.4375
,,,,3200,,0.3659973740577698,,0.06521613150835037,,3.34375
,,,,3201,,0.34614524245262146,,0.06294211745262146,,3.140625
,,,,3202,,0.3475024104118347,,0.058439917862415314,,3.203125
,,,,3203,,0.36749279499053955,,0.058899037539958954,,3.421875
,,,,3204,,0.36269137263298035,,0.058003876358270645,,3.375
,,,,3205,,0.35165199637413025,,0.06063637509942055,,3.234375
,,,,3206,,0.3547842800617218,,0.057909268885850906,,3.296875
,,,,3207,,0.3833608329296112,,0.059142086654901505,,3.609375
,,,,3208,,0.35635432600975037,,0.06338558346033096,,3.25
,,,,3209,,0.37125164270401,,0.0626579001545906,,3.421875
,,,,3210,,0.3811529278755188,,0.058887310326099396,,3.578125
,,,,3211,,0.3510817587375641,,0.05811300501227379,,3.265625
,,,,3212,,0.36537638306617737,,0.05678262934088707,,3.421875
,,,,3213,,0.33795997500419617,,0.06452248245477676,,3.03125
,,,,3214,,0.35575851798057556,,0.05888352170586586,,3.296875
,,,,3215,,0.3861377239227295,,0.0580127127468586,,3.640625
,,,,3216,,0.34090468287467957,,0.05770154669880867,,3.140625
,,,,3217,,0.3441583514213562,,0.0609552338719368,,3.140625
,,,,3218,,0.3675844371318817,,0.06094381585717201,,3.40625
,,,,3219,,0.36322540044784546,,0.06049102544784546,,3.359375
,,,,3220,,0.37155410647392273,,0.06296034902334213,,3.421875
,,,,3221,,0.3606626093387604,,0.06183449551463127,,3.3125
,,,,3222,,0.35940390825271606,,0.06057579815387726,,3.328125
,,,,3223,,0.35912397503852844,,0.058342721313238144,,3.34375
,,,,3224,,0.3576911985874176,,0.05886306241154671,,3.328125
,,,,3225,,0.38359493017196655,,0.061329297721385956,,3.578125
,,,,3226,,0.3623438775539398,,0.059609491378068924,,3.359375
,,,,3227,,0.37607428431510925,,0.05966802313923836,,3.515625
,,,,3228,,0.3532372713088989,,0.058315396308898926,,3.28125
,,,,3229,,0.35404515266418457,,0.059123266488313675,,3.28125
,,,,3230,,0.33155298233032227,,0.058115482330322266,,3.03125
,,,,3231,,0.34791100025177,,0.05884851515293121,,3.21875
,,,,3232,,0.35011106729507446,,0.06300168484449387,,3.1875
,,,,3233,,0.3776017725467682,,0.06119551882147789,,3.515625
,,,,3234,,0.3700006306171417,,0.057500626891851425,,3.46875
,,,,3235,,0.3635888993740082,,0.06085452809929848,,3.359375
,,,,3236,,0.36235201358795166,,0.06352389603853226,,3.328125
,,,,3237,,0.3472418487071991,,0.062085602432489395,,3.171875
,,,,3238,,0.3719288408756256,,0.061381977051496506,,3.453125
,,,,3239,,0.35318171977996826,,0.06021296977996826,,3.25
,,,,3240,,0.33083510398864746,,0.06325697898864746,,2.96875
,,,,3241,,0.37490156292915344,,0.06435468047857285,,3.453125
,,,,3242,,0.3324397802352905,,0.05900228023529053,,3.03125
,,,,3243,,0.3362080454826355,,0.0627705380320549,,3.03125
,,,,3244,,0.37198007106781006,,0.05752693489193916,,3.5
,,,,3245,,0.3583044707775116,,0.057523224502801895,,3.34375
,,,,3246,,0.3528880774974823,,0.0638255849480629,,3.203125
,,,,3247,,0.38271966576576233,,0.058500904589891434,,3.59375
,,,,3248,,0.3732593357563019,,0.06075933203101158,,3.46875
,,,,3249,,0.3140204846858978,,0.05816110596060753,,2.84375
,,,,3250,,0.3216722309589386,,0.0580003596842289,,2.9375
,,,,3251,,0.379604309797287,,0.06319806724786758,,3.515625
,,,,3252,,0.3652946650981903,,0.06451341509819031,,3.34375
,,,,3253,,0.37045058608055115,,0.06185683235526085,,3.421875
,,,,3254,,0.3760361969470978,,0.059629958122968674,,3.515625
,,,,3255,,0.3594091236591339,,0.06058099493384361,,3.3125
,,,,3256,,0.34626585245132446,,0.06110960990190506,,3.171875
,,,,3257,,0.33054643869400024,,0.05710895359516144,,3.03125
,,,,3258,,0.3519631028175354,,0.0648537203669548,,3.1875
,,,,3259,,0.3726560175418854,,0.06015601381659508,,3.46875
,,,,3260,,0.3751079738140106,,0.06065484508872032,,3.484375
,,,,3261,,0.35748589038848877,,0.056704629212617874,,3.34375
,,,,3262,,0.35542258620262146,,0.06245383992791176,,3.265625
,,,,3263,,0.3592185974121094,,0.06039048731327057,,3.328125
,,,,3264,,0.3601464629173279,,0.06131833791732788,,3.328125
,,,,3265,,0.3485111892223358,,0.06335494667291641,,3.171875
,,,,3266,,0.35350510478019714,,0.06248946860432625,,3.234375
,,,,3267,,0.37554505467414856,,0.05718567594885826,,3.53125
,,,,3268,,0.3783591389656067,,0.06195288151502609,,3.515625
,,,,3269,,0.3585939407348633,,0.05976581573486328,,3.3125
,,,,3270,,0.3435324728488922,,0.06228247657418251,,3.125
,,,,3271,,0.352345734834671,,0.06328324228525162,,3.203125
,,,,3272,,0.37365683913230896,,0.059203725308179855,,3.484375
,,,,3273,,0.37360164523124695,,0.059148531407117844,,3.484375
,,,,3274,,0.3347301781177521,,0.06129267439246178,,3.046875
,,,,3275,,0.33904266357421875,,0.05779266357421875,,3.125
,,,,3276,,0.35053279995918274,,0.057564038783311844,,3.265625
,,,,3277,,0.32467782497406006,,0.05905281379818916,,2.953125
,,,,3278,,0.3783896565437317,,0.058077163994312286,,3.5625
,,,,3279,,0.3390580117702484,,0.06562051177024841,,3.046875
,,,,3280,,0.36325567960739136,,0.056615062057971954,,3.40625
,,,,3281,,0.3498385548591614,,0.06077606976032257,,3.21875
,,,,3282,,0.3585050404071808,,0.05967690423130989,,3.328125
,,,,3283,,0.39210495352745056,,0.05812058225274086,,3.71875
,,,,3284,,0.3630167841911316,,0.060282424092292786,,3.359375
,,,,3285,,0.368397057056427,,0.06566266715526581,,3.359375
,,,,3286,,0.36865127086639404,,0.05810439586639404,,3.453125
,,,,3287,,0.368822306394577,,0.06022855266928673,,3.4375
,,,,3288,,0.3798781633377075,,0.05956565588712692,,3.5625
,,,,3289,,0.34003254771232605,,0.058782536536455154,,3.125
,,,,3290,,0.33103200793266296,,0.05954762175679207,,3.015625
,,,,3291,,0.37392550706863403,,0.05556613951921463,,3.546875
,,,,3292,,0.37251079082489014,,0.05805766582489014,,3.484375
,,,,3293,,0.35958409309387207,,0.056849706918001175,,3.359375
,,,,3294,,0.36957406997680664,,0.060980308800935745,,3.4375
,,,,3295,,0.3675179183483124,,0.058924172073602676,,3.421875
,,,,3296,,0.36483636498451233,,0.06405511498451233,,3.34375
,,,,3297,,0.35118839144706726,,0.062125880271196365,,3.203125
,,,,3298,,0.3631438910961151,,0.06431576609611511,,3.328125
,,,,3299,,0.35961848497390747,,0.05883724242448807,,3.34375
,,,,3300,,0.36560946702957153,,0.06482820212841034,,3.34375
,,,,3301,,0.34458306431770325,,0.06528619676828384,,3.109375
,,,,3302,,0.37631821632385254,,0.061865080147981644,,3.484375
,,,,3303,,0.3633125126361847,,0.058625008910894394,,3.375
,,,,3304,,0.363519549369812,,0.06078517436981201,,3.359375
,,,,3305,,0.3610449433326721,,0.06416995823383331,,3.296875
,,,,3306,,0.3426089286804199,,0.055499542504549026,,3.1875
,,,,3307,,0.3556285798549652,,0.0626598373055458,,3.265625
,,,,3308,,0.3650226593017578,,0.06033515930175781,,3.375
,,,,3309,,0.36852824687957764,,0.05798137187957764,,3.453125
,,,,3310,,0.375622421503067,,0.06116930767893791,,3.5
,,,,3311,,0.33769261837005615,,0.058395758271217346,,3.109375
,,,,3312,,0.33168283104896545,,0.05824533477425575,,3.03125
,,,,3313,,0.32490992546081543,,0.061238065361976624,,2.9375
,,,,3314,,0.3667576014995575,,0.06207011267542839,,3.375
,,,,3315,,0.36673402786254883,,0.06204654276371002,,3.375
,,,,3316,,0.3698171079158783,,0.0631764754652977,,3.40625
,,,,3317,,0.374253511428833,,0.06370662152767181,,3.453125
,,,,3318,,0.3505246043205261,,0.05950899422168732,,3.234375
,,,,3319,,0.3866971731185913,,0.05857217311859131,,3.65625
,,,,3320,,0.3666496276855469,,0.06000899150967598,,3.40625
,,,,3321,,0.34981727600097656,,0.06270791590213776,,3.1875
,,,,3322,,0.3544352650642395,,0.05756025388836861,,3.296875
,,,,3323,,0.3518848419189453,,0.05891609191894531,,3.25
,,,,3324,,0.35764023661613464,,0.06076524034142494,,3.296875
,,,,3325,,0.3927678167819977,,0.058783452957868576,,3.71875
,,,,3326,,0.390560507774353,,0.06243550032377243,,3.65625
,,,,3327,,0.349759578704834,,0.06265019625425339,,3.1875
,,,,3328,,0.3292372226715088,,0.0675184577703476,,2.90625
,,,,3329,,0.37784910202026367,,0.059489715844392776,,3.53125
,,,,3330,,0.37964266538619995,,0.057377029210329056,,3.578125
,,,,3331,,0.36360982060432434,,0.058922331780195236,,3.390625
,,,,3332,,0.3380577564239502,,0.05876089632511139,,3.109375
,,,,3333,,0.3497997522354126,,0.0568309910595417,,3.25
,,,,3334,,0.35651448369026184,,0.05963947996497154,,3.296875
,,,,3335,,0.3764578700065613,,0.05809848755598068,,3.546875
,,,,3336,,0.3493899405002594,,0.0622805617749691,,3.1875
,,,,3337,,0.3494423031806946,,0.06037979573011398,,3.203125
,,,,3338,,0.35642820596694946,,0.057600073516368866,,3.3125
,,,,3339,,0.33740267157554626,,0.06005891039967537,,3.078125
,,,,3340,,0.3358299136161804,,0.05848617106676102,,3.078125
,,,,3341,,0.3832437992095947,,0.06097817420959473,,3.578125
,,,,3342,,0.38146358728408813,,0.06310421228408813,,3.546875
,,,,3343,,0.34516263008117676,,0.05610011890530586,,3.21875
,,,,3344,,0.35656362771987915,,0.05773551017045975,,3.328125
,,,,3345,,0.3600662350654602,,0.06123810261487961,,3.328125
,,,,3346,,0.347518652677536,,0.06040927395224571,,3.1875
,,,,3347,,0.3409685492515564,,0.0616716630756855,,3.109375
,,,,3348,,0.3601735234260559,,0.05939227342605591,,3.34375
,,,,3349,,0.36974164843559265,,0.061147887259721756,,3.421875
,,,,3350,,0.38766172528266907,,0.05953673645853996,,3.65625
,,,,3351,,0.35478705167770386,,0.061818309128284454,,3.265625
,,,,3352,,0.35623353719711304,,0.05740540474653244,,3.328125
,,,,3353,,0.3693622350692749,,0.060768477618694305,,3.421875
,,,,3354,,0.3204927444458008,,0.058774009346961975,,2.90625
,,,,3355,,0.36932772397994995,,0.060733966529369354,,3.421875
,,,,3356,,0.3761386573314667,,0.05777928605675697,,3.53125
,,,,3357,,0.3423258364200592,,0.059122707694768906,,3.140625
,,,,3358,,0.3699910044670105,,0.061397261917591095,,3.421875
,,,,3359,,0.3445775508880615,,0.05942131578922272,,3.171875
,,,,3360,,0.35070738196372986,,0.05773863568902016,,3.25
,,,,3361,,0.33382999897003174,,0.06039249151945114,,3.046875
,,,,3362,,0.3364759385585785,,0.05717906728386879,,3.09375
,,,,3363,,0.365951806306839,,0.05931118503212929,,3.40625
,,,,3364,,0.3577825427055359,,0.05895441025495529,,3.328125
,,,,3365,,0.3556365668773651,,0.06071468070149422,,3.28125
,,,,3366,,0.35200798511505127,,0.059039223939180374,,3.265625
,,,,3367,,0.35179415345191956,,0.05882539972662926,,3.25
,,,,3368,,0.37919601798057556,,0.060836631804704666,,3.53125
,,,,3369,,0.3349972665309906,,0.057653527706861496,,3.078125
,,,,3370,,0.35239145159721375,,0.05942269787192345,,3.265625
,,,,3371,,0.33042779564857483,,0.06284967064857483,,2.96875
,,,,3372,,0.3476638197898865,,0.05860132724046707,,3.203125
,,,,3373,,0.37667787075042725,,0.06222473457455635,,3.5
,,,,3374,,0.3578110337257385,,0.05898290127515793,,3.3125
,,,,3375,,0.34835901856422424,,0.06320276856422424,,3.171875
,,,,3376,,0.36334753036499023,,0.05866002291440964,,3.375
,,,,3377,,0.3712453842163086,,0.064604751765728,,3.40625
,,,,3378,,0.3848520517349243,,0.056727051734924316,,3.65625
,,,,3379,,0.3436085283756256,,0.060405414551496506,,3.140625
,,,,3380,,0.3541082441806793,,0.06113949790596962,,3.25
,,,,3381,,0.36270061135292053,,0.06191937252879143,,3.34375
,,,,3382,,0.37076959013938904,,0.05826957896351814,,3.46875
,,,,3383,,0.37170371413230896,,0.061156827956438065,,3.453125
,,,,3384,,0.38335391879081726,,0.059135157614946365,,3.609375
,,,,3385,,0.38951289653778076,,0.06724725663661957,,3.578125
,,,,3386,,0.3622457981109619,,0.05755831301212311,,3.375
,,,,3387,,0.37748637795448303,,0.059126999229192734,,3.546875
,,,,3388,,0.3431265354156494,,0.06187655031681061,,3.125
,,,,3389,,0.3602531850337982,,0.06142504885792732,,3.328125
,,,,3390,,0.370075523853302,,0.0614817813038826,,3.4375
,,,,3391,,0.3683323562145233,,0.06364485621452332,,3.390625
,,,,3392,,0.3868699073791504,,0.056791797280311584,,3.671875
,,,,3393,,0.3596736788749695,,0.06084556132555008,,3.3125
,,,,3394,,0.36033910512924194,,0.06346410512924194,,3.296875
,,,,3395,,0.341331422328949,,0.058128297328948975,,3.140625
,,,,3396,,0.38752108812332153,,0.06720859557390213,,3.5625
,,,,3397,,0.3534754514694214,,0.06050671637058258,,3.265625
,,,,3398,,0.3725118935108185,,0.06196501478552818,,3.453125
,,,,3399,,0.3825353682041168,,0.05831661447882652,,3.609375
,,,,3400,,0.35595452785491943,,0.06493891030550003,,3.234375
,,,,3401,,0.372857928276062,,0.06035792827606201,,3.46875
,,,,3402,,0.37606146931648254,,0.059655215591192245,,3.515625
,,,,3403,,0.3840847611427307,,0.059866003692150116,,3.59375
,,,,3404,,0.37592950463294983,,0.06342950463294983,,3.46875
,,,,3405,,0.3554820418357849,,0.05860704183578491,,3.296875
,,,,3406,,0.35439634323120117,,0.05556822568178177,,3.3125
,,,,3407,,0.3510777950286865,,0.058109037578105927,,3.25
,,,,3408,,0.33629080653190613,,0.058947060257196426,,3.078125
,,,,3409,,0.3624951243400574,,0.06171388179063797,,3.34375
,,,,3410,,0.36427271366119385,,0.06153832748532295,,3.359375
,,,,3411,,0.37607645988464355,,0.05967019870877266,,3.515625
,,,,3412,,0.3522659242153168,,0.06125030294060707,,3.234375
,,,,3413,,0.36846572160720825,,0.059871964156627655,,3.4375
,,,,3414,,0.348116397857666,,0.06296016275882721,,3.171875
,,,,3415,,0.38042646646499634,,0.06206710636615753,,3.53125
,,,,3416,,0.36115413904190063,,0.06037289649248123,,3.34375
,,,,3417,,0.3388622999191284,,0.05956541374325752,,3.109375
,,,,3418,,0.33606573939323425,,0.06262824684381485,,3.046875
,,,,3419,,0.3528132140636444,,0.05984446778893471,,3.265625
,,,,3420,,0.3625032901763916,,0.059768930077552795,,3.359375
,,,,3421,,0.36557507514953613,,0.06284068524837494,,3.359375
,,,,3422,,0.3525143265724182,,0.059545569121837616,,3.25
,,,,3423,,0.3918147683143616,,0.06173665076494217,,3.671875
,,,,3424,,0.3336451053619385,,0.06020762026309967,,3.046875
,,,,3425,,0.32842403650283813,,0.05889280140399933,,2.984375
5,,,,30827,0.3599240481853485,,0.06039810553193092,,3.327670097351074,
6,0.1656428724527359,0.015252242796123028,1.671875,30849,,,,,,
6,0.15571753680706024,0.013139408081769943,1.5859375,30899,,,,,,
6,0.17182113230228424,0.01654769480228424,1.7265625,30949,,,,,,
6,0.16082550585269928,0.01629425212740898,1.609375,30999,,,,,,
6,0.16079120337963104,0.016259947791695595,1.6015625,31049,,,,,,
6,0.15293008089065552,0.015234761871397495,1.53125,31099,,,,,,
6,0.17354494333267212,0.01827150583267212,1.7265625,31149,,,,,,
6,0.17196224629878998,0.024501312524080276,1.640625,31199,,,,,,
6,0.16017726063728333,0.016622567549347878,1.59375,31249,,,,,,
6,0.1706698089838028,0.020279189571738243,1.671875,31299,,,,,,
6,0.1668391078710556,0.01547191571444273,1.6796875,31349,,,,,,
6,0.15340286493301392,0.01668410748243332,1.5234375,31399,,,,,,
6,0.16229687631130219,0.016789060086011887,1.6171875,31449,,,,,,
6,0.17494580149650574,0.016742680221796036,1.7578125,31499,,,,,,
6,0.1598711609840393,0.014363348484039307,1.6171875,31549,,,,,,
6,0.16842888295650482,0.01901482231914997,1.65625,31599,,,,,,
6,0.1712934672832489,0.0179731622338295,1.703125,31649,,,,,,
6,0.16858002543449402,0.01916595734655857,1.6640625,31699,,,,,,
6,0.1718991994857788,0.01662575639784336,1.7265625,31749,,,,,,
6,0.1617879867553711,0.019209858030080795,1.5859375,31799,,,,,,
6,0.1554180085659027,0.013816438615322113,1.5703125,31849,,,,,,
6,0.15869860351085663,0.01612047292292118,1.5859375,31899,,,,,,
6,0.1613461822271347,0.01388524193316698,1.640625,31949,,,,,,
6,0.17489558458328247,0.017669018357992172,1.7421875,31999,,,,,,
6,0.1538051813840866,0.015133308246731758,1.5390625,32049,,,,,,
6,0.17726944386959076,0.017113199457526207,1.78125,32099,,,,,,
6,0.15451179444789886,0.018769601359963417,1.5078125,32149,,,,,,
6,0.16490790247917175,0.014517277479171753,1.671875,32199,,,,,,
6,0.16646063327789307,0.018023140728473663,1.6484375,32249,,,,,,
6,0.16726520657539368,0.019804272800683975,1.640625,32299,,,,,,
6,0.1727105975151062,0.019390281289815903,1.703125,32349,,,,,,
6,0.15853440761566162,0.01888597197830677,1.5546875,32399,,,,,,
6,0.16174930334091187,0.018194619566202164,1.59375,32449,,,,,,
6,0.16136841475963593,0.015860596671700478,1.6171875,32499,,,,,,
6,0.16081812977790833,0.019216563552618027,1.578125,32549,,,,,,
6,0.1583661139011383,0.012858301401138306,1.6171875,32599,,,,,,
6,0.16142705082893372,0.019825486466288567,1.578125,32649,,,,,,
6,0.15556852519512177,0.015920093283057213,1.546875,32699,,,,,,
6,0.15936937928199768,0.013861561194062233,1.6171875,32749,,,,,,
6,0.17100931704044342,0.01768900267779827,1.703125,32799,,,,,,
6,0.1540171205997467,0.014368687756359577,1.546875,32849,,,,,,
6,0.17099151015281677,0.019624317064881325,1.6796875,32899,,,,,,
6,0.1620480716228485,0.01556370034813881,1.6328125,32949,,,,,,
6,0.16098657250404358,0.014502194710075855,1.6328125,32999,,,,,,
6,0.1732587069272995,0.019938388839364052,1.703125,33049,,,,,,
6,0.1747373789548874,0.025323322042822838,1.65625,33099,,,,,,
6,0.15458834171295166,0.01591647043824196,1.5390625,33149,,,,,,
6,0.15005122125148773,0.01333247497677803,1.5234375,33199,,,,,,
6,0.16815218329429626,0.016784990206360817,1.6796875,33249,,,,,,
6,0.15286895632743835,0.02200958877801895,1.453125,33299,,,,,,
6,0.15514250099658966,0.015494056977331638,1.5546875,33349,,,,,,
6,0.16142843663692474,0.014944055117666721,1.625,33399,,,,,,
6,0.15827524662017822,0.013743994757533073,1.6015625,33449,,,,,,
6,0.15127131342887878,0.015529124066233635,1.5078125,33499,,,,,,
6,0.17870092391967773,0.016591547057032585,1.8046875,33549,,,,,,
6,0.1579359620809555,0.016334397718310356,1.578125,33599,,,,,,
6,0.1473376303911209,0.015501697547733784,1.46875,33649,,,,,,
6,0.1701139211654663,0.019723303616046906,1.671875,33699,,,,,,
6,0.1690831333398819,0.020645638927817345,1.6484375,33749,,,,,,
6,0.16099660098552704,0.014512230642139912,1.6328125,33799,,,,,,
6,0.14715716242790222,0.012391542084515095,1.4921875,33849,,,,,,
6,0.17570173740386963,0.02042829431593418,1.7265625,33899,,,,,,
6,0.1605113446712494,0.01890978217124939,1.578125,33949,,,,,,
6,0.16521409153938293,0.020682839676737785,1.6015625,33999,,,,,,
6,0.16145408153533936,0.014969706535339355,1.625,34049,,,,,,
6,0.15229704976081848,0.01460173074156046,1.53125,34099,,,,,,
6,0.15457110106945038,0.01785234548151493,1.5234375,34149,,,,,,
6,0.15300948917865753,0.015314181335270405,1.53125,34199,,,,,,
6,0.1566445380449295,0.013089854270219803,1.59375,34249,,,,,,
6,0.17642074823379517,0.017241068184375763,1.7734375,34299,,,,,,
6,0.1596270054578781,0.016072312369942665,1.59375,34349,,,,,,
6,0.15985603630542755,0.015324781648814678,1.609375,34399,,,,,,
6,0.1608029454946518,0.01529513020068407,1.6171875,34449,,,,,,
6,0.15673525631427765,0.015133697539567947,1.578125,34499,,,,,,
6,0.16093140840530396,0.017376720905303955,1.59375,34549,,,,,,
6,0.16804654896259308,0.01765591837465763,1.671875,34599,,,,,,
6,0.1537911295890808,0.014142696745693684,1.5546875,34649,,,,,,
6,0.1615269035100937,0.016995657235383987,1.6015625,34699,,,,,,
6,0.1664879024028778,0.017073841765522957,1.6640625,34749,,,,,,
6,0.16489914059638977,0.016461648046970367,1.6484375,34799,,,,,,
6,0.15991485118865967,0.015383596532046795,1.6015625,34849,,,,,,
6,0.16469621658325195,0.018211841583251953,1.625,34899,,,,,,
6,0.16280096769332886,0.01338690984994173,1.6640625,34949,,,,,,
6,0.1611870378255844,0.014702660031616688,1.6328125,34999,,,,,,
6,0.15323102474212646,0.013582593761384487,1.5546875,35049,,,,,,
6,0.15521511435508728,0.01556667685508728,1.546875,35099,,,,,,
6,0.15127098560333252,0.014552232809364796,1.515625,35149,,,,,,
6,0.1643170863389969,0.019785841926932335,1.6015625,35199,,,,,,
6,0.17106102406978607,0.016764147207140923,1.7109375,35249,,,,,,
6,0.16143986582756042,0.015932058915495872,1.6171875,35299,,,,,,
6,0.15922440588474274,0.020552536472678185,1.5390625,35349,,,,,,
6,0.1687522679567337,0.016408512368798256,1.6875,35399,,,,,,
6,0.16223490238189697,0.018680211156606674,1.59375,35449,,,,,,
6,0.15982459485530853,0.01236366294324398,1.640625,35499,,,,,,
6,0.17172668874263763,0.021336060017347336,1.671875,35549,,,,,,
6,0.1820167452096939,0.01795424148440361,1.8203125,35599,,,,,,
6,0.1514517068862915,0.01277982722967863,1.5390625,35649,,,,,,
6,0.15434490144252777,0.01567303203046322,1.5390625,35699,,,,,,
6,0.15959754586219788,0.015066297724843025,1.6015625,35749,,,,,,
6,0.1560576856136322,0.015432687476277351,1.5625,35799,,,,,,
6,0.16675889492034912,0.014415151439607143,1.6875,35849,,,,,,
6,0.16074737906455994,0.015239566564559937,1.6171875,35899,,,,,,
6,0.1646168977022171,0.01422626618295908,1.671875,35949,,,,,,
,,,,3426,,0.184652179479599,,0.011800614185631275,,1.921875
,,,,3427,,0.18562963604927063,,0.01180150918662548,,1.9296875
,,,,3428,,0.18762658536434174,,0.009892208501696587,,1.9765625
,,,,3429,,0.19216056168079376,,0.01051993016153574,,2.015625
,,,,3430,,0.18611687421798706,,0.011312183924019337,,1.9453125
,,,,3431,,0.17268982529640198,,0.015463260002434254,,1.75
,,,,3432,,0.16980700194835663,,0.011603876948356628,,1.7578125
,,,,3433,,0.170358344912529,,0.010202097706496716,,1.78125
,,,,3434,,0.1911105066537857,,0.014352687634527683,,1.96875
,,,,3435,,0.22405341267585754,,0.013115914538502693,,2.34375
,,,,3436,,0.18652406334877014,,0.011719373986124992,,1.9453125
,,,,3437,,0.20688459277153015,,0.009618963114917278,,2.1875
,,,,3438,,0.1704927235841751,,0.013266158290207386,,1.75
,,,,3439,,0.18738612532615662,,0.013557995669543743,,1.9296875
,,,,3440,,0.17717334628105164,,0.010181151330471039,,1.8515625
,,,,3441,,0.1708945482969284,,0.01171486359089613,,1.765625
,,,,3442,,0.19458429515361786,,0.011967112310230732,,2.03125
,,,,3443,,0.19425933063030243,,0.012618708424270153,,2.015625
,,,,3444,,0.18924808502197266,,0.01249027717858553,,1.96875
,,,,3445,,0.19114787876605988,,0.011460382491350174,,2.0
,,,,3446,,0.2029137760400772,,0.01443721167743206,,2.09375
,,,,3447,,0.18940412998199463,,0.013622873462736607,,1.953125
,,,,3448,,0.17653439939022064,,0.013448460027575493,,1.8125
,,,,3449,,0.1805151104927063,,0.010593232698738575,,1.8828125
,,,,3450,,0.1927497684955597,,0.01306226197630167,,1.9921875
,,,,3451,,0.19335560500621796,,0.011714986525475979,,2.015625
,,,,3452,,0.17761148512363434,,0.01061930414289236,,1.8515625
,,,,3453,,0.18792396783828735,,0.010189599357545376,,1.9765625
,,,,3454,,0.19983448088169098,,0.012334479950368404,,2.078125
,,,,3455,,0.18632936477661133,,0.013477806933224201,,1.921875
,,,,3456,,0.18953965604305267,,0.014734973199665546,,1.9453125
,,,,3457,,0.18380209803581238,,0.014856783673167229,,1.875
,,,,3458,,0.18460066616535187,,0.010772538371384144,,1.9296875
,,,,3459,,0.18147234618663788,,0.014480154030025005,,1.859375
,,,,3460,,0.1860383301973343,,0.013186764903366566,,1.921875
,,,,3461,,0.1661878526210785,,0.011890975758433342,,1.7109375
,,,,3462,,0.2125863879919052,,0.011414519511163235,,2.234375
,,,,3463,,0.17809341847896576,,0.01110122911632061,,1.859375
,,,,3464,,0.19210323691368103,,0.015345429070293903,,1.9609375
,,,,3465,,0.1936010867357254,,0.011960466392338276,,2.015625
,,,,3466,,0.1802356243133545,,0.012266881763935089,,1.8671875
,,,,3467,,0.19398623704910278,,0.014298743568360806,,2.0
,,,,3468,,0.17412512004375458,,0.01494543720036745,,1.765625
,,,,3469,,0.17863261699676514,,0.013593556359410286,,1.8359375
,,,,3470,,0.18200986087322235,,0.013064545579254627,,1.875
,,,,3471,,0.18575109541416168,,0.012899533845484257,,1.921875
,,,,3472,,0.1834717094898224,,0.01257327664643526,,1.8984375
,,,,3473,,0.18489329516887665,,0.011065168306231499,,1.9296875
,,,,3474,,0.19023333489894867,,0.013475525192916393,,1.96875
,,,,3475,,0.18183672428131104,,0.009961726143956184,,1.90625
,,,,3476,,0.18050231039524078,,0.010580439120531082,,1.8828125
,,,,3477,,0.18744675815105438,,0.014595193788409233,,1.921875
,,,,3478,,0.18040971457958221,,0.009511270560324192,,1.8984375
,,,,3479,,0.19090962409973145,,0.014151808805763721,,1.96875
,,,,3480,,0.17988303303718567,,0.011914278380572796,,1.8671875
,,,,3481,,0.17743289470672607,,0.012393832206726074,,1.8359375
,,,,3482,,0.18082866072654724,,0.013836466707289219,,1.859375
,,,,3483,,0.18101605772972107,,0.010117625817656517,,1.8984375
,,,,3484,,0.17142780125141144,,0.010294989682734013,,1.7890625
,,,,3485,,0.19547834992408752,,0.012861157767474651,,2.03125
,,,,3486,,0.19186565279960632,,0.012178153730928898,,1.9921875
,,,,3487,,0.1891016960144043,,0.012343883514404297,,1.9609375
,,,,3488,,0.16976238787174225,,0.010582702234387398,,1.7734375
,,,,3489,,0.18093211948871613,,0.009057116694748402,,1.9140625
,,,,3490,,0.1903388798236847,,0.010651374235749245,,2.0
,,,,3491,,0.1843261569738388,,0.012451156973838806,,1.9140625
,,,,3492,,0.19063979387283325,,0.010952301323413849,,2.0
,,,,3493,,0.1832267940044403,,0.01135179866105318,,1.9140625
,,,,3494,,0.18252705037593842,,0.010652049444615841,,1.90625
,,,,3495,,0.19392286241054535,,0.009352548979222775,,2.046875
,,,,3496,,0.17842216789722443,,0.011429978534579277,,1.859375
,,,,3497,,0.20632429420948029,,0.011011796072125435,,2.171875
,,,,3498,,0.17436030507087708,,0.010297811590135098,,1.828125
,,,,3499,,0.1888105869293213,,0.012052766978740692,,1.96875
,,,,3500,,0.18634188175201416,,0.01446688175201416,,1.9140625
,,,,3501,,0.17463546991348267,,0.012526092119514942,,1.796875
,,,,3502,,0.19109077751636505,,0.012379846535623074,,1.984375
,,,,3503,,0.19235268235206604,,0.012665175832808018,,2.0
,,,,3504,,0.1959567815065384,,0.01138647086918354,,2.046875
,,,,3505,,0.16779834032058716,,0.013501467183232307,,1.7109375
,,,,3506,,0.19588802754878998,,0.011317715980112553,,2.046875
,,,,3507,,0.18156954646110535,,0.009694543667137623,,1.9140625
,,,,3508,,0.17693215608596802,,0.014822779223322868,,1.8046875
,,,,3509,,0.18971796333789825,,0.012960150837898254,,1.9609375
,,,,3510,,0.18268248438835144,,0.009830920025706291,,1.921875
,,,,3511,,0.18290723860263824,,0.011032240465283394,,1.9140625
,,,,3512,,0.21416687965393066,,0.012995006516575813,,2.234375
,,,,3513,,0.1800430566072464,,0.012074311263859272,,1.8671875
,,,,3514,,0.19373385608196259,,0.011116662062704563,,2.03125
,,,,3515,,0.19767506420612335,,0.012128188274800777,,2.0625
,,,,3516,,0.19382011890411377,,0.011202936992049217,,2.03125
,,,,3517,,0.1785072535276413,,0.010538507252931595,,1.8671875
,,,,3518,,0.18315425515174866,,0.012255812995135784,,1.8984375
,,,,3519,,0.17715778946876526,,0.013095288537442684,,1.8203125
,,,,3520,,0.18770290911197662,,0.012898224405944347,,1.9375
,,,,3521,,0.16320233047008514,,0.011835136450827122,,1.6796875
,,,,3522,,0.17097528278827667,,0.011795593425631523,,1.7734375
,,,,3523,,0.17983150482177734,,0.012839315459132195,,1.859375
,,,,3524,,0.17070168256759644,,0.012498553842306137,,1.7578125
,,,,3525,,0.18016047775745392,,0.01219173427671194,,1.8671875
,,,,3526,,0.18016739189624786,,0.015128322876989841,,1.8359375
,,,,3527,,0.18297234177589417,,0.014027029275894165,,1.875
,,,,3528,,0.18111084401607513,,0.014118661172688007,,1.8515625
,,,,3529,,0.17815664410591125,,0.011164454743266106,,1.859375
,,,,3530,,0.185153529047966,,0.015231652185320854,,1.8828125
,,,,3531,,0.18097203969955444,,0.012026730924844742,,1.875
,,,,3532,,0.19538766145706177,,0.013747038319706917,,2.015625
,,,,3533,,0.16679154336452484,,0.009564978070557117,,1.75
,,,,3534,,0.17972557246685028,,0.01175682246685028,,1.8671875
,,,,3535,,0.18746550381183624,,0.009731128811836243,,1.9765625
,,,,3536,,0.1796257048845291,,0.010680396109819412,,1.875
,,,,3537,,0.1741340607404709,,0.01202469039708376,,1.8046875
,,,,3538,,0.18647314608097076,,0.012645022943615913,,1.9296875
,,,,3539,,0.2001611292362213,,0.01168456394225359,,2.09375
,,,,3540,,0.19029639661312103,,0.010608898475766182,,1.9921875
,,,,3541,,0.1899353712797165,,0.015130679123103619,,1.9375
,,,,3542,,0.18202157318592072,,0.012099698185920715,,1.8828125
,,,,3543,,0.1813516467809677,,0.010453206486999989,,1.8984375
,,,,3544,,0.19513170421123505,,0.01349108200520277,,2.015625
,,,,3545,,0.18778786063194275,,0.014936298131942749,,1.921875
,,,,3546,,0.17462076246738434,,0.009581704623997211,,1.8359375
,,,,3547,,0.17188240587711334,,0.01660897396504879,,1.7265625
,,,,3548,,0.19520330429077148,,0.010632993653416634,,2.046875
,,,,3549,,0.17299742996692657,,0.012841183692216873,,1.78125
,,,,3550,,0.17821620404720306,,0.012200582772493362,,1.84375
,,,,3551,,0.19234809279441833,,0.015590280294418335,,1.96875
,,,,3552,,0.19305060803890228,,0.011409980244934559,,2.015625
,,,,3553,,0.17919263243675232,,0.011223887093365192,,1.8671875
,,,,3554,,0.20508535206317902,,0.010749411769211292,,2.15625
,,,,3555,,0.19101417064666748,,0.01620948687195778,,1.9375
,,,,3556,,0.1932770311832428,,0.011636410839855671,,2.015625
,,,,3557,,0.1855706423521042,,0.015648771077394485,,1.8828125
,,,,3558,,0.1801222562789917,,0.015083187259733677,,1.8359375
,,,,3559,,0.19029660522937775,,0.012562232092022896,,1.9765625
,,,,3560,,0.18823818862438202,,0.013433506712317467,,1.9453125
,,,,3561,,0.17327770590782166,,0.012144899927079678,,1.7890625
,,,,3562,,0.19535192847251892,,0.015664424747228622,,1.9921875
,,,,3563,,0.1812787652015686,,0.011356888338923454,,1.8828125
,,,,3564,,0.19910946488380432,,0.014539150521159172,,2.046875
,,,,3565,,0.16909365355968475,,0.009913972578942776,,1.7734375
,,,,3566,,0.18945634365081787,,0.011721974238753319,,1.9765625
,,,,3567,,0.16306538879871368,,0.009745072573423386,,1.703125
,,,,3568,,0.1851949542760849,,0.013319951482117176,,1.9140625
,,,,3569,,0.1642856001853943,,0.011941849254071712,,1.6875
,,,,3570,,0.18923018872737885,,0.012472382746636868,,1.96875
,,,,3571,,0.19062991440296173,,0.01582522876560688,,1.9375
,,,,3572,,0.19637510180473328,,0.013757920823991299,,2.03125
,,,,3573,,0.1942349225282669,,0.012594291009008884,,2.015625
,,,,3574,,0.1827951967716217,,0.009943635202944279,,1.921875
,,,,3575,,0.18571652472019196,,0.01188840065151453,,1.9296875
,,,,3576,,0.16561929881572723,,0.013275542296469212,,1.6953125
,,,,3577,,0.1988285481929779,,0.016211368143558502,,2.03125
,,,,3578,,0.17439019680023193,,0.012280815280973911,,1.8046875
,,,,3579,,0.17778395116329193,,0.011768330819904804,,1.84375
,,,,3580,,0.18513734638690948,,0.015215469524264336,,1.890625
,,,,3581,,0.18496322631835938,,0.014064782299101353,,1.8984375
,,,,3582,,0.18680739402770996,,0.01102614775300026,,1.953125
,,,,3583,,0.20175017416477203,,0.013273616321384907,,2.09375
,,,,3584,,0.17426224052906036,,0.01019973773509264,,1.828125
,,,,3585,,0.1776534467935562,,0.009684700518846512,,1.8671875
,,,,3586,,0.1982721984386444,,0.01663156785070896,,2.015625
,,,,3587,,0.1841750144958496,,0.01132345013320446,,1.921875
,,,,3588,,0.18109449744224548,,0.015078870579600334,,1.84375
,,,,3589,,0.18532517552375793,,0.015403307043015957,,1.8828125
,,,,3590,,0.19524677097797394,,0.01360615249723196,,2.015625
,,,,3591,,0.17978079617023468,,0.010835480876266956,,1.875
,,,,3592,,0.18594694137573242,,0.013095385394990444,,1.921875
,,,,3593,,0.19713708758354187,,0.01159021444618702,,2.0625
,,,,3594,,0.16957807540893555,,0.01039839256554842,,1.765625
,,,,3595,,0.17669452726840973,,0.01751483418047428,,1.765625
,,,,3596,,0.173134908080101,,0.01200209278613329,,1.7890625
,,,,3597,,0.19397300481796265,,0.012332386337220669,,2.015625
,,,,3598,,0.17938072979450226,,0.011411979794502258,,1.8671875
,,,,3599,,0.18244372308254242,,0.012521849945187569,,1.8828125
,,,,3600,,0.18719977140426636,,0.012395085766911507,,1.9453125
,,,,3601,,0.19095246493816376,,0.011264966800808907,,1.9921875
,,,,3602,,0.17806105315685272,,0.009115737862884998,,1.875
,,,,3603,,0.1668940633535385,,0.011620625853538513,,1.7265625
,,,,3604,,0.18863655626773834,,0.011878748424351215,,1.96875
,,,,3605,,0.17971815168857574,,0.012725966982543468,,1.859375
,,,,3606,,0.19995512068271637,,0.012455124408006668,,2.078125
,,,,3607,,0.18475261330604553,,0.01287760864943266,,1.90625
,,,,3608,,0.18546566367149353,,0.012614107690751553,,1.921875
,,,,3609,,0.2078561782836914,,0.015473369508981705,,2.140625
,,,,3610,,0.1939624547958374,,0.0123218335211277,,2.015625
,,,,3611,,0.1935872882604599,,0.01194666512310505,,2.015625
,,,,3612,,0.18820786476135254,,0.010473485104739666,,1.9765625
,,,,3613,,0.17501777410507202,,0.009978706948459148,,1.8359375
,,,,3614,,0.1922476589679718,,0.01256016455590725,,2.0
,,,,3615,,0.17015032470226288,,0.012923764064908028,,1.75
,,,,3616,,0.1658860296010971,,0.011589158326387405,,1.71875
,,,,3617,,0.1806359440088272,,0.015596886165440083,,1.8359375
,,,,3618,,0.15617597103118896,,0.01164472196251154,,1.609375
,,,,3619,,0.18926212191581726,,0.012504307553172112,,1.96875
,,,,3620,,0.17494846880435944,,0.010885962285101414,,1.8203125
,,,,3621,,0.16834846138954163,,0.013075027614831924,,1.7265625
,,,,3622,,0.18302170932292938,,0.01212326530367136,,1.8984375
,,,,3623,,0.18297439813613892,,0.011099390685558319,,1.9140625
,,,,3624,,0.18333403766155243,,0.01243560016155243,,1.8984375
,,,,3625,,0.19827702641487122,,0.015659838914871216,,2.03125
,,,,3626,,0.1923885941505432,,0.012701092287898064,,1.9921875
,,,,3627,,0.17924968898296356,,0.012257506139576435,,1.859375
,,,,3628,,0.16915254294872284,,0.010949414223432541,,1.7578125
,,,,3629,,0.1788678616285324,,0.011875675059854984,,1.859375
,,,,3630,,0.1894339621067047,,0.010723020881414413,,1.984375
,,,,3631,,0.1764838695526123,,0.010468244552612305,,1.84375
,,,,3632,,0.18160147964954376,,0.012656161561608315,,1.875
,,,,3633,,0.17398320138454437,,0.0089441342279315,,1.8359375
,,,,3634,,0.17179633677005768,,0.009686966426670551,,1.8046875
,,,,3635,,0.185029998421669,,0.015108127146959305,,1.8828125
,,,,3636,,0.1785663366317749,,0.009621021337807178,,1.875
,,,,3637,,0.19637179374694824,,0.011801479384303093,,2.046875
,,,,3638,,0.18461714684963226,,0.02055465057492256,,1.8203125
,,,,3639,,0.17575813829898834,,0.01267219614237547,,1.8125
,,,,3640,,0.17192432284355164,,0.009814952500164509,,1.8046875
,,,,3641,,0.19020988047122955,,0.01442862581461668,,1.953125
,,,,3642,,0.2098359614610672,,0.012570338323712349,,2.1875
,,,,3643,,0.18132930994033813,,0.009454309940338135,,1.9140625
,,,,3644,,0.1836332082748413,,0.010781653225421906,,1.921875
,,,,3645,,0.17624878883361816,,0.010233170352876186,,1.84375
,,,,3646,,0.1921827644109726,,0.012495262548327446,,1.9921875
,,,,3647,,0.19644996523857117,,0.011879650875926018,,2.046875
,,,,3648,,0.1759079098701477,,0.009892290458083153,,1.84375
,,,,3649,,0.18091973662376404,,0.016857240349054337,,1.8203125
,,,,3650,,0.1953214704990387,,0.013680843636393547,,2.015625
,,,,3651,,0.1718216985464096,,0.011665443889796734,,1.78125
,,,,3652,,0.20530180633068085,,0.013895558193325996,,2.125
,,,,3653,,0.17511972784996033,,0.013010348193347454,,1.8046875
,,,,3654,,0.19998718798160553,,0.010534056462347507,,2.109375
,,,,3655,,0.18199139833450317,,0.012069515883922577,,1.890625
,,,,3656,,0.19612863659858704,,0.010581758804619312,,2.0625
,,,,3657,,0.18860623240470886,,0.01087186112999916,,1.9765625
,,,,3658,,0.18768863379955292,,0.010930825024843216,,1.9609375
,,,,3659,,0.19568075239658356,,0.013063565827906132,,2.03125
,,,,3660,,0.20906326174736023,,0.011797641403973103,,2.1875
,,,,3661,,0.1782020628452301,,0.010233317501842976,,1.8671875
,,,,3662,,0.180936798453331,,0.011014926247298717,,1.890625
,,,,3663,,0.1719568371772766,,0.010824031196534634,,1.7890625
,,,,3664,,0.18120256066322327,,0.011280689388513565,,1.890625
,,,,3665,,0.18627800047397614,,0.013426434248685837,,1.921875
,,,,3666,,0.19791239500045776,,0.01627177745103836,,2.015625
,,,,3667,,0.16898269951343536,,0.010779579170048237,,1.7578125
,,,,3668,,0.17442628741264343,,0.013293475843966007,,1.7890625
,,,,3669,,0.21063017845153809,,0.011411432176828384,,2.21875
,,,,3670,,0.1989011913537979,,0.01628400944173336,,2.03125
,,,,3671,,0.18912425637245178,,0.014319575391709805,,1.9375
,,,,3672,,0.18719546496868134,,0.012390772812068462,,1.9453125
,,,,3673,,0.1789591908454895,,0.010990448296070099,,1.8671875
,,,,3674,,0.18061788380146027,,0.010696014389395714,,1.8828125
,,,,3675,,0.22002013027668,,0.010059199295938015,,2.328125
,,,,3676,,0.17975859344005585,,0.01569608971476555,,1.828125
,,,,3677,,0.17583531141281128,,0.01079624705016613,,1.8359375
,,,,3678,,0.18720562756061554,,0.015330632217228413,,1.90625
,,,,3679,,0.18544231355190277,,0.010637621395289898,,1.9453125
,,,,3680,,0.18900029361248016,,0.012242481112480164,,1.96875
,,,,3681,,0.1750747412443161,,0.01394193060696125,,1.7890625
,,,,3682,,0.1867428719997406,,0.011938179843127728,,1.9375
,,,,3683,,0.1826673448085785,,0.01079234667122364,,1.9140625
,,,,3684,,0.17640873789787292,,0.011369681917130947,,1.8359375
,,,,3685,,0.17927756905555725,,0.012285388074815273,,1.859375
,,,,3686,,0.1773132085800171,,0.01032102108001709,,1.8515625
,,,,3687,,0.18916527926921844,,0.012407468631863594,,1.9609375
,,,,3688,,0.17853114008903503,,0.012515509501099586,,1.84375
,,,,3689,,0.185801699757576,,0.010020454414188862,,1.953125
,,,,3690,,0.19064785540103912,,0.01389003824442625,,1.9609375
,,,,3691,,0.18785133957862854,,0.013046649284660816,,1.9453125
,,,,3692,,0.1827063262462616,,0.011807885952293873,,1.8984375
,,,,3693,,0.17469364404678345,,0.010631144046783447,,1.828125
,,,,3694,,0.19196659326553345,,0.009349402971565723,,2.03125
,,,,3695,,0.17128974199295044,,0.01308661699295044,,1.7578125
,,,,3696,,0.18492481112480164,,0.010120118968188763,,1.9375
,,,,3697,,0.17885836958885193,,0.011866177432239056,,1.8515625
,,,,3698,,0.1733148843050003,,0.011205504648387432,,1.8046875
,,,,3699,,0.18624158203601837,,0.014366577379405499,,1.9140625
,,,,3700,,0.1838090866804123,,0.01388720516115427,,1.8828125
,,,,3701,,0.15938584506511688,,0.011924901977181435,,1.640625
,,,,3702,,0.17347945272922516,,0.013323199935257435,,1.78125
,,,,3703,,0.1864333599805832,,0.013581794686615467,,1.921875
,,,,3704,,0.1938934028148651,,0.014205904677510262,,2.0
,,,,3705,,0.17661519348621368,,0.01548237819224596,,1.7890625
,,,,3706,,0.18840821087360382,,0.012626957148313522,,1.953125
,,,,3707,,0.18357150256633759,,0.013649621047079563,,1.890625
,,,,3708,,0.19630055129528046,,0.019542736932635307,,1.96875
,,,,3709,,0.17527098953723907,,0.01120848674327135,,1.828125
,,,,3710,,0.183654323220253,,0.01666214130818844,,1.859375
,,,,3711,,0.17993959784507751,,0.012947417795658112,,1.859375
,,,,3712,,0.18308301270008087,,0.015114260837435722,,1.8671875
,,,,3713,,0.18892529606819153,,0.010214358568191528,,1.984375
,,,,3714,,0.18638885021209717,,0.009631039574742317,,1.96875
,,,,3715,,0.1802443116903305,,0.013252119533717632,,1.8515625
,,,,3716,,0.17182904481887817,,0.012649350799620152,,1.7734375
,,,,3717,,0.19235216081142426,,0.010711539536714554,,2.015625
,,,,3718,,0.1881503462791443,,0.012369101867079735,,1.953125
,,,,3719,,0.17971983551979065,,0.010774522088468075,,1.875
,,,,3720,,0.164285346865654,,0.011941596865653992,,1.6953125
,,,,3721,,0.17419588565826416,,0.010133378207683563,,1.8203125
,,,,3722,,0.1927524209022522,,0.01111180055886507,,2.015625
,,,,3723,,0.19666443765163422,,0.014047245495021343,,2.03125
,,,,3724,,0.18675217032432556,,0.00999435130506754,,1.96875
,,,,3725,,0.18880966305732727,,0.009122166782617569,,2.0
,,,,3726,,0.18064327538013458,,0.010721406899392605,,1.890625
,,,,3727,,0.19154398143291473,,0.017715854570269585,,1.9296875
,,,,3728,,0.18090207874774933,,0.01098020188510418,,1.890625
,,,,3729,,0.1990770548582077,,0.011577061377465725,,2.078125
,,,,3730,,0.18168817460536957,,0.013719422742724419,,1.8671875
,,,,3731,,0.19545695185661316,,0.012839769013226032,,2.03125
,,,,3732,,0.18892619013786316,,0.011191807687282562,,1.9765625
,,,,3733,,0.19339559972286224,,0.013708093203604221,,1.9921875
,,,,3734,,0.1874387413263321,,0.01556373666971922,,1.9140625
,,,,3735,,0.1838664710521698,,0.011014903895556927,,1.921875
,,,,3736,,0.17471636831760406,,0.010653874836862087,,1.8203125
,,,,3737,,0.1824616640806198,,0.009610098786652088,,1.921875
,,,,3738,,0.19257137179374695,,0.009954181499779224,,2.03125
,,,,3739,,0.17438296973705292,,0.01032047439366579,,1.828125
,,,,3740,,0.19209755957126617,,0.014363184571266174,,1.9765625
,,,,3741,,0.21622373163700104,,0.012122169137001038,,2.265625
,,,,3742,,0.1722717583179474,,0.01016238797456026,,1.796875
,,,,3743,,0.19273239374160767,,0.011091761291027069,,2.015625
,,,,3744,,0.19410128891468048,,0.015390346758067608,,1.984375
,,,,3745,,0.1752222180366516,,0.013112850487232208,,1.8046875
,,,,3746,,0.16994929313659668,,0.012722735293209553,,1.7421875
,,,,3747,,0.1926266849040985,,0.012939189560711384,,2.0
,,,,3748,,0.20031455159187317,,0.015744244679808617,,2.046875
,,,,3749,,0.1845453679561615,,0.012670363299548626,,1.9140625
,,,,3750,,0.1686725914478302,,0.011446033604443073,,1.7421875
,,,,3751,,0.18288597464561462,,0.0110109718516469,,1.9140625
,,,,3752,,0.20003627240657806,,0.010583145543932915,,2.109375
,,,,3753,,0.1829601228237152,,0.012061689980328083,,1.8984375
,,,,3754,,0.1856791079044342,,0.01087441761046648,,1.9375
,,,,3755,,0.17716316878795624,,0.009194412268698215,,1.8671875
,,,,3756,,0.1953108310699463,,0.010740523226559162,,2.046875
,,,,3757,,0.20850922167301178,,0.01319671981036663,,2.171875
,,,,3758,,0.19991102814674377,,0.010457898490130901,,2.109375
,,,,3759,,0.1852409988641739,,0.014342556707561016,,1.8984375
,,,,3760,,0.1825687289237976,,0.01069373544305563,,1.9140625
,,,,3761,,0.17374709248542786,,0.011637710966169834,,1.796875
,,,,3762,,0.18875518441200256,,0.011997373774647713,,1.9609375
,,,,3763,,0.18720082938671112,,0.010443014092743397,,1.9609375
,,,,3764,,0.1835215836763382,,0.010670024901628494,,1.921875
,,,,3765,,0.18848614394664764,,0.013681461103260517,,1.9375
,,,,3766,,0.18113531172275543,,0.012189994566142559,,1.875
,,,,3767,,0.18410702049732208,,0.013208582065999508,,1.8984375
,,,,3768,,0.18684521317481995,,0.012040519155561924,,1.9453125
,,,,3769,,0.17094795405864716,,0.011768262833356857,,1.765625
,,,,3770,,0.1967826634645462,,0.012212355621159077,,2.046875
,,,,3771,,0.18706561625003815,,0.0161671731621027,,1.8984375
,,,,3772,,0.18362893164157867,,0.011753934435546398,,1.9140625
,,,,3773,,0.18792709708213806,,0.010192717425525188,,1.9765625
,,,,3774,,0.19271783530712128,,0.01303033996373415,,2.0
,,,,3775,,0.1808927208185196,,0.010970850475132465,,1.890625
,,,,3776,,0.18610557913780212,,0.012277456931769848,,1.9296875
,,,,3777,,0.1861920803785324,,0.01138739101588726,,1.9453125
,,,,3778,,0.21202883124351501,,0.012810084968805313,,2.21875
,,,,3779,,0.19023261964321136,,0.015427935868501663,,1.9453125
,,,,3780,,0.18481534719467163,,0.012940344400703907,,1.90625
,,,,3781,,0.16957040131092072,,0.010390717536211014,,1.765625
,,,,3782,,0.19102655351161957,,0.011339046992361546,,2.0
,,,,3783,,0.18597227334976196,,0.009214460849761963,,1.96875
,,,,3784,,0.18072913587093353,,0.017643196508288383,,1.8125
,,,,3785,,0.19754302501678467,,0.010043030604720116,,2.078125
,,,,3786,,0.1849474012851715,,0.00916614755988121,,1.953125
,,,,3787,,0.18216583132743835,,0.010290835984051228,,1.90625
,,,,3788,,0.18421100080013275,,0.012336005456745625,,1.9140625
,,,,3789,,0.18649663031101227,,0.011691947467625141,,1.9375
,,,,3790,,0.20411251485347748,,0.012706260196864605,,2.125
,,,,3791,,0.206966832280159,,0.014584021642804146,,2.140625
,,,,3792,,0.17851459980010986,,0.011522408574819565,,1.8515625
,,,,3793,,0.18101897835731506,,0.011097097769379616,,1.8828125
,,,,3794,,0.1811319887638092,,0.011210107244551182,,1.8828125
,,,,3795,,0.19250601530075073,,0.012818513438105583,,2.0
,,,,3796,,0.17710912227630615,,0.01207006350159645,,1.8359375
,,,,3797,,0.2006814330816269,,0.01220486406236887,,2.09375
,,,,3798,,0.19509080052375793,,0.013450175523757935,,2.015625
,,,,3799,,0.1763010323047638,,0.01028540451079607,,1.84375
,,,,3800,,0.1777813881635666,,0.011765765026211739,,1.84375
,,,,3801,,0.17236581444740295,,0.010256443172693253,,1.8046875
,,,,3802,,0.19214238226413727,,0.012454882264137268,,2.0
,,,,3803,,0.18783988058567047,,0.012058624997735023,,1.953125
,,,,3804,,0.17590053379535675,,0.013791162520647049,,1.796875
,,,,3805,,0.1810770183801651,,0.01310827024281025,,1.8671875
,,,,3806,,0.1929577738046646,,0.013270270079374313,,1.9921875
,,,,3807,,0.19850720465183258,,0.012960336171090603,,2.0625
,,,,3808,,0.18495428562164307,,0.013079280033707619,,1.9140625
,,,,3809,,0.18210309743881226,,0.010228094644844532,,1.9140625
,,,,3810,,0.1876753270626068,,0.011894083581864834,,1.953125
,,,,3811,,0.17153118550777435,,0.012351500801742077,,1.7734375
,,,,3812,,0.1899750828742981,,0.013217276893556118,,1.9609375
,,,,3813,,0.17643266916275024,,0.012370175682008266,,1.8203125
,,,,3814,,0.17356076836585999,,0.014381078071892262,,1.7734375
,,,,3815,,0.17981331050395966,,0.008914879523217678,,1.8984375
,,,,3816,,0.18420474231243134,,0.009400059469044209,,1.9375
,,,,3817,,0.18046602606773376,,0.011520708911120892,,1.875
,,,,3818,,0.1756744384765625,,0.010635369457304478,,1.8359375
,,,,3819,,0.18734902143478394,,0.01254433672875166,,1.9453125
,,,,3820,,0.1736023873090744,,0.011493015103042126,,1.8046875
,,,,3821,,0.1728443056344986,,0.010734925977885723,,1.8046875
,,,,3822,,0.19236740469932556,,0.015609589405357838,,1.96875
,,,,3823,,0.18214735388755798,,0.017108293250203133,,1.8359375
,,,,3824,,0.17406290769577026,,0.013906664215028286,,1.78125
,,,,3825,,0.1733257919549942,,0.011216413229703903,,1.796875
,,,,3826,,0.17611932754516602,,0.011080265045166016,,1.8359375
,,,,3827,,0.17285293340682983,,0.010743560269474983,,1.796875
,,,,3828,,0.1754165142774582,,0.011354015208780766,,1.8203125
,,,,3829,,0.18512579798698425,,0.014227364212274551,,1.8984375
,,,,3830,,0.18286466598510742,,0.010989661328494549,,1.90625
,,,,3831,,0.19889336824417114,,0.011393366381525993,,2.078125
,,,,3832,,0.1831120401620865,,0.009283909574151039,,1.9296875
,,,,3833,,0.18325893580913544,,0.014313618652522564,,1.875
,,,,3834,,0.1842402070760727,,0.012365211732685566,,1.9140625
,,,,3835,,0.1807212084531784,,0.013729017227888107,,1.859375
,,,,3836,,0.19279037415981293,,0.015055994503200054,,1.9765625
,,,,3837,,0.17768244445323944,,0.014596513472497463,,1.8125
,,,,3838,,0.17166422307491302,,0.009554849937558174,,1.796875
,,,,3839,,0.18542081117630005,,0.011592683382332325,,1.9296875
,,,,3840,,0.17660970985889435,,0.009617525152862072,,1.859375
,,,,3841,,0.1811426430940628,,0.013173893094062805,,1.8671875
,,,,3842,,0.18389855325222015,,0.014953238889575005,,1.875
,,,,3843,,0.19219060242176056,,0.012503106147050858,,1.9921875
,,,,3844,,0.1821049451828003,,0.010229942388832569,,1.9140625
,,,,3845,,0.1812536120414734,,0.011331744492053986,,1.890625
,,,,3846,,0.16990627348423004,,0.010726590640842915,,1.7734375
,,,,3847,,0.18195630609989166,,0.011057872325181961,,1.8984375
,,,,3848,,0.17873767018318176,,0.011745489202439785,,1.8515625
,,,,3849,,0.18498322367668152,,0.01017854269593954,,1.9453125
,,,,3850,,0.17779532074928284,,0.01568594016134739,,1.8046875
,,,,3851,,0.16915397346019745,,0.009974285028874874,,1.765625
,,,,3852,,0.16797906160354614,,0.010752502828836441,,1.75
,,,,3853,,0.19081386923789978,,0.01112637110054493,,1.9921875
,,,,3854,,0.18988075852394104,,0.013122943229973316,,1.9609375
,,,,3855,,0.18645751476287842,,0.011652822606265545,,1.9375
,,,,3856,,0.19492365419864655,,0.020118961110711098,,1.9453125
,,,,3857,,0.200127512216568,,0.010674390941858292,,2.109375
,,,,3858,,0.19276709854602814,,0.01112648006528616,,2.015625
,,,,3859,,0.1696048378944397,,0.012378274463117123,,1.7421875
,,,,3860,,0.1780695915222168,,0.01107739843428135,,1.8515625
,,,,3861,,0.16491805016994476,,0.012574304826557636,,1.6953125
,,,,3862,,0.19184614717960358,,0.009228956885635853,,2.03125
,,,,3863,,0.18334583938121796,,0.012447408400475979,,1.8984375
,,,,3864,,0.1865648776292801,,0.009807062335312366,,1.9609375
,,,,3865,,0.18621236085891724,,0.013360798358917236,,1.921875
,,,,3866,,0.18803289532661438,,0.014204763807356358,,1.9296875
,,,,3867,,0.19174110889434814,,0.016936425119638443,,1.9375
,,,,3868,,0.18665480613708496,,0.01477980799973011,,1.90625
,,,,3869,,0.1988578587770462,,0.013310977257788181,,2.0625
,,,,3870,,0.18478968739509583,,0.009985007345676422,,1.9453125
,,,,3871,,0.16963644325733185,,0.014362999238073826,,1.7265625
,,,,3872,,0.17300698161125183,,0.01578041911125183,,1.7421875
,,,,3873,,0.19414564967155457,,0.014458153396844864,,2.0
,,,,3874,,0.18001940846443176,,0.010097531601786613,,1.8828125
,,,,3875,,0.18680715560913086,,0.012002474628388882,,1.9453125
,,,,3876,,0.17989429831504822,,0.014855233021080494,,1.8359375
,,,,3877,,0.17470471560955048,,0.010642210952937603,,1.828125
,,,,3878,,0.19149303436279297,,0.012782100588083267,,1.984375
,,,,3879,,0.20475590229034424,,0.012373097240924835,,2.140625
,,,,3880,,0.17915421724319458,,0.009232338517904282,,1.8828125
,,,,3881,,0.19174577295780182,,0.012058276683092117,,1.9921875
,,,,3882,,0.18432863056659698,,0.009523936547338963,,1.9453125
,,,,3883,,0.18049664795398712,,0.01057477854192257,,1.890625
,,,,3884,,0.17643070220947266,,0.012368197552859783,,1.828125
,,,,3885,,0.2004828155040741,,0.012006253004074097,,2.09375
,,,,3886,,0.18296626210212708,,0.014997515827417374,,1.8671875
,,,,3887,,0.18234440684318542,,0.012422527186572552,,1.8828125
,,,,3888,,0.19010737538337708,,0.012373005039989948,,1.9765625
,,,,3889,,0.1900922656059265,,0.01333445031195879,,1.9609375
,,,,3890,,0.19546853005886078,,0.010898211970925331,,2.046875
,,,,3891,,0.1911340355873108,,0.011446540243923664,,1.9921875
,,,,3892,,0.19026978313922882,,0.01351197250187397,,1.96875
,,,,3893,,0.17905092239379883,,0.011082169599831104,,1.8671875
,,,,3894,,0.1947234570980072,,0.012106271460652351,,2.03125
,,,,3895,,0.180757537484169,,0.013765348121523857,,1.8515625
,,,,3896,,0.18258017301559448,,0.01168172899633646,,1.8984375
,,,,3897,,0.1914234161376953,,0.011735913343727589,,2.0
,,,,3898,,0.18696439266204834,,0.01411283016204834,,1.921875
,,,,3899,,0.20218896865844727,,0.016642101109027863,,2.0625
,,,,3900,,0.20806337893009186,,0.009821196086704731,,2.203125
,,,,3901,,0.1877550482749939,,0.010020678862929344,,1.9765625
,,,,3902,,0.18356674909591675,,0.010715183801949024,,1.921875
,,,,3903,,0.186198890209198,,0.011394198052585125,,1.9375
,,,,3904,,0.17196018993854523,,0.010827379301190376,,1.7890625
,,,,3905,,0.17567330598831177,,0.010634243488311768,,1.8359375
,,,,3906,,0.1789117008447647,,0.009966392070055008,,1.875
,,,,3907,,0.18352237343788147,,0.012623929418623447,,1.8984375
,,,,3908,,0.18372862040996552,,0.012830179184675217,,1.8984375
,,,,3909,,0.18150211870670319,,0.009627114050090313,,1.9140625
,,,,3910,,0.18654409050941467,,0.011739407666027546,,1.9375
,,,,3911,,0.19546794891357422,,0.01089763455092907,,2.046875
,,,,3912,,0.20240814983844757,,0.013931591995060444,,2.09375
,,,,3913,,0.1915566474199295,,0.011869140900671482,,2.0
,,,,3914,,0.1817368119955063,,0.009861810132861137,,1.9140625
,,,,3915,,0.18260174989700317,,0.011703306809067726,,1.8984375
,,,,3916,,0.1752798706293106,,0.01121737714856863,,1.828125
,,,,3917,,0.17832331359386444,,0.013284245505928993,,1.8359375
,,,,3918,,0.1873181313276291,,0.012513441033661366,,1.9375
,,,,3919,,0.17437563836574554,,0.010313140228390694,,1.828125
,,,,3920,,0.18210437893867493,,0.010229384526610374,,1.9140625
,,,,3921,,0.20063577592372894,,0.013135777786374092,,2.078125
,,,,3922,,0.20216026902198792,,0.010754017159342766,,2.125
,,,,3923,,0.1876377910375595,,0.010879973880946636,,1.9609375
,,,,3924,,0.17218135297298431,,0.012025107629597187,,1.78125
,,,,3925,,0.1784018725156784,,0.010433120653033257,,1.8671875
,,,,3926,,0.16880157589912415,,0.011575019918382168,,1.7421875
,,,,3927,,0.18577784299850464,,0.009996594861149788,,1.953125
,,,,3928,,0.19602589309215546,,0.011455578729510307,,2.046875
,,,,3929,,0.17395420372486115,,0.009891706518828869,,1.828125
,,,,3930,,0.19065457582473755,,0.011943642050027847,,1.984375
,,,,3931,,0.19325268268585205,,0.0116120595484972,,2.015625
,,,,3932,,0.17581108212471008,,0.010772014036774635,,1.8359375
,,,,3933,,0.17286503314971924,,0.00977910216897726,,1.8125
,,,,3934,,0.19729799032211304,,0.009797987528145313,,2.078125
,,,,3935,,0.18243145942687988,,0.012509590946137905,,1.890625
,,,,3936,,0.1822659969329834,,0.013320686295628548,,1.875
,,,,3937,,0.20173096656799316,,0.01325440127402544,,2.09375
,,,,3938,,0.19733533263206482,,0.01276501826941967,,2.046875
,,,,3939,,0.17763280868530273,,0.011617178097367287,,1.84375
,,,,3940,,0.17438019812107086,,0.012270827777683735,,1.796875
,,,,3941,,0.18844138085842133,,0.010707007721066475,,1.9765625
,,,,3942,,0.1830914318561554,,0.012192994356155396,,1.8984375
,,,,3943,,0.17914985120296478,,0.01020453218370676,,1.875
,,,,3944,,0.18745017051696777,,0.01166891772300005,,1.953125
,,,,3945,,0.19193124771118164,,0.010290627367794514,,2.015625
,,,,3946,,0.1908293515443802,,0.01309497281908989,,1.9765625
,,,,3947,,0.18649348616600037,,0.011688805185258389,,1.9453125
,,,,3948,,0.18486888706684113,,0.015923576429486275,,1.875
,,,,3949,,0.19991067051887512,,0.01143411174416542,,2.09375
,,,,3950,,0.17342180013656616,,0.012288982979953289,,1.7890625
,,,,3951,,0.1758125126361847,,0.014679701998829842,,1.7890625
,,,,3952,,0.1890431046485901,,0.013261852785944939,,1.953125
,,,,3953,,0.17713028192520142,,0.013067775405943394,,1.8203125
,,,,3954,,0.18571220338344574,,0.013837198726832867,,1.9140625
,,,,3955,,0.17425015568733215,,0.012140786275267601,,1.796875
,,,,3956,,0.20713654160499573,,0.01573028601706028,,2.125
,,,,3957,,0.19473345577716827,,0.01016314048320055,,2.046875
,,,,3958,,0.17408812046051025,,0.010025620460510254,,1.828125
,,,,3959,,0.1992870271205902,,0.014716718345880508,,2.046875
,,,,3960,,0.1762523353099823,,0.014142953790724277,,1.8046875
,,,,3961,,0.1871769279241562,,0.011395679786801338,,1.953125
,,,,3962,,0.17923501133918762,,0.01224282756447792,,1.8515625
,,,,3963,,0.17732132971286774,,0.01032914686948061,,1.8515625
,,,,3964,,0.17252355813980103,,0.011390743777155876,,1.7890625
,,,,3965,,0.19368448853492737,,0.015950117260217667,,1.9765625
,,,,3966,,0.1880900263786316,,0.01133221760392189,,1.96875
,,,,3967,,0.21409408748149872,,0.01585189811885357,,2.203125
,,,,3968,,0.173459991812706,,0.01135061401873827,,1.8046875
,,,,3969,,0.19481338560581207,,0.015125882811844349,,1.9921875
,,,,3970,,0.1915459781885147,,0.011858473531901836,,1.9921875
,,,,3971,,0.18367917835712433,,0.01571042649447918,,1.8671875
,,,,3972,,0.17963097989559174,,0.009709109552204609,,1.890625
,,,,3973,,0.1878594011068344,,0.013054720126092434,,1.9453125
,,,,3974,,0.18556958436965942,,0.011741457507014275,,1.9296875
,,,,3975,,0.19357509911060333,,0.013887605629861355,,2.0
,,,,3976,,0.18161427974700928,,0.010715837590396404,,1.8984375
,,,,3977,,0.17873400449752808,,0.010765247978270054,,1.8671875
,,,,3978,,0.18499884009361267,,0.010194157250225544,,1.9375
,,,,3979,,0.1766020953655243,,0.01156303845345974,,1.8359375
,,,,3980,,0.19034600257873535,,0.010658509097993374,,1.9921875
,,,,3981,,0.1900768131017685,,0.013319004327058792,,1.9609375
,,,,3982,,0.19284944236278534,,0.01120881736278534,,2.015625
,,,,3983,,0.1934250295162201,,0.013737523928284645,,2.0
,,,,3984,,0.19193150103092194,,0.012244007550179958,,2.0
,,,,3985,,0.18401046097278595,,0.012135454453527927,,1.9140625
,,,,3986,,0.17429359257221222,,0.013160784728825092,,1.7890625
,,,,3987,,0.18164587020874023,,0.011723995208740234,,1.8828125
,,,,3988,,0.1918347179889679,,0.012147219851613045,,1.9921875
,,,,3989,,0.19755643606185913,,0.012986120767891407,,2.046875
,,,,3990,,0.1929713785648346,,0.011330760084092617,,2.015625
,,,,3991,,0.18439340591430664,,0.011541840620338917,,1.921875
,,,,3992,,0.19115380942821503,,0.014395990408957005,,1.9609375
,,,,3993,,0.19722069799900055,,0.014603505842387676,,2.03125
,,,,3994,,0.19652698934078217,,0.011956676840782166,,2.046875
,,,,3995,,0.17445626854896545,,0.013323460705578327,,1.7890625
,,,,3996,,0.16792240738868713,,0.010695837438106537,,1.7421875
6,,,,35965,0.1849994957447052,,0.012238665483891964,,1.9195547103881836,
7,0.17831574380397797,0.019136058166623116,1.765625,35999,,,,,,
7,0.1681031435728073,0.018689075484871864,1.65625,36049,,,,,,
7,0.16051329672336578,0.015005487948656082,1.6171875,36099,,,,,,
7,0.16280412673950195,0.016319748014211655,1.625,36149,,,,,,
7,0.1493401825428009,0.014574561268091202,1.5,36199,,,,,,
7,0.16459383070468903,0.018109461292624474,1.625,36249,,,,,,
7,0.1663026511669159,0.015912029892206192,1.671875,36299,,,,,,
7,0.1604456901550293,0.01591443456709385,1.6015625,36349,,,,,,
7,0.17280714213848114,0.012650894932448864,1.78125,36399,,,,,,
7,0.15301865339279175,0.014346778392791748,1.5390625,36449,,,,,,
7,0.16458508372306824,0.017124153673648834,1.640625,36499,,,,,,
7,0.1593272089958191,0.01577252522110939,1.59375,36549,,,,,,
7,0.16323435306549072,0.01674998551607132,1.6328125,36599,,,,,,
7,0.1710241734981537,0.018680427223443985,1.6875,36649,,,,,,
7,0.16143745183944702,0.01885933056473732,1.5859375,36699,,,,,,
7,0.14762750267982483,0.013838444836437702,1.484375,36749,,,,,,
7,0.16979394853115082,0.01842675544321537,1.6796875,36799,,,,,,
7,0.15172311663627625,0.015004373155534267,1.515625,36849,,,,,,
7,0.15393157303333282,0.0133065702393651,1.5625,36899,,,,,,
7,0.15816421806812286,0.018515782430768013,1.546875,36949,,,,,,
7,0.1579037755727768,0.014349088072776794,1.59375,36999,,,,,,
7,0.15928210318088531,0.015727410092949867,1.59375,37049,,,,,,
7,0.16045646369457245,0.016901770606637,1.59375,37099,,,,,,
7,0.1440725326538086,0.012236591428518295,1.46875,37149,,,,,,
7,0.15862545371055603,0.014094207435846329,1.6015625,37199,,,,,,
7,0.1650804877281189,0.015666427090764046,1.6640625,37249,,,,,,
7,0.15789145231246948,0.016289889812469482,1.578125,37299,,,,,,
7,0.16303697228431702,0.018505729734897614,1.609375,37349,,,,,,
7,0.1513315886259079,0.015589405782520771,1.5078125,37399,,,,,,
7,0.1473075896501541,0.01254196185618639,1.4921875,37449,,,,,,
7,0.17406147718429565,0.014881796203553677,1.7734375,37499,,,,,,
7,0.16680824756622314,0.020323876291513443,1.625,37549,,,,,,
7,0.16359946131706238,0.01711508072912693,1.625,37599,,,,,,
7,0.16183160245418549,0.015347232110798359,1.625,37649,,,,,,
7,0.15565991401672363,0.017964595928788185,1.53125,37699,,,,,,
7,0.1743428260087967,0.01711626909673214,1.7421875,37749,,,,,,
7,0.15992218255996704,0.016367493197321892,1.59375,37799,,,,,,
7,0.14702677726745605,0.015190833248198032,1.46875,37849,,,,,,
7,0.15432536602020264,0.014676922000944614,1.546875,37899,,,,,,
7,0.16312538087368011,0.016641009598970413,1.625,37949,,,,,,
7,0.16288329660892487,0.015422357246279716,1.640625,37999,,,,,,
7,0.1627470850944519,0.013333029113709927,1.6640625,38049,,,,,,
7,0.16102509200572968,0.014540712349116802,1.6328125,38099,,,,,,
7,0.16622892022132874,0.022674236446619034,1.59375,38149,,,,,,
7,0.16171795129776,0.017186695709824562,1.6015625,38199,,,,,,
7,0.16523712873458862,0.017776185646653175,1.640625,38249,,,,,,
7,0.1591697484254837,0.012685372494161129,1.625,38299,,,,,,
7,0.15215224027633667,0.01836317963898182,1.484375,38349,,,,,,
7,0.1639849990606308,0.017500625923275948,1.6328125,38399,,,,,,
7,0.16110379993915558,0.014619420282542706,1.625,38449,,,,,,
7,0.15424242615699768,0.014593995176255703,1.5546875,38499,,,,,,
7,0.163429394364357,0.014991889707744122,1.6484375,38549,,,,,,
7,0.16621726751327515,0.016803212463855743,1.6640625,38599,,,,,,
7,0.15138095617294312,0.014662203378975391,1.5234375,38649,,,,,,
7,0.170416921377182,0.01904972642660141,1.6796875,38699,,,,,,
7,0.17165201902389526,0.01442545372992754,1.7421875,38749,,,,,,
7,0.16104640066623688,0.015538591891527176,1.6171875,38799,,,,,,
7,0.16280795633792877,0.018276704475283623,1.609375,38849,,,,,,
7,0.15388959646224976,0.014241158962249756,1.546875,38899,,,,,,
7,0.15865100920200348,0.013143191114068031,1.6171875,38949,,,,,,
7,0.1753283441066742,0.013218970969319344,1.796875,38999,,,,,,
7,0.18167389929294586,0.020541081205010414,1.7890625,39049,,,,,,
7,0.16070829331874847,0.016177037730813026,1.6015625,39099,,,,,,
7,0.16257844865322113,0.015117514878511429,1.640625,39149,,,,,,
7,0.164793461561203,0.02123877964913845,1.59375,39199,,,,,,
7,0.17208163440227509,0.014855073764920235,1.75,39249,,,,,,
7,0.16369956731796265,0.01916830986738205,1.6015625,39299,,,,,,
7,0.1548336148262024,0.01323204766958952,1.5703125,39349,,,,,,
7,0.15971092879772186,0.016156235709786415,1.59375,39399,,,,,,
7,0.15621154010295868,0.014609979465603828,1.5703125,39449,,,,,,
7,0.1666097640991211,0.020125389099121094,1.625,39499,,,,,,
7,0.14972570538520813,0.013006952591240406,1.515625,39549,,,,,,
7,0.16322636604309082,0.01478886790573597,1.6484375,39599,,,,,,
7,0.16338883340358734,0.016904456540942192,1.625,39649,,,,,,
7,0.16126051545143127,0.014776140451431274,1.625,39699,,,,,,
7,0.16199158132076263,0.013554075732827187,1.6484375,39749,,,,,,
7,0.15444740653038025,0.013822408393025398,1.5625,39799,,,,,,
7,0.1535625159740448,0.018796896561980247,1.5,39849,,,,,,
7,0.16372445225715637,0.01626351848244667,1.640625,39899,,,,,,
7,0.15734630823135376,0.01769787073135376,1.5546875,39949,,,,,,
7,0.16327522695064545,0.017767412588000298,1.6171875,39999,,,,,,
7,0.1736079454421997,0.01833450421690941,1.7265625,40049,,,,,,
7,0.1617548167705536,0.014293882995843887,1.640625,40099,,,,,,
7,0.16149090230464935,0.019889337942004204,1.578125,40149,,,,,,
7,0.15451568365097046,0.013890680857002735,1.5625,40199,,,,,,
7,0.1703270524740219,0.01798330433666706,1.6875,40249,,,,,,
7,0.15387184917926788,0.014223415404558182,1.5546875,40299,,,,,,
7,0.15784353017807007,0.01624196209013462,1.578125,40349,,,,,,
7,0.1618463546037674,0.017315099015831947,1.6015625,40399,,,,,,
7,0.1551693230867386,0.016497446224093437,1.5390625,40449,,,,,,
7,0.16667833924293518,0.01628771238029003,1.671875,40499,,,,,,
7,0.16684287786483765,0.017428813502192497,1.65625,40549,,,,,,
7,0.1583673506975174,0.015789223834872246,1.5859375,40599,,,,,,
7,0.15899109840393066,0.016412965953350067,1.5859375,40649,,,,,,
7,0.1625370979309082,0.0170292928814888,1.6171875,40699,,,,,,
7,0.16157466173171997,0.016066856682300568,1.6171875,40749,,,,,,
7,0.16295945644378662,0.018428213894367218,1.6015625,40799,,,,,,
7,0.1652989387512207,0.0178380087018013,1.640625,40849,,,,,,
7,0.1612362265586853,0.014751855283975601,1.625,40899,,,,,,
7,0.16356299817562103,0.016102058812975883,1.640625,40949,,,,,,
7,0.15122225880622864,0.013526946306228638,1.53125,40999,,,,,,
7,0.16020546853542328,0.013721087016165257,1.625,41049,,,,,,
7,0.16461357474327087,0.018129199743270874,1.6328125,41099,,,,,,
,,,,3997,,0.17838528752326965,,0.007486842572689056,,1.8984375
,,,,3998,,0.1774483174085617,,0.007526437286287546,,1.8828125
,,,,3999,,0.17006121575832367,,0.005998710636049509,,1.8203125
,,,,4000,,0.1881067454814911,,0.0064661237411201,,2.015625
,,,,4001,,0.17788706719875336,,0.007965190336108208,,1.8828125
,,,,4002,,0.16900411248207092,,0.01177755743265152,,1.75
,,,,4003,,0.15715175867080688,,0.007737698033452034,,1.6640625
,,,,4004,,0.16584575176239014,,0.005689494777470827,,1.78125
,,,,4005,,0.18017680943012238,,0.010254932567477226,,1.8828125
,,,,4006,,0.18806177377700806,,0.00935083907097578,,1.984375
,,,,4007,,0.1691979020833969,,0.007088530343025923,,1.8046875
,,,,4008,,0.18736793100833893,,0.00572730740532279,,2.015625
,,,,4009,,0.15786325931549072,,0.009425763040781021,,1.6484375
,,,,4010,,0.16931454837322235,,0.009158303029835224,,1.78125
,,,,4011,,0.16541923582553864,,0.007216109428554773,,1.7578125
,,,,4012,,0.16758224368095398,,0.007425986230373383,,1.78125
,,,,4013,,0.1827661097049713,,0.007961426861584187,,1.9453125
,,,,4014,,0.18615195155143738,,0.008417574688792229,,1.9765625
,,,,4015,,0.18052496016025543,,0.008649962954223156,,1.9140625
,,,,4016,,0.1952890008687973,,0.007789004128426313,,2.078125
,,,,4017,,0.18675166368484497,,0.009993855841457844,,1.9609375
,,,,4018,,0.18630000948905945,,0.009542201645672321,,1.96875
,,,,4019,,0.17584146559238434,,0.008849275298416615,,1.8515625
,,,,4020,,0.1661422848701477,,0.006962590850889683,,1.7734375
,,,,4021,,0.17610473930835724,,0.009112556464970112,,1.8515625
,,,,4022,,0.17685118317604065,,0.00790587067604065,,1.875
,,,,4023,,0.18335659801959991,,0.006598780397325754,,1.96875
,,,,4024,,0.17149998247623444,,0.00646091578528285,,1.8359375
,,,,4025,,0.1843545138835907,,0.008573268540203571,,1.953125
,,,,4026,,0.17130154371261597,,0.00919217150658369,,1.8046875
,,,,4027,,0.1712680459022522,,0.01111180055886507,,1.78125
,,,,4028,,0.17110660672187805,,0.009973796084523201,,1.7890625
,,,,4029,,0.17009642720222473,,0.0070104883052408695,,1.8125
,,,,4030,,0.1734689623117447,,0.010383028537034988,,1.8125
,,,,4031,,0.18333081901073456,,0.009502698667347431,,1.9296875
,,,,4032,,0.15390203893184662,,0.0074176606722176075,,1.625
,,,,4033,,0.18680600821971893,,0.007118514273315668,,1.9921875
,,,,4034,,0.1765446662902832,,0.006622793152928352,,1.890625
,,,,4035,,0.17827579379081726,,0.011283612810075283,,1.8515625
,,,,4036,,0.17924754321575165,,0.007372547406703234,,1.9140625
,,,,4037,,0.17648693919181824,,0.00851819384843111,,1.8671875
,,,,4038,,0.17698490619659424,,0.009992716833949089,,1.8515625
,,,,4039,,0.16433648765087128,,0.011016178876161575,,1.703125
,,,,4040,,0.17091389000415802,,0.009781072847545147,,1.7890625
,,,,4041,,0.176478311419487,,0.009486123919487,,1.8515625
,,,,4042,,0.18011468648910522,,0.008239681832492352,,1.9140625
,,,,4043,,0.16540247201919556,,0.009152472019195557,,1.734375
,,,,4044,,0.182997927069664,,0.0072166756726801395,,1.953125
,,,,4045,,0.187269389629364,,0.009535014629364014,,1.9765625
,,,,4046,,0.18603608012199402,,0.006348577793687582,,2.0
,,,,4047,,0.169572651386261,,0.006486708763986826,,1.8125
,,,,4048,,0.17398162186145782,,0.010895682498812675,,1.8125
,,,,4049,,0.17925859987735748,,0.005430472549051046,,1.9296875
,,,,4050,,0.1787422001361847,,0.009796892292797565,,1.875
,,,,4051,,0.1673302799463272,,0.008150598034262657,,1.765625
,,,,4052,,0.15461811423301697,,0.00813374575227499,,1.625
,,,,4053,,0.15951092541217804,,0.010096864774823189,,1.6640625
,,,,4054,,0.17329061031341553,,0.006298424210399389,,1.859375
,,,,4055,,0.1637709140777588,,0.0065443548373878,,1.7421875
,,,,4056,,0.18862730264663696,,0.008939807303249836,,1.9921875
,,,,4057,,0.1824043095111847,,0.007599616888910532,,1.9375
,,,,4058,,0.17842155694961548,,0.008499679155647755,,1.890625
,,,,4059,,0.15889105200767517,,0.0065472982823848724,,1.6875
,,,,4060,,0.16743038594722748,,0.0053210146725177765,,1.796875
,,,,4061,,0.1738729029893875,,0.0068807112984359264,,1.859375
,,,,4062,,0.17144475877285004,,0.008358820341527462,,1.8125
,,,,4063,,0.1777494102716446,,0.00685097137466073,,1.8984375
,,,,4064,,0.16868756711483002,,0.007554754614830017,,1.7890625
,,,,4065,,0.18205063045024872,,0.006269378121942282,,1.953125
,,,,4066,,0.1833527684211731,,0.0056183915585279465,,1.9765625
,,,,4067,,0.17165838181972504,,0.007595880422741175,,1.8203125
,,,,4068,,0.19677476584911346,,0.007321642711758614,,2.109375
,,,,4069,,0.16797000169754028,,0.005860622506588697,,1.8046875
,,,,4070,,0.17580841481685638,,0.00783966388553381,,1.8671875
,,,,4071,,0.17450666427612305,,0.009467598982155323,,1.8359375
,,,,4072,,0.16483911871910095,,0.00858912244439125,,1.734375
,,,,4073,,0.17997434735298157,,0.008099349215626717,,1.90625
,,,,4074,,0.18386906385421753,,0.007111257407814264,,1.9609375
,,,,4075,,0.18664760887622833,,0.0069601088762283325,,2.0
,,,,4076,,0.15727727115154266,,0.009816340170800686,,1.640625
,,,,4077,,0.17397315800189972,,0.006980969104915857,,1.859375
,,,,4078,,0.17470116913318634,,0.005755854304879904,,1.875
,,,,4079,,0.16261756420135498,,0.010273808613419533,,1.6953125
,,,,4080,,0.17136098444461823,,0.0092516103759408,,1.796875
,,,,4081,,0.1781034767627716,,0.0062284693121910095,,1.90625
,,,,4082,,0.1741393357515335,,0.007147150579839945,,1.859375
,,,,4083,,0.19079862534999847,,0.008181441575288773,,2.03125
,,,,4084,,0.1679845005273819,,0.007828248664736748,,1.78125
,,,,4085,,0.17623862624168396,,0.007293312344700098,,1.875
,,,,4086,,0.18493084609508514,,0.008173031732439995,,1.9609375
,,,,4087,,0.17684690654277802,,0.007901595905423164,,1.875
,,,,4088,,0.16682776808738708,,0.006671520881354809,,1.78125
,,,,4089,,0.16661329567432404,,0.007433603052049875,,1.765625
,,,,4090,,0.1802520900964737,,0.00935364980250597,,1.8984375
,,,,4091,,0.17858116328716278,,0.009635848924517632,,1.875
,,,,4092,,0.15789858996868134,,0.00848452840000391,,1.6640625
,,,,4093,,0.1640898883342743,,0.00686331931501627,,1.75
,,,,4094,,0.17281942069530487,,0.00875692255795002,,1.828125
,,,,4095,,0.1634659618139267,,0.00819252897053957,,1.7265625
,,,,4096,,0.16711941361427307,,0.007939726114273071,,1.7734375
,,,,4097,,0.1700931042432785,,0.010913414880633354,,1.7734375
,,,,4098,,0.18031759560108185,,0.01039572712033987,,1.8828125
,,,,4099,,0.16927818953990936,,0.010098502039909363,,1.765625
,,,,4100,,0.1763790100812912,,0.007433702703565359,,1.875
,,,,4101,,0.17703978717327118,,0.011024161241948605,,1.84375
,,,,4102,,0.17389507591724396,,0.007879447191953659,,1.84375
,,,,4103,,0.18349890410900116,,0.009670785628259182,,1.9296875
,,,,4104,,0.16190120577812195,,0.005651200655847788,,1.734375
,,,,4105,,0.16816815733909607,,0.008011909201741219,,1.78125
,,,,4106,,0.1759548932313919,,0.006033013109117746,,1.890625
,,,,4107,,0.18539120256900787,,0.00668026227504015,,1.984375
,,,,4108,,0.1644728034734726,,0.008222805336117744,,1.734375
,,,,4109,,0.18393540382385254,,0.009130722843110561,,1.9375
,,,,4110,,0.18722081184387207,,0.007533318363130093,,2.0
,,,,4111,,0.1805499643087387,,0.0067218393087387085,,1.9296875
,,,,4112,,0.18691350519657135,,0.011132251471281052,,1.953125
,,,,4113,,0.1727120280265808,,0.00864952988922596,,1.828125
,,,,4114,,0.17895159125328064,,0.006100030150264502,,1.921875
,,,,4115,,0.17349135875701904,,0.009428855963051319,,1.828125
,,,,4116,,0.17974968254566193,,0.010804363526403904,,1.875
,,,,4117,,0.16802161931991577,,0.0059122382663190365,,1.8046875
,,,,4118,,0.17840325832366943,,0.012387629598379135,,1.84375
,,,,4119,,0.17847171425819397,,0.006596710998564959,,1.9140625
,,,,4120,,0.18050701916217804,,0.00863201916217804,,1.9140625
,,,,4121,,0.16751359403133392,,0.008333908393979073,,1.765625
,,,,4122,,0.17986422777175903,,0.01189547497779131,,1.8671875
,,,,4123,,0.1840875893831253,,0.0073297834023833275,,1.96875
,,,,4124,,0.1695907860994339,,0.0074814134277403355,,1.8046875
,,,,4125,,0.18856637179851532,,0.006925750989466906,,2.015625
,,,,4126,,0.17137151956558228,,0.012191827408969402,,1.7734375
,,,,4127,,0.1796756386756897,,0.007800643797963858,,1.9140625
,,,,4128,,0.17452342808246613,,0.011437495239078999,,1.8125
,,,,4129,,0.16995447874069214,,0.010774795897305012,,1.7734375
,,,,4130,,0.17533430457115173,,0.00834211427718401,,1.8515625
,,,,4131,,0.17930136620998383,,0.009379495866596699,,1.8828125
,,,,4132,,0.1675744354724884,,0.008394741453230381,,1.7734375
,,,,4133,,0.19107143580913544,,0.011383929289877415,,1.9921875
,,,,4134,,0.16962507367134094,,0.007515705190598965,,1.8046875
,,,,4135,,0.1893453150987625,,0.010634375736117363,,1.984375
,,,,4136,,0.16520538926124573,,0.006025705952197313,,1.765625
,,,,4137,,0.1790444403886795,,0.008146003820002079,,1.8984375
,,,,4138,,0.15475940704345703,,0.005345338024199009,,1.65625
,,,,4139,,0.16571836173534393,,0.007515242788940668,,1.7578125
,,,,4140,,0.15991954505443573,,0.007575796917080879,,1.6875
,,,,4141,,0.18022440373897552,,0.008349407464265823,,1.90625
,,,,4142,,0.17554549872875214,,0.011483002454042435,,1.828125
,,,,4143,,0.18187831342220306,,0.010003315284848213,,1.9140625
,,,,4144,,0.18024756014347076,,0.008372563868761063,,1.9140625
,,,,4145,,0.1688198298215866,,0.005733886733651161,,1.8125
,,,,4146,,0.17708133161067963,,0.00813602190464735,,1.875
,,,,4147,,0.16441868245601654,,0.009145240299403667,,1.7265625
,,,,4148,,0.17855726182460785,,0.011565073393285275,,1.859375
,,,,4149,,0.16712768375873566,,0.007948002777993679,,1.765625
,,,,4150,,0.16203616559505463,,0.007739289663732052,,1.71875
,,,,4151,,0.1687978059053421,,0.010594687424600124,,1.7578125
,,,,4152,,0.1691480129957199,,0.009968332014977932,,1.765625
,,,,4153,,0.17413383722305298,,0.007141651585698128,,1.859375
,,,,4154,,0.18330897390842438,,0.0094808554276824,,1.9296875
,,,,4155,,0.1605696976184845,,0.006272824015468359,,1.7109375
,,,,4156,,0.1625174731016159,,0.005290917120873928,,1.7421875
,,,,4157,,0.18472053110599518,,0.012845535762608051,,1.90625
,,,,4158,,0.16974061727523804,,0.007631235755980015,,1.8046875
,,,,4159,,0.1740483045578003,,0.011938933283090591,,1.796875
,,,,4160,,0.1785893589258194,,0.011597166769206524,,1.859375
,,,,4161,,0.1802806258201599,,0.010358752682805061,,1.8828125
,,,,4162,,0.1846552938222885,,0.006920918356627226,,1.9765625
,,,,4163,,0.1740049421787262,,0.00896588433533907,,1.8359375
,,,,4164,,0.19236958026885986,,0.007799274288117886,,2.046875
,,,,4165,,0.16117911040782928,,0.00688224146142602,,1.71875
,,,,4166,,0.17300495505332947,,0.01382526196539402,,1.765625
,,,,4167,,0.16719511151313782,,0.008015427738428116,,1.765625
,,,,4168,,0.16912953555583954,,0.007996723055839539,,1.7890625
,,,,4169,,0.18306176364421844,,0.0072805071249604225,,1.953125
,,,,4170,,0.1719120740890503,,0.007849577814340591,,1.8203125
,,,,4171,,0.18998494744300842,,0.00834431778639555,,2.015625
,,,,4172,,0.18104705214500427,,0.007218928076326847,,1.9296875
,,,,4173,,0.17203740775585175,,0.005045224912464619,,1.8515625
,,,,4174,,0.1665230542421341,,0.007343366742134094,,1.7734375
,,,,4175,,0.1779799610376358,,0.008058082312345505,,1.8828125
,,,,4176,,0.16546189785003662,,0.008235330693423748,,1.7421875
,,,,4177,,0.17997078597545624,,0.008095787838101387,,1.9140625
,,,,4178,,0.1775757223367691,,0.009606965817511082,,1.8671875
,,,,4179,,0.17385363578796387,,0.008814575150609016,,1.8359375
,,,,4180,,0.18174436688423157,,0.011822497472167015,,1.890625
,,,,4181,,0.18306408822536469,,0.008259400725364685,,1.9453125
,,,,4182,,0.1795567274093628,,0.007681724149733782,,1.90625
,,,,4183,,0.18149660527706146,,0.006691923830658197,,1.9375
,,,,4184,,0.1800115406513214,,0.006183421704918146,,1.9296875
,,,,4185,,0.17903298139572144,,0.009111100807785988,,1.8828125
,,,,4186,,0.16514430940151215,,0.008894302882254124,,1.734375
,,,,4187,,0.15497344732284546,,0.007512517273426056,,1.640625
,,,,4188,,0.1580357849597931,,0.010574841871857643,,1.640625
,,,,4189,,0.1474095582962036,,0.0077611166052520275,,1.546875
,,,,4190,,0.17771941423416138,,0.007797541096806526,,1.8828125
,,,,4191,,0.17047858238220215,,0.007392651401460171,,1.8125
,,,,4192,,0.16823935508728027,,0.0090596629306674,,1.765625
,,,,4193,,0.16961157321929932,,0.008478764444589615,,1.7890625
,,,,4194,,0.16871331632137299,,0.007580506149679422,,1.7890625
,,,,4195,,0.17038315534591675,,0.008273784071207047,,1.796875
,,,,4196,,0.19300515949726105,,0.01136454101651907,,2.015625
,,,,4197,,0.1912047117948532,,0.00858752615749836,,2.03125
,,,,4198,,0.16670994460582733,,0.00850681308656931,,1.7578125
,,,,4199,,0.16387192904949188,,0.006645367480814457,,1.75
,,,,4200,,0.17467322945594788,,0.007681046146899462,,1.859375
,,,,4201,,0.17545011639595032,,0.006504811346530914,,1.875
,,,,4202,,0.1628057211637497,,0.006555716972798109,,1.734375
,,,,4203,,0.16584277153015137,,0.008616212755441666,,1.75
,,,,4204,,0.16339324414730072,,0.005190124735236168,,1.7578125
,,,,4205,,0.15798233449459076,,0.005638586822897196,,1.6953125
,,,,4206,,0.16900569200515747,,0.010802574455738068,,1.7578125
,,,,4207,,0.16297578811645508,,0.005749222822487354,,1.75
,,,,4208,,0.1712963879108429,,0.007233889773488045,,1.8203125
,,,,4209,,0.17529979348182678,,0.016120104119181633,,1.765625
,,,,4210,,0.16408796608448029,,0.008814532309770584,,1.7265625
,,,,4211,,0.16259190440177917,,0.005365340504795313,,1.75
,,,,4212,,0.17104096710681915,,0.010884714312851429,,1.78125
,,,,4213,,0.19324451684951782,,0.008674207143485546,,2.046875
,,,,4214,,0.16936862468719482,,0.0053061204962432384,,1.828125
,,,,4215,,0.17874440550804138,,0.006869412027299404,,1.9140625
,,,,4216,,0.16207297146320343,,0.005822970066219568,,1.734375
,,,,4217,,0.18314337730407715,,0.008338685147464275,,1.9375
,,,,4218,,0.17841161787509918,,0.008489742875099182,,1.8828125
,,,,4219,,0.17760629951953888,,0.00573129765689373,,1.90625
,,,,4220,,0.16915765404701233,,0.011931095272302628,,1.75
,,,,4221,,0.18015442788600922,,0.01023255754262209,,1.890625
,,,,4222,,0.16794615983963013,,0.007789914961904287,,1.78125
,,,,4223,,0.18910101056098938,,0.010390068404376507,,1.984375
,,,,4224,,0.16336718201637268,,0.009070312604308128,,1.71875
,,,,4225,,0.18964211642742157,,0.00702492892742157,,2.03125
,,,,4226,,0.1650141328573227,,0.007787572219967842,,1.75
,,,,4227,,0.17545993626117706,,0.006514617241919041,,1.875
,,,,4228,,0.18152713775634766,,0.006722453515976667,,1.9375
,,,,4229,,0.17080770432949066,,0.006745199207216501,,1.828125
,,,,4230,,0.18758945167064667,,0.009855070151388645,,1.9765625
,,,,4231,,0.1874108761548996,,0.007723377086222172,,1.9921875
,,,,4232,,0.1687038093805313,,0.00659443624317646,,1.8046875
,,,,4233,,0.1663893312215805,,0.0072096423245966434,,1.7734375
,,,,4234,,0.15602964162826538,,0.0066155740059912205,,1.6640625
,,,,4235,,0.15950877964496613,,0.007165032904595137,,1.6875
,,,,4236,,0.1745443344116211,,0.009505271911621094,,1.8359375
,,,,4237,,0.1853364109992981,,0.012484845705330372,,1.921875
,,,,4238,,0.15695542097091675,,0.006564789451658726,,1.671875
,,,,4239,,0.16379234194755554,,0.008518902584910393,,1.7265625
,,,,4240,,0.19697034358978271,,0.007517214398831129,,2.109375
,,,,4241,,0.190862774848938,,0.01215183362364769,,1.984375
,,,,4242,,0.16379854083061218,,0.010478225536644459,,1.703125
,,,,4243,,0.17677468061447144,,0.008805925957858562,,1.8671875
,,,,4244,,0.16608519852161407,,0.006905509624630213,,1.7734375
,,,,4245,,0.1689331978559494,,0.006823815871030092,,1.796875
,,,,4246,,0.20026232302188873,,0.005926386918872595,,2.15625
,,,,4247,,0.1640912890434265,,0.01174753438681364,,1.6953125
,,,,4248,,0.17011289298534393,,0.007026948966085911,,1.8125
,,,,4249,,0.17026083171367645,,0.012057703919708729,,1.7578125
,,,,4250,,0.1680132895708084,,0.006880480796098709,,1.7890625
,,,,4251,,0.1897939294576645,,0.00815330259501934,,2.015625
,,,,4252,,0.16730625927448273,,0.010079698637127876,,1.75
,,,,4253,,0.16859792172908783,,0.00746510922908783,,1.7890625
,,,,4254,,0.16093353927135468,,0.006636657752096653,,1.71875
,,,,4255,,0.17318081855773926,,0.007165190298110247,,1.84375
,,,,4256,,0.1751314103603363,,0.008139227516949177,,1.8515625
,,,,4257,,0.16774317622184753,,0.006610360462218523,,1.7890625
,,,,4258,,0.19359056651592255,,0.008043688721954823,,2.0625
,,,,4259,,0.17049849033355713,,0.008389119058847427,,1.8046875
,,,,4260,,0.1786266267299652,,0.005775065626949072,,1.921875
,,,,4261,,0.18151183426380157,,0.009636838920414448,,1.90625
,,,,4262,,0.16913239657878876,,0.00897615309804678,,1.78125
,,,,4263,,0.1768883466720581,,0.007943031378090382,,1.875
,,,,4264,,0.1673448234796524,,0.007188570220023394,,1.78125
,,,,4265,,0.18518327176570892,,0.005495766643434763,,2.0
,,,,4266,,0.1546183079481125,,0.009110493585467339,,1.6171875
,,,,4267,,0.1698346734046936,,0.0057721734046936035,,1.828125
,,,,4268,,0.174916073679924,,0.00792388804256916,,1.8515625
,,,,4269,,0.16556762158870697,,0.0073645031079649925,,1.7578125
,,,,4270,,0.16526950895786285,,0.010972635820508003,,1.7109375
,,,,4271,,0.1787487268447876,,0.0098034106194973,,1.875
,,,,4272,,0.15422825515270233,,0.007743882015347481,,1.625
,,,,4273,,0.16933128237724304,,0.00917503610253334,,1.78125
,,,,4274,,0.18923752009868622,,0.009550013579428196,,2.0
,,,,4275,,0.1771741807460785,,0.010181993246078491,,1.859375
,,,,4276,,0.16567613184452057,,0.011379256844520569,,1.7109375
,,,,4277,,0.1704578995704651,,0.008348529227077961,,1.8046875
,,,,4278,,0.17335478961467743,,0.009292295202612877,,1.828125
,,,,4279,,0.1887570023536682,,0.015905434265732765,,1.921875
,,,,4280,,0.17303045094013214,,0.007014830131083727,,1.84375
,,,,4281,,0.17011450231075287,,0.012887945398688316,,1.75
,,,,4282,,0.17966783046722412,,0.008769385516643524,,1.8984375
,,,,4283,,0.18553870916366577,,0.010734028182923794,,1.9453125
,,,,4284,,0.18555784225463867,,0.005870334804058075,,2.0
,,,,4285,,0.1740313619375229,,0.005086047574877739,,1.875
,,,,4286,,0.16832154989242554,,0.00914186891168356,,1.7734375
,,,,4287,,0.1618637889623642,,0.008543480187654495,,1.703125
,,,,4288,,0.19092147052288055,,0.006351155694574118,,2.046875
,,,,4289,,0.17060533165931702,,0.008495952002704144,,1.8046875
,,,,4290,,0.1651698797941208,,0.006966748274862766,,1.7578125
,,,,4291,,0.15469598770141602,,0.008211612701416016,,1.6328125
,,,,4292,,0.1713840812444687,,0.00634501688182354,,1.8359375
,,,,4293,,0.16053280234336853,,0.007212488446384668,,1.703125
,,,,4294,,0.18218263983726501,,0.010307637974619865,,1.9140625
,,,,4295,,0.1780393123626709,,0.00616431562229991,,1.90625
,,,,4296,,0.17998680472373962,,0.005182113964110613,,1.9375
,,,,4297,,0.16909803450107574,,0.006988658104091883,,1.796875
,,,,4298,,0.17291301488876343,,0.013733328320086002,,1.765625
,,,,4299,,0.16899970173835754,,0.0068903290666639805,,1.8046875
,,,,4300,,0.18437114357948303,,0.0076133329421281815,,1.96875
,,,,4301,,0.1751895397901535,,0.00917391013354063,,1.84375
,,,,4302,,0.17987596988677979,,0.008977537043392658,,1.8984375
,,,,4303,,0.17967204749584198,,0.00779704749584198,,1.9140625
,,,,4304,,0.17888669669628143,,0.00994138140231371,,1.875
,,,,4305,,0.18621036410331726,,0.011405671015381813,,1.9375
,,,,4306,,0.1683966964483261,,0.007263887207955122,,1.7890625
,,,,4307,,0.1637173891067505,,0.006490825209766626,,1.75
,,,,4308,,0.1723070591688156,,0.005314868874847889,,1.859375
,,,,4309,,0.1797078400850296,,0.005879717413336039,,1.9296875
,,,,4310,,0.17085488140583038,,0.006792387459427118,,1.828125
,,,,4311,,0.17265720665454865,,0.01054783072322607,,1.8046875
,,,,4312,,0.19367291033267975,,0.008126039989292622,,2.0625
,,,,4313,,0.16277873516082764,,0.006528738420456648,,1.734375
,,,,4314,,0.1862143725156784,,0.006526867393404245,,2.0
,,,,4315,,0.17531658709049225,,0.01125409360975027,,1.828125
,,,,4316,,0.16132493317127228,,0.009957747533917427,,1.6796875
,,,,4317,,0.16139981150627136,,0.009056068025529385,,1.6875
,,,,4318,,0.1831318438053131,,0.009303715080022812,,1.9296875
,,,,4319,,0.182870015501976,,0.011971582658588886,,1.8984375
,,,,4320,,0.17135870456695557,,0.009249331429600716,,1.8046875
,,,,4321,,0.16705596446990967,,0.007876284420490265,,1.7734375
,,,,4322,,0.17604653537273407,,0.00710122287273407,,1.875
,,,,4323,,0.19181908667087555,,0.006272217724472284,,2.0625
,,,,4324,,0.1676485240459442,,0.008468830026686192,,1.765625
,,,,4325,,0.17865827679634094,,0.006783278658986092,,1.9140625
,,,,4326,,0.17542770504951477,,0.005505822598934174,,1.8828125
,,,,4327,,0.1785649210214615,,0.006689925212413073,,1.9140625
,,,,4328,,0.1983022689819336,,0.00884913932532072,,2.109375
,,,,4329,,0.17930638790130615,,0.006454830523580313,,1.921875
,,,,4330,,0.16766804456710815,,0.010441488586366177,,1.75
,,,,4331,,0.16552278399467468,,0.006343096494674683,,1.765625
,,,,4332,,0.16834300756454468,,0.007210188545286655,,1.7890625
,,,,4333,,0.17736409604549408,,0.008418780751526356,,1.875
,,,,4334,,0.18137072026729584,,0.006566032767295837,,1.9375
,,,,4335,,0.17084389925003052,,0.006781400181353092,,1.828125
,,,,4336,,0.16885346174240112,,0.009673777967691422,,1.765625
,,,,4337,,0.16711948812007904,,0.007939798757433891,,1.7734375
,,,,4338,,0.1723998636007309,,0.009313925169408321,,1.8125
,,,,4339,,0.17538660764694214,,0.008394423872232437,,1.8515625
,,,,4340,,0.16891013085842133,,0.007777317427098751,,1.7890625
,,,,4341,,0.18427631258964539,,0.008495069108903408,,1.953125
,,,,4342,,0.17531585693359375,,0.013206476345658302,,1.796875
,,,,4343,,0.17434599995613098,,0.0073538185097277164,,1.859375
,,,,4344,,0.1743922084569931,,0.006423458456993103,,1.8671875
,,,,4345,,0.18161040544509888,,0.009735400788486004,,1.90625
,,,,4346,,0.1711570769548416,,0.007094578817486763,,1.8203125
,,,,4347,,0.17063719034194946,,0.008527807891368866,,1.8046875
,,,,4348,,0.17278195917606354,,0.007742898538708687,,1.8359375
,,,,4349,,0.19022618234157562,,0.008585563860833645,,2.015625
,,,,4350,,0.17312081158161163,,0.011011432856321335,,1.796875
,,,,4351,,0.17106586694717407,,0.008956496603786945,,1.796875
,,,,4352,,0.15707147121429443,,0.0066808429546654224,,1.671875
,,,,4353,,0.17851115763187408,,0.0066361562348902225,,1.90625
,,,,4354,,0.16977937519550323,,0.005716868210583925,,1.828125
,,,,4355,,0.17830699682235718,,0.013267935253679752,,1.8359375
,,,,4356,,0.17783679068088531,,0.005961784161627293,,1.9140625
,,,,4357,,0.18007080256938934,,0.005266108550131321,,1.9453125
,,,,4358,,0.1660454124212265,,0.005889157298952341,,1.78125
,,,,4359,,0.17035195231437683,,0.009219144470989704,,1.7890625
,,,,4360,,0.18290424346923828,,0.008099562488496304,,1.9453125
,,,,4361,,0.18389245867729187,,0.009087764658033848,,1.9375
,,,,4362,,0.16983811557292938,,0.01065843366086483,,1.7734375
,,,,4363,,0.1685807704925537,,0.0074479547329247,,1.7890625
,,,,4364,,0.17274491488933563,,0.00672928849235177,,1.84375
,,,,4365,,0.16411174833774567,,0.006885180249810219,,1.75
,,,,4366,,0.17962735891342163,,0.008728927001357079,,1.8984375
,,,,4367,,0.1712581068277359,,0.008172170259058475,,1.8125
,,,,4368,,0.193937286734581,,0.00839040707796812,,2.0625
,,,,4369,,0.18807072937488556,,0.009359789080917835,,1.984375
,,,,4370,,0.16446956992149353,,0.006266450975090265,,1.7578125
,,,,4371,,0.16014450788497925,,0.007800756487995386,,1.6875
,,,,4372,,0.16813072562217712,,0.006021343171596527,,1.8046875
,,,,4373,,0.18598659336566925,,0.008252224884927273,,1.9765625
,,,,4374,,0.16822265088558197,,0.008066407404839993,,1.78125
,,,,4375,,0.17475947737693787,,0.009720421396195889,,1.8359375
,,,,4376,,0.171787291765213,,0.008701350539922714,,1.8125
,,,,4377,,0.17448459565639496,,0.009445532225072384,,1.8359375
,,,,4378,,0.18604910373687744,,0.009291295893490314,,1.96875
,,,,4379,,0.17373107373714447,,0.00966857373714447,,1.828125
,,,,4380,,0.17827951908111572,,0.005427955649793148,,1.921875
,,,,4381,,0.1778959333896637,,0.007974062114953995,,1.8828125
,,,,4382,,0.1573340743780136,,0.007920007221400738,,1.6640625
,,,,4383,,0.17729924619197845,,0.010307058691978455,,1.859375
,,,,4384,,0.17232637107372284,,0.008263872936367989,,1.828125
,,,,4385,,0.168052077293396,,0.01082551945000887,,1.7421875
,,,,4386,,0.18692833185195923,,0.004311148077249527,,2.03125
,,,,4387,,0.1700826734304428,,0.005043613724410534,,1.8359375
,,,,4388,,0.16177552938461304,,0.007478654384613037,,1.71875
,,,,4389,,0.16563166677951813,,0.006451978348195553,,1.765625
,,,,4390,,0.17834627628326416,,0.008424393832683563,,1.8828125
,,,,4391,,0.15543977916240692,,0.007002279162406921,,1.6484375
,,,,4392,,0.17254334688186646,,0.006527722347527742,,1.84375
,,,,4393,,0.18723218142986298,,0.010474368929862976,,1.96875
,,,,4394,,0.17878684401512146,,0.01374777965247631,,1.8359375
,,,,4395,,0.1672912836074829,,0.010064716450870037,,1.75
,,,,4396,,0.16818249225616455,,0.007049677427858114,,1.7890625
,,,,4397,,0.16346517205238342,,0.006238615605980158,,1.7421875
,,,,4398,,0.16287361085414886,,0.006623611785471439,,1.734375
,,,,4399,,0.17087717354297638,,0.006814680062234402,,1.8203125
,,,,4400,,0.17981432378292084,,0.009892445988953114,,1.890625
,,,,4401,,0.17671723663806915,,0.006795363500714302,,1.8828125
,,,,4402,,0.1836182028055191,,0.007836950942873955,,1.953125
,,,,4403,,0.17681540548801422,,0.004940405488014221,,1.9140625
,,,,4404,,0.16934898495674133,,0.010169302113354206,,1.765625
,,,,4405,,0.17330554127693176,,0.00826648436486721,,1.8359375
,,,,4406,,0.16956035792827606,,0.00940411351621151,,1.78125
,,,,4407,,0.17218244075775146,,0.011049626395106316,,1.7890625
,,,,4408,,0.1716897189617157,,0.010556913912296295,,1.7890625
,,,,4409,,0.1648024320602417,,0.005622750148177147,,1.7734375
,,,,4410,,0.18001282215118408,,0.008137826807796955,,1.9140625
,,,,4411,,0.16965912282466888,,0.005596623755991459,,1.8203125
,,,,4412,,0.17404665052890778,,0.009984150528907776,,1.8203125
,,,,4413,,0.17465053498744965,,0.01058803591877222,,1.828125
,,,,4414,,0.18239393830299377,,0.008565819822251797,,1.9296875
,,,,4415,,0.16922248899936676,,0.006136548239737749,,1.8125
,,,,4416,,0.16757138073444366,,0.007415124215185642,,1.78125
,,,,4417,,0.1543244570493698,,0.006863525602966547,,1.640625
,,,,4418,,0.1759330928325653,,0.006987784523516893,,1.875
,,,,4419,,0.1599007397890091,,0.007556990720331669,,1.6953125
,,,,4420,,0.17317765951156616,,0.006185472477227449,,1.859375
,,,,4421,,0.17068597674369812,,0.011506282724440098,,1.7734375
,,,,4422,,0.16888612508773804,,0.005800186190754175,,1.8125
,,,,4423,,0.15822601318359375,,0.006858826614916325,,1.6796875
,,,,4424,,0.17624539136886597,,0.007300083991140127,,1.875
,,,,4425,,0.17715543508529663,,0.009186691604554653,,1.8671875
,,,,4426,,0.1781708151102066,,0.008248946629464626,,1.890625
,,,,4427,,0.17255228757858276,,0.01630229502916336,,1.734375
,,,,4428,,0.18357998132705688,,0.006822167430073023,,1.96875
,,,,4429,,0.17919519543647766,,0.007320188917219639,,1.90625
,,,,4430,,0.17464348673820496,,0.008627861738204956,,1.84375
,,,,4431,,0.16314157843589783,,0.00689157098531723,,1.734375
,,,,4432,,0.1590062975883484,,0.008615677244961262,,1.671875
,,,,4433,,0.17706914246082306,,0.005194143857806921,,1.9140625
,,,,4434,,0.16887342929840088,,0.008717172779142857,,1.78125
,,,,4435,,0.16702517867088318,,0.005892366636544466,,1.7890625
,,,,4436,,0.17556041479110718,,0.00954478234052658,,1.84375
,,,,4437,,0.1767997294664383,,0.009807546623051167,,1.859375
,,,,4438,,0.17266219854354858,,0.012505942955613136,,1.78125
,,,,4439,,0.1698671132326126,,0.010687422938644886,,1.765625
,,,,4440,,0.18242032825946808,,0.008592207916080952,,1.9296875
,,,,4441,,0.17576472461223602,,0.005842844024300575,,1.8828125
,,,,4442,,0.1743679791688919,,0.010305478237569332,,1.828125
,,,,4443,,0.1625308394432068,,0.012140211649239063,,1.671875
,,,,4444,,0.17883017659187317,,0.010861423797905445,,1.8671875
,,,,4445,,0.17333565652370453,,0.006343463901430368,,1.859375
,,,,4446,,0.17983105778694153,,0.007956060580909252,,1.9140625
,,,,4447,,0.1759488731622696,,0.010909805074334145,,1.8359375
,,,,4448,,0.16746242344379425,,0.006329608615487814,,1.7890625
,,,,4449,,0.1663786768913269,,0.008175550028681755,,1.7578125
,,,,4450,,0.18403157591819763,,0.008250327780842781,,1.953125
,,,,4451,,0.16841106116771698,,0.0053251213394105434,,1.8125
,,,,4452,,0.17725548148155212,,0.00831016805022955,,1.875
,,,,4453,,0.17224866151809692,,0.005256481468677521,,1.859375
,,,,4454,,0.15855610370635986,,0.006212357897311449,,1.6953125
,,,,4455,,0.1660367101430893,,0.008810152299702168,,1.7421875
,,,,4456,,0.1850709617137909,,0.008313147351145744,,1.96875
,,,,4457,,0.17477329075336456,,0.01071078423410654,,1.8203125
,,,,4458,,0.16663937270641327,,0.00843624584376812,,1.7578125
,,,,4459,,0.17292940616607666,,0.00789034552872181,,1.8359375
,,,,4460,,0.17415307462215424,,0.009114018641412258,,1.8359375
,,,,4461,,0.1824183464050293,,0.006637099664658308,,1.953125
,,,,4462,,0.18433071672916412,,0.007572909351438284,,1.96875
,,,,4463,,0.17544834315776825,,0.00943271815776825,,1.84375
,,,,4464,,0.16424930095672607,,0.007022733334451914,,1.7421875
,,,,4465,,0.18195536732673645,,0.008127234876155853,,1.9296875
,,,,4466,,0.17327022552490234,,0.009207729250192642,,1.8203125
,,,,4467,,0.1782456338405609,,0.007347190752625465,,1.8984375
,,,,4468,,0.1891663819551468,,0.007525755558162928,,2.015625
,,,,4469,,0.17180219292640686,,0.009692816063761711,,1.796875
,,,,4470,,0.18611763417720795,,0.012289514765143394,,1.9296875
,,,,4471,,0.1847037822008133,,0.005992838181555271,,1.984375
,,,,4472,,0.1823544204235077,,0.005596608854830265,,1.9609375
,,,,4473,,0.17410296201705933,,0.0061342185363173485,,1.8671875
,,,,4474,,0.17437510192394257,,0.007382908836007118,,1.859375
,,,,4475,,0.15909671783447266,,0.006752973888069391,,1.6875
,,,,4476,,0.16884376108646393,,0.006734390277415514,,1.796875
,,,,4477,,0.1693783700466156,,0.006292432546615601,,1.8125
,,,,4478,,0.16876554489135742,,0.008609294891357422,,1.78125
,,,,4479,,0.1807720810174942,,0.008897078223526478,,1.90625
,,,,4480,,0.1574939638376236,,0.005150213837623596,,1.6953125
,,,,4481,,0.18422207236289978,,0.007464256603270769,,1.96875
,,,,4482,,0.17676691710948944,,0.006845048628747463,,1.8828125
,,,,4483,,0.18706248700618744,,0.009328107349574566,,1.9765625
,,,,4484,,0.1711035519838333,,0.00801762007176876,,1.8125
,,,,4485,,0.16818250715732574,,0.006073127966374159,,1.8046875
,,,,4486,,0.1616082489490509,,0.007311378140002489,,1.7109375
,,,,4487,,0.15640412271022797,,0.006990055087953806,,1.65625
,,,,4488,,0.17432719469070435,,0.00928813498467207,,1.8359375
,,,,4489,,0.1796828955411911,,0.008784451521933079,,1.8984375
,,,,4490,,0.1692698746919632,,0.006183939520269632,,1.8125
,,,,4491,,0.16507434844970703,,0.0058946614153683186,,1.7734375
,,,,4492,,0.20012259483337402,,0.008716344833374023,,2.125
,,,,4493,,0.1920921504497528,,0.006545280572026968,,2.0625
,,,,4494,,0.17077235877513885,,0.006709851790219545,,1.8203125
,,,,4495,,0.1597590446472168,,0.007415294647216797,,1.6875
,,,,4496,,0.16850167512893677,,0.006392296869307756,,1.8046875
,,,,4497,,0.1595105528831482,,0.008143363520503044,,1.6796875
,,,,4498,,0.16503828763961792,,0.005858606193214655,,1.7734375
,,,,4499,,0.18655189871788025,,0.006864398717880249,,1.9921875
,,,,4500,,0.16909624636173248,,0.006010302808135748,,1.8125
,,,,4501,,0.17152711749076843,,0.007464618422091007,,1.8203125
,,,,4502,,0.1935991495847702,,0.008052279241383076,,2.0625
,,,,4503,,0.16916312277317047,,0.006077190395444632,,1.8125
,,,,4504,,0.16461946070194244,,0.0064163352362811565,,1.7578125
,,,,4505,,0.19677811861038208,,0.00537187559530139,,2.125
,,,,4506,,0.1757163107395172,,0.008724127896130085,,1.859375
,,,,4507,,0.1764015555381775,,0.009409374557435513,,1.8515625
,,,,4508,,0.18890908360481262,,0.009221580810844898,,1.9921875
,,,,4509,,0.17744839191436768,,0.009479643777012825,,1.8671875
,,,,4510,,0.17061275243759155,,0.00752682238817215,,1.8125
,,,,4511,,0.16519062221050262,,0.007964065298438072,,1.7421875
,,,,4512,,0.1786177158355713,,0.006742714438587427,,1.90625
,,,,4513,,0.16755890846252441,,0.008379219099879265,,1.765625
,,,,4514,,0.16912752389907837,,0.006041592452675104,,1.8125
,,,,4515,,0.17990811169147491,,0.008033109828829765,,1.90625
,,,,4516,,0.17819242179393768,,0.006317421328276396,,1.9140625
,,,,4517,,0.1762562245130539,,0.009264041669666767,,1.859375
,,,,4518,,0.17269587516784668,,0.007656806148588657,,1.8359375
,,,,4519,,0.1784973293542862,,0.012481702491641045,,1.84375
,,,,4520,,0.1866660863161087,,0.006978580728173256,,2.0
,,,,4521,,0.16978329420089722,,0.007673925720155239,,1.8046875
,,,,4522,,0.17225143313407898,,0.010142059996724129,,1.796875
,,,,4523,,0.17110563814640045,,0.008996260352432728,,1.796875
,,,,4524,,0.16788330674171448,,0.008703616447746754,,1.765625
,,,,4525,,0.17683598399162292,,0.009843801148235798,,1.8515625
,,,,4526,,0.1623867154121399,,0.008089844137430191,,1.71875
,,,,4527,,0.20044492185115814,,0.011968356557190418,,2.09375
,,,,4528,,0.1979808211326599,,0.006574568804353476,,2.125
,,,,4529,,0.16201967000961304,,0.0057696630246937275,,1.734375
,,,,4530,,0.17605797946453094,,0.010042358189821243,,1.84375
,,,,4531,,0.168878436088562,,0.009698753245174885,,1.765625
,,,,4532,,0.17772401869297028,,0.007802145555615425,,1.8828125
,,,,4533,,0.17907720804214478,,0.00817877147346735,,1.8984375
,,,,4534,,0.16361084580421448,,0.006384276784956455,,1.7421875
,,,,4535,,0.162713423371315,,0.0074399844743311405,,1.7265625
,,,,4536,,0.19211794435977936,,0.012430442497134209,,2.0
,,,,4537,,0.17631280422210693,,0.007367487531155348,,1.875
,,,,4538,,0.18735189735889435,,0.0115706417709589,,1.953125
,,,,4539,,0.1723887026309967,,0.0073496378026902676,,1.8359375
,,,,4540,,0.17006947100162506,,0.010889779776334763,,1.765625
,,,,4541,,0.19336669147014618,,0.007819811813533306,,2.0625
,,,,4542,,0.16131910681724548,,0.010928483679890633,,1.671875
,,,,4543,,0.17287123203277588,,0.005879038944840431,,1.859375
,,,,4544,,0.18040388822555542,,0.00852888822555542,,1.9140625
,,,,4545,,0.17199628055095673,,0.007933774031698704,,1.828125
,,,,4546,,0.1820911020040512,,0.01021609827876091,,1.9140625
,,,,4547,,0.16885605454444885,,0.006746682338416576,,1.8046875
,,,,4548,,0.16519463062286377,,0.006991506554186344,,1.7578125
,,,,4549,,0.16808265447616577,,0.005973281804472208,,1.8046875
,,,,4550,,0.15999996662139893,,0.007656218484044075,,1.6875
,,,,4551,,0.17447318136692047,,0.006504429969936609,,1.8671875
,,,,4552,,0.17821627855300903,,0.009270960465073586,,1.875
,,,,4553,,0.18711797893047333,,0.007430482190102339,,2.0
,,,,4554,,0.18581140041351318,,0.010030152276158333,,1.953125
,,,,4555,,0.1704508364200592,,0.008341462351381779,,1.796875
,,,,4556,,0.17945407330989838,,0.008555629290640354,,1.8984375
,,,,4557,,0.18203343451023102,,0.009181869216263294,,1.921875
,,,,4558,,0.17143605649471283,,0.007373559754341841,,1.8203125
,,,,4559,,0.1723286211490631,,0.008266122080385685,,1.8203125
,,,,4560,,0.1729753017425537,,0.008912808261811733,,1.828125
,,,,4561,,0.17902188003063202,,0.007146873511373997,,1.90625
,,,,4562,,0.1773880124092102,,0.0074661425314843655,,1.890625
,,,,4563,,0.172285795211792,,0.010176419280469418,,1.8046875
,,,,4564,,0.1817234307527542,,0.010824999772012234,,1.8984375
,,,,4565,,0.18250979483127594,,0.00770510733127594,,1.9375
,,,,4566,,0.1632349193096161,,0.008938037790358067,,1.7109375
,,,,4567,,0.15439476072788239,,0.006933830212801695,,1.640625
7,,,,41103,0.17410331964492798,,0.00821734219789505,,1.8432796001434326,
