[2026-04-26 00:44:44,862][root][INFO] - Cached 'action' from '/dev/shm/.stable_worldmodel/tworoom.h5'
[2026-04-26 00:44:44,873][root][INFO] - Cached 'proprio' from '/dev/shm/.stable_worldmodel/tworoom.h5'
00:44:45.635 | INFO    (9612, stable_pretraining.backbone.utils) | Created ViT-tiny from scratch with config: {'hidden_size': 192, 'num_hidden_layers': 12, 'num_attention_heads': 3, 'intermediate_size': 768, 'image_size': 224, 'patch_size': 14}
00:44:45.838 | INFO    (9612, stable_pretraining.data.module) | Setting up DataModule
00:44:45.854 | INFO    (9612, stable_pretraining.module) | Initializing Module configuration...
00:44:45.854 | WARNING (9612, stable_pretraining.module) | No hyperparameters provided - hyperparameter logging is disabled.
00:44:45.855 | INFO    (9612, stable_pretraining.module) | Setting custom forward method.
00:44:45.855 | INFO    (9612, stable_pretraining.module) | Setting attribute: self.model = <class 'jepa.JEPA'>
00:44:45.855 | INFO    (9612, stable_pretraining.module) | Setting attribute: self.sigreg = <class 'module.SIGReg'>
00:44:45.855 | INFO    (9612, stable_pretraining.module) | Setting attribute: self.optim = <class 'dict'>
00:44:45.856 | INFO    (9612, stable_pretraining.module) | No metrics configuration provided - automatic metric tracking is disabled.
/workspace/projects/jepa_onchain/.venv/lib/python3.10/site-packages/lightning/fabric/connector.py:571: `precision=bf16` is supported for historical reasons but its usage is discouraged. Please set your precision to bf16-mixed instead!
Using bfloat16 Automatic Mixed Precision (AMP)
00:44:46.039 | INFO    (9612, stable_pretraining.callbacks.env_info) | EnvironmentDumpCallback initialized (filename=environment.json, async=True)
00:44:46.039 | INFO    (9612, stable_pretraining.callbacks.cpu_offload) | ============================================================
00:44:46.040 | INFO    (9612, stable_pretraining.callbacks.cpu_offload) | Initializing CPUOffloadCallback
00:44:46.040 | INFO    (9612, stable_pretraining.callbacks.cpu_offload) | Configuration:
00:44:46.040 | INFO    (9612, stable_pretraining.callbacks.cpu_offload) |   - Offload keys: ['state_dict', 'optimizer_states', 'lr_schedulers']
00:44:46.040 | INFO    (9612, stable_pretraining.callbacks.cpu_offload) |   - Log all skipped objects: False
00:44:46.040 | INFO    (9612, stable_pretraining.callbacks.cpu_offload) |   - Will show first/last 10 skipped objects only
00:44:46.040 | SUCCESS (9612, stable_pretraining.callbacks.cpu_offload) | ✓ CUDA available: 1 GPU(s) detected
00:44:46.072 | INFO    (9612, stable_pretraining.callbacks.cpu_offload) |   - GPU 0: NVIDIA GeForce RTX 4090 (25.4 GB)
00:44:46.072 | SUCCESS (9612, stable_pretraining.callbacks.cpu_offload) | CPUOffloadCallback initialized successfully
00:44:46.072 | INFO    (9612, stable_pretraining.callbacks.cpu_offload) | ============================================================
Adding 10 callbacks from entry point 'stablepretraining_callbacks': ModuleRegistryCallback, LoggingCallback, EnvironmentDumpCallback, TrainerInfo, SklearnCheckpoint, WandbCheckpoint, ModuleSummary, SLURMInfo, LogUnusedParametersOnce, CPUOffloadCallback
GPU available: True (cuda), used: True
TPU available: False, using: 0 TPU cores
/workspace/projects/jepa_onchain/.venv/lib/python3.10/site-packages/lightning/pytorch/trainer/connectors/logger_connector/logger_connector.py:76: Starting from v1.9.0, `tensorboardX` has been removed as a dependency of the `lightning.pytorch` package, due to potential conflicts with other packages in the ML ecosystem. For this reason, `logger=True` will use `CSVLogger` as the default logger, unless the `tensorboard` or `tensorboardX` packages are found. Please `pip install lightning[extra]` or one of them to enable TensorBoard support by default
💡 Tip: For seamless cloud logging and experiment tracking, try installing [litlogger](https://pypi.org/project/litlogger/) to enable LitLogger, which logs metrics and artifacts automatically to the Lightning Experiments platform.
00:44:46.074 | WARNING (9612, stable_pretraining.manager) | User didn't specify seed, runs won't be exactly reproducible!
00:44:46.074 | INFO    (9612, stable_pretraining.manager) | 📁📁📁 CURRENT WORKING DIR: /workspace/projects/jepa_onchain/le-wm 📁📁📁
00:44:46.074 | INFO    (9612, stable_pretraining.manager) | 🌱🌱🌱 SEEDING EVERYTHING with self.seed=None 🌱🌱🌱
/workspace/projects/jepa_onchain/.venv/lib/python3.10/site-packages/lightning/fabric/utilities/seed.py:44: No seed found, seed set to 0
Seed set to 0
00:44:46.150 | INFO    (9612, stable_pretraining.manager) | 📈📈📈 CSVLogger setup 📈📈📈
00:44:46.150 | INFO    (9612, stable_pretraining.manager) | 📈📈📈 root_dir=/root/le-wm-out/lightning_logs 📈📈📈
00:44:46.150 | INFO    (9612, stable_pretraining.manager) | 📈📈📈 save_dir=/root/le-wm-out 📈📈📈
00:44:46.150 | INFO    (9612, stable_pretraining.manager) | 📈📈📈 log_dir=/root/le-wm-out/lightning_logs/version_0 📈📈📈
00:44:46.150 | INFO    (9612, stable_pretraining.manager) | 	● 👂👂👂 SIGNALS HANDLERS 👂👂👂
00:44:46.150 | INFO    (9612, stable_pretraining.manager) | 		- SIGUSR1: `0`
00:44:46.150 | INFO    (9612, stable_pretraining.manager) | 		- SIGUSR2: `0`
00:44:46.151 | INFO    (9612, stable_pretraining.manager) | 		- SIGCONT: `0`
00:44:46.151 | INFO    (9612, stable_pretraining.manager) | 		- SIGTERM: `0`
00:44:46.151 | INFO    (9612, stable_pretraining.manager) | 	● 📞📞📞 CALLBACKS 📞📞📞
00:44:46.151 | INFO    (9612, stable_pretraining.manager) | 		 - we found 14 callbacks
00:44:46.151 | INFO    (9612, stable_pretraining.manager) | 	● 📞📞📞 CHECKPOINTING SETUP 📞📞📞
00:44:46.151 | WARNING (9612, stable_pretraining.manager) | 		 Checkpoint mismatch: `manager.ckpt_path` (/dev/shm/.stable_worldmodel/lewm_weights.ckpt) was provided, but no matching `ModelCheckpoint` callback was found.
00:44:46.151 | WARNING (9612, stable_pretraining.manager) | 		 Automatically creating a `ModelCheckpoint` to save to the specified path to prevent data loss.
00:44:46.151 | WARNING (9612, stable_pretraining.manager) | 		 - Automatic `ModelCheckpoint` callback has been added to the trainer.
00:44:46.151 | WARNING (9612, stable_pretraining.manager) | /dev/shm/.stable_worldmodel/lewm_weights.ckpt specified, but does not exist, using None for now!
00:44:46.151 | INFO    (9612, stable_pretraining.manager) | 📣📣📣 CALLING trainer.fit with ckpt_path=None 📣📣📣
💡 Tip: For seamless cloud uploads and versioning, try installing [litmodels](https://pypi.org/project/litmodels/) to enable LitModelCheckpoint, which syncs automatically with the Lightning model registry.
You are using a CUDA device ('NVIDIA GeForce RTX 4090') that has Tensor Cores. To properly utilize them, you should set `torch.set_float32_matmul_precision('medium' | 'high')` which will trade-off precision for performance. For more details, read https://pytorch.org/docs/stable/generated/torch.set_float32_matmul_precision.html#torch.set_float32_matmul_precision
00:44:46.153 | INFO    (9612, stable_pretraining.data.module) | dataset for fit loaded!  ✅
00:44:46.153 | INFO    (9612, stable_pretraining.data.module) | 	● setup was done by user
00:44:46.153 | INFO    (9612, stable_pretraining.callbacks.env_info) | ======================================================================
00:44:46.153 | INFO    (9612, stable_pretraining.callbacks.env_info) | 🔍 Starting environment configuration dump...
00:44:46.153 | INFO    (9612, stable_pretraining.callbacks.env_info) | ======================================================================
00:44:46.153 | INFO    (9612, stable_pretraining.callbacks.env_info) | EnvironmentDumpCallback  log_dir=PosixPath('/root/le-wm-out')
00:44:46.153 | INFO    (9612, stable_pretraining.callbacks.env_info) | ⚡ Running environment dump in background thread (non-blocking)
00:44:46.153 | INFO    (9612, stable_pretraining.callbacks.env_info) | 📁 Log directory: /root/le-wm-out
00:44:46.153 | INFO    (9612, stable_pretraining.callbacks.env_info) | 📊 Collecting environment information...
00:44:46.154 | SUCCESS (9612, stable_pretraining.callbacks.env_info) | ✓ Background thread started successfully
00:44:46.154 | SUCCESS (9612, stable_pretraining.callbacks.env_info) |   ✓ Python 3.10.12
00:44:46.154 | INFO    (9612, stable_pretraining.callbacks.trainer_info) | 	 linking trainer to DataModule! 🔧
00:44:46.154 | SUCCESS (9612, stable_pretraining.callbacks.env_info) |   ✓ System: Linux 6.8.0-59-generic (x86_64)
00:44:46.154 | INFO    (9612, stable_pretraining.callbacks.checkpoint_sklearn) | Setting up SklearnCheckpoint callback!
00:44:46.154 | INFO    (9612, stable_pretraining.callbacks.env_info) |      Hostname: 1ca3ddfe538c
00:44:46.155 | INFO    (9612, stable_pretraining.callbacks.checkpoint_sklearn) | Sklearn Modules:
00:44:46.155 | INFO    (9612, stable_pretraining.callbacks.checkpoint_sklearn) | 
┏━━━━━━━━━━┳━━━━━━━━┳━━━━━━━━┓
┃ Module   ┃ Name   ┃ Type   ┃
┣━━━━━━━━━━╋━━━━━━━━╋━━━━━━━━┫
┗━━━━━━━━━━┻━━━━━━━━┻━━━━━━━━┛
00:44:46.156 | INFO    (9612, stable_pretraining.callbacks.checkpoint_sklearn) | Setting up WandbCheckpoint callback!
00:44:46.156 | INFO    (9612, stable_pretraining.callbacks.trainer_info) | PyTorch Modules:
00:44:46.156 | WARNING (9612, stable_pretraining.module) | You are calling self.parameters which also gives callbacks parameters, to remove then, pass `with_callbacks=False`
00:44:46.174 | INFO    (9612, stable_pretraining.callbacks.trainer_info) | \n+-----------------------------------------------------------------+----------------------+--------------------------+--------------------------+---------+
| Module                                                          | Trainable parameters | Non Trainable parameters | Uninitialized parameters | Buffers |
+-----------------------------------------------------------------+----------------------+--------------------------+--------------------------+---------+
|                                                                 |             18034478 |                        0 |                        0 |    8245 |
| callbacks_modules                                               |                    0 |                        0 |                        0 |       0 |
| callbacks_metrics                                               |                    0 |                        0 |                        0 |       0 |
| model                                                           |             18034478 |                        0 |                        0 |    8194 |
| model.encoder                                                   |              5501376 |                        0 |                        0 |       0 |
| model.encoder.embeddings                                        |               162624 |                        0 |                        0 |       0 |
| model.encoder.embeddings.patch_embeddings                       |               113088 |                        0 |                        0 |       0 |
| model.encoder.embeddings.patch_embeddings.projection            |               113088 |                        0 |                        0 |       0 |
| model.encoder.embeddings.dropout                                |                    0 |                        0 |                        0 |       0 |
| model.encoder.encoder                                           |              5338368 |                        0 |                        0 |       0 |
| model.encoder.encoder.layer                                     |              5338368 |                        0 |                        0 |       0 |
| model.encoder.encoder.layer.0                                   |               444864 |                        0 |                        0 |       0 |
| model.encoder.encoder.layer.0.attention                         |               148224 |                        0 |                        0 |       0 |
| model.encoder.encoder.layer.0.attention.attention               |               111168 |                        0 |                        0 |       0 |
| model.encoder.encoder.layer.0.attention.attention.query         |                37056 |                        0 |                        0 |       0 |
| model.encoder.encoder.layer.0.attention.attention.key           |                37056 |                        0 |                        0 |       0 |
| model.encoder.encoder.layer.0.attention.attention.value         |                37056 |                        0 |                        0 |       0 |
| model.encoder.encoder.layer.0.attention.output                  |                37056 |                        0 |                        0 |       0 |
| model.encoder.encoder.layer.0.attention.output.dense            |                37056 |                        0 |                        0 |       0 |
| model.encoder.encoder.layer.0.attention.output.dropout          |                    0 |                        0 |                        0 |       0 |
| model.encoder.encoder.layer.0.intermediate                      |               148224 |                        0 |                        0 |       0 |
| model.encoder.encoder.layer.0.intermediate.dense                |               148224 |                        0 |                        0 |       0 |
| model.encoder.encoder.layer.0.intermediate.intermediate_act_fn  |                    0 |                        0 |                        0 |       0 |
| model.encoder.encoder.layer.0.output                            |               147648 |                        0 |                        0 |       0 |
| model.encoder.encoder.layer.0.output.dense                      |               147648 |                        0 |                        0 |       0 |
| model.encoder.encoder.layer.0.output.dropout                    |                    0 |                        0 |                        0 |       0 |
| model.encoder.encoder.layer.0.layernorm_before                  |                  384 |                        0 |                        0 |       0 |
| model.encoder.encoder.layer.0.layernorm_after                   |                  384 |                        0 |                        0 |       0 |
| model.encoder.encoder.layer.1                                   |               444864 |                        0 |                        0 |       0 |
| model.encoder.encoder.layer.1.attention                         |               148224 |                        0 |                        0 |       0 |
| model.encoder.encoder.layer.1.attention.attention               |               111168 |                        0 |                        0 |       0 |
| model.encoder.encoder.layer.1.attention.attention.query         |                37056 |                        0 |                        0 |       0 |
| model.encoder.encoder.layer.1.attention.attention.key           |                37056 |                        0 |                        0 |       0 |
| model.encoder.encoder.layer.1.attention.attention.value         |                37056 |                        0 |                        0 |       0 |
| model.encoder.encoder.layer.1.attention.output                  |                37056 |                        0 |                        0 |       0 |
| model.encoder.encoder.layer.1.attention.output.dense            |                37056 |                        0 |                        0 |       0 |
| model.encoder.encoder.layer.1.attention.output.dropout          |                    0 |                        0 |                        0 |       0 |
| model.encoder.encoder.layer.1.intermediate                      |               148224 |                        0 |                        0 |       0 |
| model.encoder.encoder.layer.1.intermediate.dense                |               148224 |                        0 |                        0 |       0 |
| model.encoder.encoder.layer.1.intermediate.intermediate_act_fn  |                    0 |                        0 |                        0 |       0 |
| model.encoder.encoder.layer.1.output                            |               147648 |                        0 |                        0 |       0 |
| model.encoder.encoder.layer.1.output.dense                      |               147648 |                        0 |                        0 |       0 |
| model.encoder.encoder.layer.1.output.dropout                    |                    0 |                        0 |                        0 |       0 |
| model.encoder.encoder.layer.1.layernorm_before                  |                  384 |                        0 |                        0 |       0 |
| model.encoder.encoder.layer.1.layernorm_after                   |                  384 |                        0 |                        0 |       0 |
| model.encoder.encoder.layer.2                                   |               444864 |                        0 |                        0 |       0 |
| model.encoder.encoder.layer.2.attention                         |               148224 |                        0 |                        0 |       0 |
| model.encoder.encoder.layer.2.attention.attention               |               111168 |                        0 |                        0 |       0 |
| model.encoder.encoder.layer.2.attention.attention.query         |                37056 |                        0 |                        0 |       0 |
| model.encoder.encoder.layer.2.attention.attention.key           |                37056 |                        0 |                        0 |       0 |
| model.encoder.encoder.layer.2.attention.attention.value         |                37056 |                        0 |                        0 |       0 |
| model.encoder.encoder.layer.2.attention.output                  |                37056 |                        0 |                        0 |       0 |
| model.encoder.encoder.layer.2.attention.output.dense            |                37056 |                        0 |                        0 |       0 |
| model.encoder.encoder.layer.2.attention.output.dropout          |                    0 |                        0 |                        0 |       0 |
| model.encoder.encoder.layer.2.intermediate                      |               148224 |                        0 |                        0 |       0 |
| model.encoder.encoder.layer.2.intermediate.dense                |               148224 |                        0 |                        0 |       0 |
| model.encoder.encoder.layer.2.intermediate.intermediate_act_fn  |                    0 |                        0 |                        0 |       0 |
| model.encoder.encoder.layer.2.output                            |               147648 |                        0 |                        0 |       0 |
| model.encoder.encoder.layer.2.output.dense                      |               147648 |                        0 |                        0 |       0 |
| model.encoder.encoder.layer.2.output.dropout                    |                    0 |                        0 |                        0 |       0 |
| model.encoder.encoder.layer.2.layernorm_before                  |                  384 |                        0 |                        0 |       0 |
| model.encoder.encoder.layer.2.layernorm_after                   |                  384 |                        0 |                        0 |       0 |
| model.encoder.encoder.layer.3                                   |               444864 |                        0 |                        0 |       0 |
| model.encoder.encoder.layer.3.attention                         |               148224 |                        0 |                        0 |       0 |
| model.encoder.encoder.layer.3.attention.attention               |               111168 |                        0 |                        0 |       0 |
| model.encoder.encoder.layer.3.attention.attention.query         |                37056 |                        0 |                        0 |       0 |
| model.encoder.encoder.layer.3.attention.attention.key           |                37056 |                        0 |                        0 |       0 |
| model.encoder.encoder.layer.3.attention.attention.value         |                37056 |                        0 |                        0 |       0 |
| model.encoder.encoder.layer.3.attention.output                  |                37056 |                        0 |                        0 |       0 |
| model.encoder.encoder.layer.3.attention.output.dense            |                37056 |                        0 |                        0 |       0 |
| model.encoder.encoder.layer.3.attention.output.dropout          |                    0 |                        0 |                        0 |       0 |
| model.encoder.encoder.layer.3.intermediate                      |               148224 |                        0 |                        0 |       0 |
| model.encoder.encoder.layer.3.intermediate.dense                |               148224 |                        0 |                        0 |       0 |
| model.encoder.encoder.layer.3.intermediate.intermediate_act_fn  |                    0 |                        0 |                        0 |       0 |
| model.encoder.encoder.layer.3.output                            |               147648 |                        0 |                        0 |       0 |
| model.encoder.encoder.layer.3.output.dense                      |               147648 |                        0 |                        0 |       0 |
| model.encoder.encoder.layer.3.output.dropout                    |                    0 |                        0 |                        0 |       0 |
| model.encoder.encoder.layer.3.layernorm_before                  |                  384 |                        0 |                        0 |       0 |
| model.encoder.encoder.layer.3.layernorm_after                   |                  384 |                        0 |                        0 |       0 |
| model.encoder.encoder.layer.4                                   |               444864 |                        0 |                        0 |       0 |
| model.encoder.encoder.layer.4.attention                         |               148224 |                        0 |                        0 |       0 |
| model.encoder.encoder.layer.4.attention.attention               |               111168 |                        0 |                        0 |       0 |
| model.encoder.encoder.layer.4.attention.attention.query         |                37056 |                        0 |                        0 |       0 |
| model.encoder.encoder.layer.4.attention.attention.key           |                37056 |                        0 |                        0 |       0 |
| model.encoder.encoder.layer.4.attention.attention.value         |                37056 |                        0 |                        0 |       0 |
| model.encoder.encoder.layer.4.attention.output                  |                37056 |                        0 |                        0 |       0 |
| model.encoder.encoder.layer.4.attention.output.dense            |                37056 |                        0 |                        0 |       0 |
| model.encoder.encoder.layer.4.attention.output.dropout          |                    0 |                        0 |                        0 |       0 |
| model.encoder.encoder.layer.4.intermediate                      |               148224 |                        0 |                        0 |       0 |
| model.encoder.encoder.layer.4.intermediate.dense                |               148224 |                        0 |                        0 |       0 |
| model.encoder.encoder.layer.4.intermediate.intermediate_act_fn  |                    0 |                        0 |                        0 |       0 |
| model.encoder.encoder.layer.4.output                            |               147648 |                        0 |                        0 |       0 |
| model.encoder.encoder.layer.4.output.dense                      |               147648 |                        0 |                        0 |       0 |
| model.encoder.encoder.layer.4.output.dropout                    |                    0 |                        0 |                        0 |       0 |
| model.encoder.encoder.layer.4.layernorm_before                  |                  384 |                        0 |                        0 |       0 |
| model.encoder.encoder.layer.4.layernorm_after                   |                  384 |                        0 |                        0 |       0 |
| model.encoder.encoder.layer.5                                   |               444864 |                        0 |                        0 |       0 |
| model.encoder.encoder.layer.5.attention                         |               148224 |                        0 |                        0 |       0 |
| model.encoder.encoder.layer.5.attention.attention               |               111168 |                        0 |                        0 |       0 |
| model.encoder.encoder.layer.5.attention.attention.query         |                37056 |                        0 |                        0 |       0 |
| model.encoder.encoder.layer.5.attention.attention.key           |                37056 |                        0 |                        0 |       0 |
| model.encoder.encoder.layer.5.attention.attention.value         |                37056 |                        0 |                        0 |       0 |
| model.encoder.encoder.layer.5.attention.output                  |                37056 |                        0 |                        0 |       0 |
| model.encoder.encoder.layer.5.attention.output.dense            |                37056 |                        0 |                        0 |       0 |
| model.encoder.encoder.layer.5.attention.output.dropout          |                    0 |                        0 |                        0 |       0 |
| model.encoder.encoder.layer.5.intermediate                      |               148224 |                        0 |                        0 |       0 |
| model.encoder.encoder.layer.5.intermediate.dense                |               148224 |                        0 |                        0 |       0 |
| model.encoder.encoder.layer.5.intermediate.intermediate_act_fn  |                    0 |                        0 |                        0 |       0 |
| model.encoder.encoder.layer.5.output                            |               147648 |                        0 |                        0 |       0 |
| model.encoder.encoder.layer.5.output.dense                      |               147648 |                        0 |                        0 |       0 |
| model.encoder.encoder.layer.5.output.dropout                    |                    0 |                        0 |                        0 |       0 |
| model.encoder.encoder.layer.5.layernorm_before                  |                  384 |                        0 |                        0 |       0 |
| model.encoder.encoder.layer.5.layernorm_after                   |                  384 |                        0 |                        0 |       0 |
| model.encoder.encoder.layer.6                                   |               444864 |                        0 |                        0 |       0 |
| model.encoder.encoder.layer.6.attention                         |               148224 |                        0 |                        0 |       0 |
| model.encoder.encoder.layer.6.attention.attention               |               111168 |                        0 |                        0 |       0 |
| model.encoder.encoder.layer.6.attention.attention.query         |                37056 |                        0 |                        0 |       0 |
| model.encoder.encoder.layer.6.attention.attention.key           |                37056 |                        0 |                        0 |       0 |
| model.encoder.encoder.layer.6.attention.attention.value         |                37056 |                        0 |                        0 |       0 |
| model.encoder.encoder.layer.6.attention.output                  |                37056 |                        0 |                        0 |       0 |
| model.encoder.encoder.layer.6.attention.output.dense            |                37056 |                        0 |                        0 |       0 |
| model.encoder.encoder.layer.6.attention.output.dropout          |                    0 |                        0 |                        0 |       0 |
| model.encoder.encoder.layer.6.intermediate                      |               148224 |                        0 |                        0 |       0 |
| model.encoder.encoder.layer.6.intermediate.dense                |               148224 |                        0 |                        0 |       0 |
| model.encoder.encoder.layer.6.intermediate.intermediate_act_fn  |                    0 |                        0 |                        0 |       0 |
| model.encoder.encoder.layer.6.output                            |               147648 |                        0 |                        0 |       0 |
| model.encoder.encoder.layer.6.output.dense                      |               147648 |                        0 |                        0 |       0 |
| model.encoder.encoder.layer.6.output.dropout                    |                    0 |                        0 |                        0 |       0 |
| model.encoder.encoder.layer.6.layernorm_before                  |                  384 |                        0 |                        0 |       0 |
| model.encoder.encoder.layer.6.layernorm_after                   |                  384 |                        0 |                        0 |       0 |
| model.encoder.encoder.layer.7                                   |               444864 |                        0 |                        0 |       0 |
| model.encoder.encoder.layer.7.attention                         |               148224 |                        0 |                        0 |       0 |
| model.encoder.encoder.layer.7.attention.attention               |               111168 |                        0 |                        0 |       0 |
| model.encoder.encoder.layer.7.attention.attention.query         |                37056 |                        0 |                        0 |       0 |
| model.encoder.encoder.layer.7.attention.attention.key           |                37056 |                        0 |                        0 |       0 |
| model.encoder.encoder.layer.7.attention.attention.value         |                37056 |                        0 |                        0 |       0 |
| model.encoder.encoder.layer.7.attention.output                  |                37056 |                        0 |                        0 |       0 |
| model.encoder.encoder.layer.7.attention.output.dense            |                37056 |                        0 |                        0 |       0 |
| model.encoder.encoder.layer.7.attention.output.dropout          |                    0 |                        0 |                        0 |       0 |
| model.encoder.encoder.layer.7.intermediate                      |               148224 |                        0 |                        0 |       0 |
| model.encoder.encoder.layer.7.intermediate.dense                |               148224 |                        0 |                        0 |       0 |
| model.encoder.encoder.layer.7.intermediate.intermediate_act_fn  |                    0 |                        0 |                        0 |       0 |
| model.encoder.encoder.layer.7.output                            |               147648 |                        0 |                        0 |       0 |
| model.encoder.encoder.layer.7.output.dense                      |               147648 |                        0 |                        0 |       0 |
| model.encoder.encoder.layer.7.output.dropout                    |                    0 |                        0 |                        0 |       0 |
| model.encoder.encoder.layer.7.layernorm_before                  |                  384 |                        0 |                        0 |       0 |
| model.encoder.encoder.layer.7.layernorm_after                   |                  384 |                        0 |                        0 |       0 |
| model.encoder.encoder.layer.8                                   |               444864 |                        0 |                        0 |       0 |
| model.encoder.encoder.layer.8.attention                         |               148224 |                        0 |                        0 |       0 |
| model.encoder.encoder.layer.8.attention.attention               |               111168 |                        0 |                        0 |       0 |
| model.encoder.encoder.layer.8.attention.attention.query         |                37056 |                        0 |                        0 |       0 |
| model.encoder.encoder.layer.8.attention.attention.key           |                37056 |                        0 |                        0 |       0 |
| model.encoder.encoder.layer.8.attention.attention.value         |                37056 |                        0 |                        0 |       0 |
| model.encoder.encoder.layer.8.attention.output                  |                37056 |                        0 |                        0 |       0 |
| model.encoder.encoder.layer.8.attention.output.dense            |                37056 |                        0 |                        0 |       0 |
| model.encoder.encoder.layer.8.attention.output.dropout          |                    0 |                        0 |                        0 |       0 |
| model.encoder.encoder.layer.8.intermediate                      |               148224 |                        0 |                        0 |       0 |
| model.encoder.encoder.layer.8.intermediate.dense                |               148224 |                        0 |                        0 |       0 |
| model.encoder.encoder.layer.8.intermediate.intermediate_act_fn  |                    0 |                        0 |                        0 |       0 |
| model.encoder.encoder.layer.8.output                            |               147648 |                        0 |                        0 |       0 |
| model.encoder.encoder.layer.8.output.dense                      |               147648 |                        0 |                        0 |       0 |
| model.encoder.encoder.layer.8.output.dropout                    |                    0 |                        0 |                        0 |       0 |
| model.encoder.encoder.layer.8.layernorm_before                  |                  384 |                        0 |                        0 |       0 |
| model.encoder.encoder.layer.8.layernorm_after                   |                  384 |                        0 |                        0 |       0 |
| model.encoder.encoder.layer.9                                   |               444864 |                        0 |                        0 |       0 |
| model.encoder.encoder.layer.9.attention                         |               148224 |                        0 |                        0 |       0 |
| model.encoder.encoder.layer.9.attention.attention               |               111168 |                        0 |                        0 |       0 |
| model.encoder.encoder.layer.9.attention.attention.query         |                37056 |                        0 |                        0 |       0 |
| model.encoder.encoder.layer.9.attention.attention.key           |                37056 |                        0 |                        0 |       0 |
| model.encoder.encoder.layer.9.attention.attention.value         |                37056 |                        0 |                        0 |       0 |
| model.encoder.encoder.layer.9.attention.output                  |                37056 |                        0 |                        0 |       0 |
| model.encoder.encoder.layer.9.attention.output.dense            |                37056 |                        0 |                        0 |       0 |
| model.encoder.encoder.layer.9.attention.output.dropout          |                    0 |                        0 |                        0 |       0 |
| model.encoder.encoder.layer.9.intermediate                      |               148224 |                        0 |                        0 |       0 |
| model.encoder.encoder.layer.9.intermediate.dense                |               148224 |                        0 |                        0 |       0 |
| model.encoder.encoder.layer.9.intermediate.intermediate_act_fn  |                    0 |                        0 |                        0 |       0 |
| model.encoder.encoder.layer.9.output                            |               147648 |                        0 |                        0 |       0 |
| model.encoder.encoder.layer.9.output.dense                      |               147648 |                        0 |                        0 |       0 |
| model.encoder.encoder.layer.9.output.dropout                    |                    0 |                        0 |                        0 |       0 |
| model.encoder.encoder.layer.9.layernorm_before                  |                  384 |                        0 |                        0 |       0 |
| model.encoder.encoder.layer.9.layernorm_after                   |                  384 |                        0 |                        0 |       0 |
| model.encoder.encoder.layer.10                                  |               444864 |                        0 |                        0 |       0 |
| model.encoder.encoder.layer.10.attention                        |               148224 |                        0 |                        0 |       0 |
| model.encoder.encoder.layer.10.attention.attention              |               111168 |                        0 |                        0 |       0 |
| model.encoder.encoder.layer.10.attention.attention.query        |                37056 |                        0 |                        0 |       0 |
| model.encoder.encoder.layer.10.attention.attention.key          |                37056 |                        0 |                        0 |       0 |
| model.encoder.encoder.layer.10.attention.attention.value        |                37056 |                        0 |                        0 |       0 |
| model.encoder.encoder.layer.10.attention.output                 |                37056 |                        0 |                        0 |       0 |
| model.encoder.encoder.layer.10.attention.output.dense           |                37056 |                        0 |                        0 |       0 |
| model.encoder.encoder.layer.10.attention.output.dropout         |                    0 |                        0 |                        0 |       0 |
| model.encoder.encoder.layer.10.intermediate                     |               148224 |                        0 |                        0 |       0 |
| model.encoder.encoder.layer.10.intermediate.dense               |               148224 |                        0 |                        0 |       0 |
| model.encoder.encoder.layer.10.intermediate.intermediate_act_fn |                    0 |                        0 |                        0 |       0 |
| model.encoder.encoder.layer.10.output                           |               147648 |                        0 |                        0 |       0 |
| model.encoder.encoder.layer.10.output.dense                     |               147648 |                        0 |                        0 |       0 |
| model.encoder.encoder.layer.10.output.dropout                   |                    0 |                        0 |                        0 |       0 |
| model.encoder.encoder.layer.10.layernorm_before                 |                  384 |                        0 |                        0 |       0 |
| model.encoder.encoder.layer.10.layernorm_after                  |                  384 |                        0 |                        0 |       0 |
| model.encoder.encoder.layer.11                                  |               444864 |                        0 |                        0 |       0 |
| model.encoder.encoder.layer.11.attention                        |               148224 |                        0 |                        0 |       0 |
| model.encoder.encoder.layer.11.attention.attention              |               111168 |                        0 |                        0 |       0 |
| model.encoder.encoder.layer.11.attention.attention.query        |                37056 |                        0 |                        0 |       0 |
| model.encoder.encoder.layer.11.attention.attention.key          |                37056 |                        0 |                        0 |       0 |
| model.encoder.encoder.layer.11.attention.attention.value        |                37056 |                        0 |                        0 |       0 |
| model.encoder.encoder.layer.11.attention.output                 |                37056 |                        0 |                        0 |       0 |
| model.encoder.encoder.layer.11.attention.output.dense           |                37056 |                        0 |                        0 |       0 |
| model.encoder.encoder.layer.11.attention.output.dropout         |                    0 |                        0 |                        0 |       0 |
| model.encoder.encoder.layer.11.intermediate                     |               148224 |                        0 |                        0 |       0 |
| model.encoder.encoder.layer.11.intermediate.dense               |               148224 |                        0 |                        0 |       0 |
| model.encoder.encoder.layer.11.intermediate.intermediate_act_fn |                    0 |                        0 |                        0 |       0 |
| model.encoder.encoder.layer.11.output                           |               147648 |                        0 |                        0 |       0 |
| model.encoder.encoder.layer.11.output.dense                     |               147648 |                        0 |                        0 |       0 |
| model.encoder.encoder.layer.11.output.dropout                   |                    0 |                        0 |                        0 |       0 |
| model.encoder.encoder.layer.11.layernorm_before                 |                  384 |                        0 |                        0 |       0 |
| model.encoder.encoder.layer.11.layernorm_after                  |                  384 |                        0 |                        0 |       0 |
| model.encoder.layernorm                                         |                  384 |                        0 |                        0 |       0 |
| model.predictor                                                 |             10791360 |                        0 |                        0 |       0 |
| model.predictor.dropout                                         |                    0 |                        0 |                        0 |       0 |
| model.predictor.transformer                                     |             10790784 |                        0 |                        0 |       0 |
| model.predictor.transformer.norm                                |                  384 |                        0 |                        0 |       0 |
| model.predictor.transformer.layers                              |             10790400 |                        0 |                        0 |       0 |
| model.predictor.transformer.layers.0                            |              1798400 |                        0 |                        0 |       0 |
| model.predictor.transformer.layers.0.attn                       |               787008 |                        0 |                        0 |       0 |
| model.predictor.transformer.layers.0.attn.norm                  |                  384 |                        0 |                        0 |       0 |
| model.predictor.transformer.layers.0.attn.attend                |                    0 |                        0 |                        0 |       0 |
| model.predictor.transformer.layers.0.attn.to_qkv                |               589824 |                        0 |                        0 |       0 |
| model.predictor.transformer.layers.0.attn.to_out                |               196800 |                        0 |                        0 |       0 |
| model.predictor.transformer.layers.0.attn.to_out.0              |               196800 |                        0 |                        0 |       0 |
| model.predictor.transformer.layers.0.attn.to_out.1              |                    0 |                        0 |                        0 |       0 |
| model.predictor.transformer.layers.0.mlp                        |               789056 |                        0 |                        0 |       0 |
| model.predictor.transformer.layers.0.mlp.net                    |               789056 |                        0 |                        0 |       0 |
| model.predictor.transformer.layers.0.mlp.net.0                  |                  384 |                        0 |                        0 |       0 |
| model.predictor.transformer.layers.0.mlp.net.1                  |               395264 |                        0 |                        0 |       0 |
| model.predictor.transformer.layers.0.mlp.net.2                  |                    0 |                        0 |                        0 |       0 |
| model.predictor.transformer.layers.0.mlp.net.3                  |                    0 |                        0 |                        0 |       0 |
| model.predictor.transformer.layers.0.mlp.net.4                  |               393408 |                        0 |                        0 |       0 |
| model.predictor.transformer.layers.0.mlp.net.5                  |                    0 |                        0 |                        0 |       0 |
| model.predictor.transformer.layers.0.norm1                      |                    0 |                        0 |                        0 |       0 |
| model.predictor.transformer.layers.0.norm2                      |                    0 |                        0 |                        0 |       0 |
| model.predictor.transformer.layers.0.adaLN_modulation           |               222336 |                        0 |                        0 |       0 |
| model.predictor.transformer.layers.0.adaLN_modulation.0         |                    0 |                        0 |                        0 |       0 |
| model.predictor.transformer.layers.0.adaLN_modulation.1         |               222336 |                        0 |                        0 |       0 |
| model.predictor.transformer.layers.1                            |              1798400 |                        0 |                        0 |       0 |
| model.predictor.transformer.layers.1.attn                       |               787008 |                        0 |                        0 |       0 |
| model.predictor.transformer.layers.1.attn.norm                  |                  384 |                        0 |                        0 |       0 |
| model.predictor.transformer.layers.1.attn.attend                |                    0 |                        0 |                        0 |       0 |
| model.predictor.transformer.layers.1.attn.to_qkv                |               589824 |                        0 |                        0 |       0 |
| model.predictor.transformer.layers.1.attn.to_out                |               196800 |                        0 |                        0 |       0 |
| model.predictor.transformer.layers.1.attn.to_out.0              |               196800 |                        0 |                        0 |       0 |
| model.predictor.transformer.layers.1.attn.to_out.1              |                    0 |                        0 |                        0 |       0 |
| model.predictor.transformer.layers.1.mlp                        |               789056 |                        0 |                        0 |       0 |
| model.predictor.transformer.layers.1.mlp.net                    |               789056 |                        0 |                        0 |       0 |
| model.predictor.transformer.layers.1.mlp.net.0                  |                  384 |                        0 |                        0 |       0 |
| model.predictor.transformer.layers.1.mlp.net.1                  |               395264 |                        0 |                        0 |       0 |
| model.predictor.transformer.layers.1.mlp.net.2                  |                    0 |                        0 |                        0 |       0 |
| model.predictor.transformer.layers.1.mlp.net.3                  |                    0 |                        0 |                        0 |       0 |
| model.predictor.transformer.layers.1.mlp.net.4                  |               393408 |                        0 |                        0 |       0 |
| model.predictor.transformer.layers.1.mlp.net.5                  |                    0 |                        0 |                        0 |       0 |
| model.predictor.transformer.layers.1.norm1                      |                    0 |                        0 |                        0 |       0 |
| model.predictor.transformer.layers.1.norm2                      |                    0 |                        0 |                        0 |       0 |
| model.predictor.transformer.layers.1.adaLN_modulation           |               222336 |                        0 |                        0 |       0 |
| model.predictor.transformer.layers.1.adaLN_modulation.0         |                    0 |                        0 |                        0 |       0 |
| model.predictor.transformer.layers.1.adaLN_modulation.1         |               222336 |                        0 |                        0 |       0 |
| model.predictor.transformer.layers.2                            |              1798400 |                        0 |                        0 |       0 |
| model.predictor.transformer.layers.2.attn                       |               787008 |                        0 |                        0 |       0 |
| model.predictor.transformer.layers.2.attn.norm                  |                  384 |                        0 |                        0 |       0 |
| model.predictor.transformer.layers.2.attn.attend                |                    0 |                        0 |                        0 |       0 |
| model.predictor.transformer.layers.2.attn.to_qkv                |               589824 |                        0 |                        0 |       0 |
| model.predictor.transformer.layers.2.attn.to_out                |               196800 |                        0 |                        0 |       0 |
| model.predictor.transformer.layers.2.attn.to_out.0              |               196800 |                        0 |                        0 |       0 |
| model.predictor.transformer.layers.2.attn.to_out.1              |                    0 |                        0 |                        0 |       0 |
| model.predictor.transformer.layers.2.mlp                        |               789056 |                        0 |                        0 |       0 |
| model.predictor.transformer.layers.2.mlp.net                    |               789056 |                        0 |                        0 |       0 |
| model.predictor.transformer.layers.2.mlp.net.0                  |                  384 |                        0 |                        0 |       0 |
| model.predictor.transformer.layers.2.mlp.net.1                  |               395264 |                        0 |                        0 |       0 |
| model.predictor.transformer.layers.2.mlp.net.2                  |                    0 |                        0 |                        0 |       0 |
| model.predictor.transformer.layers.2.mlp.net.3                  |                    0 |                        0 |                        0 |       0 |
| model.predictor.transformer.layers.2.mlp.net.4                  |               393408 |                        0 |                        0 |       0 |
| model.predictor.transformer.layers.2.mlp.net.5                  |                    0 |                        0 |                        0 |       0 |
| model.predictor.transformer.layers.2.norm1                      |                    0 |                        0 |                        0 |       0 |
| model.predictor.transformer.layers.2.norm2                      |                    0 |                        0 |                        0 |       0 |
| model.predictor.transformer.layers.2.adaLN_modulation           |               222336 |                        0 |                        0 |       0 |
| model.predictor.transformer.layers.2.adaLN_modulation.0         |                    0 |                        0 |                        0 |       0 |
| model.predictor.transformer.layers.2.adaLN_modulation.1         |               222336 |                        0 |                        0 |       0 |
| model.predictor.transformer.layers.3                            |              1798400 |                        0 |                        0 |       0 |
| model.predictor.transformer.layers.3.attn                       |               787008 |                        0 |                        0 |       0 |
| model.predictor.transformer.layers.3.attn.norm                  |                  384 |                        0 |                        0 |       0 |
| model.predictor.transformer.layers.3.attn.attend                |                    0 |                        0 |                        0 |       0 |
| model.predictor.transformer.layers.3.attn.to_qkv                |               589824 |                        0 |                        0 |       0 |
| model.predictor.transformer.layers.3.attn.to_out                |               196800 |                        0 |                        0 |       0 |
| model.predictor.transformer.layers.3.attn.to_out.0              |               196800 |                        0 |                        0 |       0 |
| model.predictor.transformer.layers.3.attn.to_out.1              |                    0 |                        0 |                        0 |       0 |
| model.predictor.transformer.layers.3.mlp                        |               789056 |                        0 |                        0 |       0 |
| model.predictor.transformer.layers.3.mlp.net                    |               789056 |                        0 |                        0 |       0 |
| model.predictor.transformer.layers.3.mlp.net.0                  |                  384 |                        0 |                        0 |       0 |
| model.predictor.transformer.layers.3.mlp.net.1                  |               395264 |                        0 |                        0 |       0 |
| model.predictor.transformer.layers.3.mlp.net.2                  |                    0 |                        0 |                        0 |       0 |
| model.predictor.transformer.layers.3.mlp.net.3                  |                    0 |                        0 |                        0 |       0 |
| model.predictor.transformer.layers.3.mlp.net.4                  |               393408 |                        0 |                        0 |       0 |
| model.predictor.transformer.layers.3.mlp.net.5                  |                    0 |                        0 |                        0 |       0 |
| model.predictor.transformer.layers.3.norm1                      |                    0 |                        0 |                        0 |       0 |
| model.predictor.transformer.layers.3.norm2                      |                    0 |                        0 |                        0 |       0 |
| model.predictor.transformer.layers.3.adaLN_modulation           |               222336 |                        0 |                        0 |       0 |
| model.predictor.transformer.layers.3.adaLN_modulation.0         |                    0 |                        0 |                        0 |       0 |
| model.predictor.transformer.layers.3.adaLN_modulation.1         |               222336 |                        0 |                        0 |       0 |
| model.predictor.transformer.layers.4                            |              1798400 |                        0 |                        0 |       0 |
| model.predictor.transformer.layers.4.attn                       |               787008 |                        0 |                        0 |       0 |
| model.predictor.transformer.layers.4.attn.norm                  |                  384 |                        0 |                        0 |       0 |
| model.predictor.transformer.layers.4.attn.attend                |                    0 |                        0 |                        0 |       0 |
| model.predictor.transformer.layers.4.attn.to_qkv                |               589824 |                        0 |                        0 |       0 |
| model.predictor.transformer.layers.4.attn.to_out                |               196800 |                        0 |                        0 |       0 |
| model.predictor.transformer.layers.4.attn.to_out.0              |               196800 |                        0 |                        0 |       0 |
| model.predictor.transformer.layers.4.attn.to_out.1              |                    0 |                        0 |                        0 |       0 |
| model.predictor.transformer.layers.4.mlp                        |               789056 |                        0 |                        0 |       0 |
| model.predictor.transformer.layers.4.mlp.net                    |               789056 |                        0 |                        0 |       0 |
| model.predictor.transformer.layers.4.mlp.net.0                  |                  384 |                        0 |                        0 |       0 |
| model.predictor.transformer.layers.4.mlp.net.1                  |               395264 |                        0 |                        0 |       0 |
| model.predictor.transformer.layers.4.mlp.net.2                  |                    0 |                        0 |                        0 |       0 |
| model.predictor.transformer.layers.4.mlp.net.3                  |                    0 |                        0 |                        0 |       0 |
| model.predictor.transformer.layers.4.mlp.net.4                  |               393408 |                        0 |                        0 |       0 |
| model.predictor.transformer.layers.4.mlp.net.5                  |                    0 |                        0 |                        0 |       0 |
| model.predictor.transformer.layers.4.norm1                      |                    0 |                        0 |                        0 |       0 |
| model.predictor.transformer.layers.4.norm2                      |                    0 |                        0 |                        0 |       0 |
| model.predictor.transformer.layers.4.adaLN_modulation           |               222336 |                        0 |                        0 |       0 |
| model.predictor.transformer.layers.4.adaLN_modulation.0         |                    0 |                        0 |                        0 |       0 |
| model.predictor.transformer.layers.4.adaLN_modulation.1         |               222336 |                        0 |                        0 |       0 |
| model.predictor.transformer.layers.5                            |              1798400 |                        0 |                        0 |       0 |
| model.predictor.transformer.layers.5.attn                       |               787008 |                        0 |                        0 |       0 |
| model.predictor.transformer.layers.5.attn.norm                  |                  384 |                        0 |                        0 |       0 |
| model.predictor.transformer.layers.5.attn.attend                |                    0 |                        0 |                        0 |       0 |
| model.predictor.transformer.layers.5.attn.to_qkv                |               589824 |                        0 |                        0 |       0 |
| model.predictor.transformer.layers.5.attn.to_out                |               196800 |                        0 |                        0 |       0 |
| model.predictor.transformer.layers.5.attn.to_out.0              |               196800 |                        0 |                        0 |       0 |
| model.predictor.transformer.layers.5.attn.to_out.1              |                    0 |                        0 |                        0 |       0 |
| model.predictor.transformer.layers.5.mlp                        |               789056 |                        0 |                        0 |       0 |
| model.predictor.transformer.layers.5.mlp.net                    |               789056 |                        0 |                        0 |       0 |
| model.predictor.transformer.layers.5.mlp.net.0                  |                  384 |                        0 |                        0 |       0 |
| model.predictor.transformer.layers.5.mlp.net.1                  |               395264 |                        0 |                        0 |       0 |
| model.predictor.transformer.layers.5.mlp.net.2                  |                    0 |                        0 |                        0 |       0 |
| model.predictor.transformer.layers.5.mlp.net.3                  |                    0 |                        0 |                        0 |       0 |
| model.predictor.transformer.layers.5.mlp.net.4                  |               393408 |                        0 |                        0 |       0 |
| model.predictor.transformer.layers.5.mlp.net.5                  |                    0 |                        0 |                        0 |       0 |
| model.predictor.transformer.layers.5.norm1                      |                    0 |                        0 |                        0 |       0 |
| model.predictor.transformer.layers.5.norm2                      |                    0 |                        0 |                        0 |       0 |
| model.predictor.transformer.layers.5.adaLN_modulation           |               222336 |                        0 |                        0 |       0 |
| model.predictor.transformer.layers.5.adaLN_modulation.0         |                    0 |                        0 |                        0 |       0 |
| model.predictor.transformer.layers.5.adaLN_modulation.1         |               222336 |                        0 |                        0 |       0 |
| model.predictor.transformer.input_proj                          |                    0 |                        0 |                        0 |       0 |
| model.predictor.transformer.cond_proj                           |                    0 |                        0 |                        0 |       0 |
| model.predictor.transformer.output_proj                         |                    0 |                        0 |                        0 |       0 |
| model.action_encoder                                            |               156206 |                        0 |                        0 |       0 |
| model.action_encoder.patch_embed                                |                  110 |                        0 |                        0 |       0 |
| model.action_encoder.embed                                      |               156096 |                        0 |                        0 |       0 |
| model.action_encoder.embed.0                                    |                 8448 |                        0 |                        0 |       0 |
| model.action_encoder.embed.1                                    |                    0 |                        0 |                        0 |       0 |
| model.action_encoder.embed.2                                    |               147648 |                        0 |                        0 |       0 |
| model.projector                                                 |               792768 |                        0 |                        0 |    4097 |
| model.projector.net                                             |               792768 |                        0 |                        0 |    4097 |
| model.projector.net.0                                           |               395264 |                        0 |                        0 |       0 |
| model.projector.net.1                                           |                 4096 |                        0 |                        0 |    4097 |
| model.projector.net.2                                           |                    0 |                        0 |                        0 |       0 |
| model.projector.net.3                                           |               393408 |                        0 |                        0 |       0 |
| model.pred_proj                                                 |               792768 |                        0 |                        0 |    4097 |
| model.pred_proj.net                                             |               792768 |                        0 |                        0 |    4097 |
| model.pred_proj.net.0                                           |               395264 |                        0 |                        0 |       0 |
| model.pred_proj.net.1                                           |                 4096 |                        0 |                        0 |    4097 |
| model.pred_proj.net.2                                           |                    0 |                        0 |                        0 |       0 |
| model.pred_proj.net.3                                           |               393408 |                        0 |                        0 |       0 |
| sigreg                                                          |                    0 |                        0 |                        0 |      51 |
+-----------------------------------------------------------------+----------------------+--------------------------+--------------------------+---------+
00:44:46.174 | INFO    (9612, stable_pretraining.callbacks.trainer_info) | ---- SLURM INFO ---- 🔧
00:44:46.174 | INFO    (9612, stable_pretraining.callbacks.trainer_info) | Job ID: N/A
00:44:46.174 | INFO    (9612, stable_pretraining.callbacks.trainer_info) | Task ID: N/A
00:44:46.174 | INFO    (9612, stable_pretraining.callbacks.trainer_info) | Job Name: N/A
00:44:46.175 | INFO    (9612, stable_pretraining.callbacks.trainer_info) | Nodes: N/A
00:44:46.175 | INFO    (9612, stable_pretraining.callbacks.trainer_info) | Tasks: N/A
00:44:46.175 | INFO    (9612, stable_pretraining.callbacks.trainer_info) | CPUs per node: N/A
00:44:46.175 | INFO    (9612, stable_pretraining.callbacks.trainer_info) | CPUs per task: N/A
00:44:46.175 | INFO    (9612, stable_pretraining.callbacks.trainer_info) | Memory per node: N/A
00:44:46.175 | INFO    (9612, stable_pretraining.callbacks.trainer_info) | Memory per CPU: N/A
00:44:46.175 | INFO    (9612, stable_pretraining.callbacks.trainer_info) | Time limit: N/A
00:44:46.175 | INFO    (9612, stable_pretraining.callbacks.trainer_info) | Partition: N/A
00:44:46.175 | INFO    (9612, stable_pretraining.callbacks.trainer_info) | Node List: N/A
00:44:46.175 | INFO    (9612, stable_pretraining.callbacks.trainer_info) | Submit Directory: N/A
00:44:46.175 | INFO    (9612, stable_pretraining.callbacks.cpu_offload) | CPUOffloadCallback: Setup called for stage 'fit'
00:44:46.175 | INFO    (9612, stable_pretraining.callbacks.cpu_offload) |   - Trainer rank: 0/1
00:44:46.175 | INFO    (9612, stable_pretraining.callbacks.cpu_offload) |   - Strategy: SingleDeviceStrategy
00:44:46.175 | SUCCESS (9612, stable_pretraining.callbacks.cpu_offload) | ✓ Strategy 'SingleDeviceStrategy' is compatible with CPU offload
00:44:46.175 | SUCCESS (9612, stable_pretraining.callbacks.cpu_offload) | ✓ CPUOffloadCallback ENABLED for strategy 'SingleDeviceStrategy'
00:44:46.175 | INFO    (9612, stable_pretraining.callbacks.cpu_offload) |   - This rank will handle checkpoint saving and CPU offload
/workspace/projects/jepa_onchain/.venv/lib/python3.10/site-packages/lightning/pytorch/callbacks/model_checkpoint.py:881: Checkpoint directory /dev/shm/.stable_worldmodel exists and is not empty.
LOCAL_RANK: 0 - CUDA_VISIBLE_DEVICES: [0]
00:44:46.344 | INFO    (9612, stable_pretraining.module) | Configuring optimizers and learning rate schedulers...
00:44:46.344 | INFO    (9612, stable_pretraining.module) | 	Optimizer specified by Dict with keys ['model_opt']... 🔧
00:44:46.346 | INFO    (9612, stable_pretraining.module) | 
┏━━━━━━━━━━━━━┳━━━━━━━━━━━┳━━━━━━━━━━━━━━━━━━━┳━━━━━━━━━━━━━━━━━┳━━━━━━━━━━━━━━━━┳━━━━━━━━━━━━━━━━━━━━━━━━┓
┃ Optimizer   ┃ Pattern   ┃   Matched Modules ┃   Param Tensors ┃   Total Params ┃   RequiresGrad Tensors ┃
┣━━━━━━━━━━━━━╋━━━━━━━━━━━╋━━━━━━━━━━━━━━━━━━━╋━━━━━━━━━━━━━━━━━╋━━━━━━━━━━━━━━━━╋━━━━━━━━━━━━━━━━━━━━━━━━┫
┃ model_opt   ┃ model     ┃               365 ┃             297 ┃       18034478 ┃                    297 ┃
┗━━━━━━━━━━━━━┻━━━━━━━━━━━┻━━━━━━━━━━━━━━━━━━━┻━━━━━━━━━━━━━━━━━┻━━━━━━━━━━━━━━━━┻━━━━━━━━━━━━━━━━━━━━━━━━┛
00:44:46.347 | INFO    (9612, stable_pretraining.optim.lr_scheduler) | 	User provided a dict
Loading `train_dataloader` to estimate number of stepping batches.
00:44:46.666 | INFO    (9612, stable_pretraining.module) | Configured optimizer 'model_opt' (modules=365, param_tensors=297, total_params=18034478) with LinearWarmupCosineAnnealingLR scheduler.
/workspace/projects/jepa_onchain/.venv/lib/python3.10/site-packages/lightning/pytorch/utilities/model_summary/model_summary.py:242: Precision bf16-mixed is not supported by the model summary.  Estimated model size in MB will not be accurate. Using 32 bits instead.
00:44:46.672 | WARNING (9612, stable_pretraining.module) | You are calling self.parameters which also gives callbacks parameters, to remove then, pass `with_callbacks=False`
00:44:46.674 | WARNING (9612, stable_pretraining.module) | You are calling self.parameters which also gives callbacks parameters, to remove then, pass `with_callbacks=False`
00:44:46.675 | WARNING (9612, stable_pretraining.module) | You are calling self.parameters which also gives callbacks parameters, to remove then, pass `with_callbacks=False`
00:44:46.676 | WARNING (9612, stable_pretraining.module) | You are calling self.parameters which also gives callbacks parameters, to remove then, pass `with_callbacks=False`
┏━━━┳━━━━━━━━━━━━━━━━━━━┳━━━━━━━━━━━━┳━━━━━━━━┳━━━━━━━┳━━━━━━━┓
┃   ┃ Name              ┃ Type       ┃ Params ┃ Mode  ┃ FLOPs ┃
┡━━━╇━━━━━━━━━━━━━━━━━━━╇━━━━━━━━━━━━╇━━━━━━━━╇━━━━━━━╇━━━━━━━┩
│ 0 │ callbacks_modules │ ModuleDict │      0 │ train │     0 │
│ 1 │ callbacks_metrics │ ModuleDict │      0 │ train │     0 │
│ 2 │ model             │ JEPA       │ 18.0 M │ train │     0 │
│ 3 │ sigreg            │ SIGReg     │      0 │ train │     0 │
└───┴───────────────────┴────────────┴────────┴───────┴───────┘
Trainable params: 18.0 M                                                        
Non-trainable params: 0                                                         
Total params: 18.0 M                                                            
Total estimated model params size (MB): 72                                      
Modules in train mode: 368                                                      
Modules in eval mode: 0                                                         
Total FLOPs: 0                                                                  
00:44:46.700 | WARNING (9612, stable_pretraining.module) | You are calling self.parameters which also gives callbacks parameters, to remove then, pass `with_callbacks=False`
00:44:48.620 | SUCCESS (9612, stable_pretraining.callbacks.env_info) |   ✓ Packages: 131 packages collected in 2.46s
00:44:48.664 | SUCCESS (9612, stable_pretraining.callbacks.env_info) |   ✓ NVIDIA Driver: 550.127.05
00:44:48.782 | SUCCESS (9612, stable_pretraining.callbacks.env_info) |   ✓ Git: main @ ca231f9f
00:44:48.782 | INFO    (9612, stable_pretraining.callbacks.env_info) |      Remote: https://github.com/lucas-maes/le-wm.git
00:44:48.782 | WARNING (9612, stable_pretraining.callbacks.env_info) |      ⚠️  Working directory has uncommitted changes!
00:44:48.782 | SUCCESS (9612, stable_pretraining.callbacks.env_info) |   ✓ Environment: 3 relevant variables captured
00:44:48.782 | INFO    (9612, stable_pretraining.callbacks.env_info) | 🔄 Serializing environment data...
00:44:48.783 | INFO    (9612, stable_pretraining.callbacks.env_info) | 📁 Save directory: /root/le-wm-out
00:44:48.784 | INFO    (9612, stable_pretraining.callbacks.env_info) | 💾 Writing environment to temp file...
00:44:48.789 | INFO    (9612, stable_pretraining.callbacks.env_info) | 💾 Moving to: environment.json
00:44:48.789 | SUCCESS (9612, stable_pretraining.callbacks.env_info) | ✓ Environment file saved (7.8 KB)
00:44:48.790 | SUCCESS (9612, stable_pretraining.callbacks.env_info) | ✓ Requirements file saved (2.4 KB)
/workspace/projects/jepa_onchain/.venv/lib/python3.10/site-packages/lightning/pytorch/utilities/data.py:79: Trying to infer the `batch_size` from an ambiguous collection. The batch size we found is 128. To avoid any miscalculations, use `self.log(..., batch_size=batch_size)`.
00:45:02.564 | INFO    (9612, stable_pretraining.callbacks.trainer_info) | \n+----------------------------+---------------------+
|           Metric           |        Value        |
+----------------------------+---------------------+
|       [0;34;40mvalidate/loss[0m        |   [0;32;40m5.11218786239624[0m  |
|    [0;34;40mvalidate/loss_epoch[0m     |   [0;32;40m5.11218786239624[0m  |
|     [0;34;40mvalidate/pred_loss[0m     | [0;32;40m0.08093779534101486[0m |
|  [0;34;40mvalidate/pred_loss_epoch[0m  | [0;32;40m0.08093779534101486[0m |
|    [0;34;40mvalidate/sigreg_loss[0m    |         [0;32;40m56.0[0m        |
| [0;34;40mvalidate/sigreg_loss_epoch[0m |         [0;32;40m56.0[0m        |
+----------------------------+---------------------+
00:45:02.568 | INFO    (9612, stable_pretraining.callbacks.cpu_offload) | CPUOffloadCallback: Training started
00:45:02.568 | WARNING (9612, stable_pretraining.module) | You are calling self.parameters which also gives callbacks parameters, to remove then, pass `with_callbacks=False`
00:45:02.570 | WARNING (9612, stable_pretraining.module) | You are calling self.parameters which also gives callbacks parameters, to remove then, pass `with_callbacks=False`
00:45:02.571 | INFO    (9612, stable_pretraining.callbacks.cpu_offload) | Model statistics:
00:45:02.571 | INFO    (9612, stable_pretraining.callbacks.cpu_offload) |   - Total parameters: 18,034,478
00:45:02.571 | INFO    (9612, stable_pretraining.callbacks.cpu_offload) |   - Trainable parameters: 18,034,478
00:45:02.572 | INFO    (9612, stable_pretraining.callbacks.cpu_offload) |   - Model size (bf16): ~0.04 GB
00:45:02.572 | INFO    (9612, stable_pretraining.callbacks.cpu_offload) |   - Estimated checkpoint size (with optimizer): ~0.11 GB
00:45:02.572 | INFO    (9612, stable_pretraining.module) | Double checking optimizers!
00:45:02.572 | INFO    (9612, stable_pretraining.module) | `self.optimizers() gave us 1 optimizers
00:45:02.573 | WARNING (9612, stable_pretraining.module) | No clip val found for optimizer default_0
00:45:02.573 | WARNING (9612, stable_pretraining.module) | -> we will use the Trainer's value of 1.0
00:45:02.573 | WARNING (9612, stable_pretraining.module) | No clip algorithm found for optimizer default_0
00:45:02.573 | WARNING (9612, stable_pretraining.module) | -> we will use the Trainer's value of None
00:45:02.573 | SUCCESS (9612, stable_pretraining.module) | We are done checking your optimizers! Here is the summary:
+------------+-----------+----------------+-----------+-----------+
| Opt. Index | Opt. name |      opt       | clip val. | clip alg. |
+------------+-----------+----------------+-----------+-----------+
|     0      | default_0 | LightningAdamW |    1.0    |    None   |
+------------+-----------+----------------+-----------+-----------+
00:45:02.576 | WARNING (9612, stable_pretraining.module) | You are calling self.parameters which also gives callbacks parameters, to remove then, pass `with_callbacks=False`
00:45:02.579 | INFO    (9612, stable_pretraining.callbacks.unused_parameters) | [LogUnusedParametersOnce] Registered hooks on 297 leaf parameters.
00:45:03.377 | WARNING (9612, stable_pretraining.module) | You are calling self.parameters which also gives callbacks parameters, to remove then, pass `with_callbacks=False`
00:45:03.379 | INFO    (9612, stable_pretraining.callbacks.unused_parameters) | [LogUnusedParametersOnce] All tracked parameters received gradients on the first backward pass.
00:45:03.380 | INFO    (9612, stable_pretraining.callbacks.unused_parameters) | [LogUnusedParametersOnce] Hooks removed, callback disabled.
01:03:46.365 | WARNING (9612, stable_pretraining.module) | You are calling self.parameters which also gives callbacks parameters, to remove then, pass `with_callbacks=False`
/workspace/projects/jepa_onchain/.venv/lib/python3.10/site-packages/lightning/pytorch/utilities/data.py:79: Trying to infer the `batch_size` from an ambiguous collection. The batch size we found is 120. To avoid any miscalculations, use `self.log(..., batch_size=batch_size)`.
01:05:09.492 | INFO    (9612, stable_pretraining.callbacks.trainer_info) | \n+----------------------------+----------------------+
|           Metric           |        Value         |
+----------------------------+----------------------+
|          [0;34;40mfit/loss[0m          |  [0;32;40m0.2472417652606964[0m  |
|       [0;34;40mfit/pred_loss[0m        | [0;32;40m0.035327695310115814[0m |
|      [0;34;40mfit/sigreg_loss[0m       |       [0;32;40m2.359375[0m       |
|       [0;34;40mvalidate/loss[0m        |  [0;32;40m2.5816075801849365[0m  |
|    [0;34;40mvalidate/loss_epoch[0m     |  [0;32;40m2.5816075801849365[0m  |
|     [0;34;40mvalidate/pred_loss[0m     |  [0;32;40m0.4467427730560303[0m  |
|  [0;34;40mvalidate/pred_loss_epoch[0m  |  [0;32;40m0.4467427730560303[0m  |
|    [0;34;40mvalidate/sigreg_loss[0m    |  [0;32;40m23.71906089782715[0m   |
| [0;34;40mvalidate/sigreg_loss_epoch[0m |  [0;32;40m23.71906089782715[0m   |
+----------------------------+----------------------+
01:05:09.621 | INFO    (9612, stable_pretraining.callbacks.checkpoint_sklearn) | Checking for non PyTorch modules to save... 🔧
01:05:09.622 | INFO    (9612, stable_pretraining.callbacks.checkpoint_sklearn) | Checking for Wandb params to save... 🔧
01:05:09.622 | INFO    (9612, stable_pretraining.callbacks.checkpoint_sklearn) | Checking for Wandb params to save... Done!
01:05:09.622 | INFO    (9612, stable_pretraining.callbacks.cpu_offload) | ============================================================
01:05:09.622 | INFO    (9612, stable_pretraining.callbacks.cpu_offload) | CPUOffloadCallback: Starting checkpoint CPU offload (#1)
01:05:09.622 | INFO    (9612, stable_pretraining.callbacks.cpu_offload) |   - Global step: 5138
01:05:09.622 | INFO    (9612, stable_pretraining.callbacks.cpu_offload) |   - Epoch: 0
01:05:09.622 | INFO    (9612, stable_pretraining.callbacks.cpu_offload) | Checkpoint contains 10 keys: ['callbacks', 'epoch', 'global_step', 'hparams_name', 'hyper_parameters', 'loops', 'lr_schedulers', 'optimizer_states', 'pytorch-lightning_version', 'state_dict']
01:05:09.623 | INFO    (9612, stable_pretraining.callbacks.cpu_offload) | GPU memory before offload:
01:05:09.623 | INFO    (9612, stable_pretraining.callbacks.cpu_offload) |   - Allocated: 0.24 GB
01:05:09.623 | INFO    (9612, stable_pretraining.callbacks.cpu_offload) |   - Reserved: 14.37 GB
01:05:09.623 | INFO    (9612, stable_pretraining.callbacks.cpu_offload) | Processing checkpoint key: 'state_dict'
01:05:09.699 | SUCCESS (9612, stable_pretraining.callbacks.cpu_offload) | ✓ Completed 'state_dict' in 0.08s
01:05:09.700 | INFO    (9612, stable_pretraining.callbacks.cpu_offload) | Processing checkpoint key: 'optimizer_states'
01:05:09.853 | SUCCESS (9612, stable_pretraining.callbacks.cpu_offload) | ✓ Completed 'optimizer_states' in 0.15s
01:05:09.853 | INFO    (9612, stable_pretraining.callbacks.cpu_offload) | Processing checkpoint key: 'lr_schedulers'
01:05:09.853 | SUCCESS (9612, stable_pretraining.callbacks.cpu_offload) | ✓ Completed 'lr_schedulers' in 0.00s
01:05:09.853 | WARNING (9612, stable_pretraining.callbacks.cpu_offload) | Skipped 319 custom object(s)
01:05:09.853 | WARNING (9612, stable_pretraining.callbacks.cpu_offload) | First 10 skipped objects:
01:05:09.853 | WARNING (9612, stable_pretraining.callbacks.cpu_offload) |   - float at 'optimizer_states[0].param_groups[0].lr'
01:05:09.853 | WARNING (9612, stable_pretraining.callbacks.cpu_offload) |   - float at 'optimizer_states[0].param_groups[0].betas[0]'
01:05:09.853 | WARNING (9612, stable_pretraining.callbacks.cpu_offload) |   - float at 'optimizer_states[0].param_groups[0].betas[1]'
01:05:09.853 | WARNING (9612, stable_pretraining.callbacks.cpu_offload) |   - float at 'optimizer_states[0].param_groups[0].eps'
01:05:09.853 | WARNING (9612, stable_pretraining.callbacks.cpu_offload) |   - float at 'optimizer_states[0].param_groups[0].weight_decay'
01:05:09.854 | WARNING (9612, stable_pretraining.callbacks.cpu_offload) |   - bool at 'optimizer_states[0].param_groups[0].amsgrad'
01:05:09.854 | WARNING (9612, stable_pretraining.callbacks.cpu_offload) |   - NoneType at 'optimizer_states[0].param_groups[0].foreach'
01:05:09.854 | WARNING (9612, stable_pretraining.callbacks.cpu_offload) |   - bool at 'optimizer_states[0].param_groups[0].maximize'
01:05:09.854 | WARNING (9612, stable_pretraining.callbacks.cpu_offload) |   - bool at 'optimizer_states[0].param_groups[0].capturable'
01:05:09.854 | WARNING (9612, stable_pretraining.callbacks.cpu_offload) |   - bool at 'optimizer_states[0].param_groups[0].differentiable'
01:05:09.854 | WARNING (9612, stable_pretraining.callbacks.cpu_offload) | ... (299 more skipped) ...
01:05:09.854 | WARNING (9612, stable_pretraining.callbacks.cpu_offload) | Last 10 skipped objects:
01:05:09.854 | WARNING (9612, stable_pretraining.callbacks.cpu_offload) |   - int at 'lr_schedulers[0].warmup_steps'
01:05:09.854 | WARNING (9612, stable_pretraining.callbacks.cpu_offload) |   - int at 'lr_schedulers[0].max_steps'
01:05:09.854 | WARNING (9612, stable_pretraining.callbacks.cpu_offload) |   - float at 'lr_schedulers[0].warmup_start_lr'
01:05:09.854 | WARNING (9612, stable_pretraining.callbacks.cpu_offload) |   - float at 'lr_schedulers[0].eta_min'
01:05:09.854 | WARNING (9612, stable_pretraining.callbacks.cpu_offload) |   - float at 'lr_schedulers[0].base_lrs[0]'
01:05:09.854 | WARNING (9612, stable_pretraining.callbacks.cpu_offload) |   - int at 'lr_schedulers[0].last_epoch'
01:05:09.855 | WARNING (9612, stable_pretraining.callbacks.cpu_offload) |   - bool at 'lr_schedulers[0].verbose'
01:05:09.855 | WARNING (9612, stable_pretraining.callbacks.cpu_offload) |   - int at 'lr_schedulers[0]._step_count'
01:05:09.855 | WARNING (9612, stable_pretraining.callbacks.cpu_offload) |   - bool at 'lr_schedulers[0]._get_lr_called_within_step'
01:05:09.855 | WARNING (9612, stable_pretraining.callbacks.cpu_offload) |   - float at 'lr_schedulers[0]._last_lr[0]'
01:05:09.855 | INFO    (9612, stable_pretraining.callbacks.cpu_offload) | To see all 319 skipped objects, set log_skipped=True
01:05:09.855 | INFO    (9612, stable_pretraining.callbacks.cpu_offload) | GPU memory after offload:
01:05:09.855 | INFO    (9612, stable_pretraining.callbacks.cpu_offload) |   - Allocated: 0.24 GB
01:05:09.855 | INFO    (9612, stable_pretraining.callbacks.cpu_offload) |   - Reserved: 14.37 GB
01:05:09.856 | INFO    (9612, stable_pretraining.callbacks.cpu_offload) | GPU memory freed: 0.00 GB
01:05:09.856 | SUCCESS (9612, stable_pretraining.callbacks.cpu_offload) | CPUOffloadCallback: Checkpoint #1 completed in 0.23s
01:05:09.856 | INFO    (9612, stable_pretraining.callbacks.cpu_offload) | Successfully processed keys: ['state_dict', 'optimizer_states', 'lr_schedulers']
01:05:09.856 | INFO    (9612, stable_pretraining.callbacks.cpu_offload) | Cumulative stats:
01:05:09.856 | INFO    (9612, stable_pretraining.callbacks.cpu_offload) |   - Total checkpoints saved: 1
01:05:09.856 | INFO    (9612, stable_pretraining.callbacks.cpu_offload) |   - Total time in offload: 0.23s
01:05:09.856 | INFO    (9612, stable_pretraining.callbacks.cpu_offload) |   - Total memory freed: 0.00 GB
01:05:09.856 | INFO    (9612, stable_pretraining.callbacks.cpu_offload) |   - Average time per checkpoint: 0.23s
01:05:09.856 | INFO    (9612, stable_pretraining.callbacks.cpu_offload) | ============================================================
01:05:10.201 | INFO    (9612, stable_pretraining.callbacks.checkpoint_sklearn) | Checking for non PyTorch modules to save... 🔧
01:05:10.201 | INFO    (9612, stable_pretraining.callbacks.checkpoint_sklearn) | Checking for Wandb params to save... 🔧
01:05:10.201 | INFO    (9612, stable_pretraining.callbacks.checkpoint_sklearn) | Checking for Wandb params to save... Done!
01:05:10.201 | INFO    (9612, stable_pretraining.callbacks.cpu_offload) | ============================================================
01:05:10.201 | INFO    (9612, stable_pretraining.callbacks.cpu_offload) | CPUOffloadCallback: Starting checkpoint CPU offload (#2)
01:05:10.201 | INFO    (9612, stable_pretraining.callbacks.cpu_offload) |   - Global step: 5138
01:05:10.201 | INFO    (9612, stable_pretraining.callbacks.cpu_offload) |   - Epoch: 0
01:05:10.201 | INFO    (9612, stable_pretraining.callbacks.cpu_offload) | Checkpoint contains 10 keys: ['callbacks', 'epoch', 'global_step', 'hparams_name', 'hyper_parameters', 'loops', 'lr_schedulers', 'optimizer_states', 'pytorch-lightning_version', 'state_dict']
01:05:10.202 | INFO    (9612, stable_pretraining.callbacks.cpu_offload) | GPU memory before offload:
01:05:10.202 | INFO    (9612, stable_pretraining.callbacks.cpu_offload) |   - Allocated: 0.24 GB
01:05:10.202 | INFO    (9612, stable_pretraining.callbacks.cpu_offload) |   - Reserved: 14.37 GB
01:05:10.202 | INFO    (9612, stable_pretraining.callbacks.cpu_offload) | Processing checkpoint key: 'state_dict'
01:05:10.215 | SUCCESS (9612, stable_pretraining.callbacks.cpu_offload) | ✓ Completed 'state_dict' in 0.01s
01:05:10.215 | INFO    (9612, stable_pretraining.callbacks.cpu_offload) | Processing checkpoint key: 'optimizer_states'
01:05:10.358 | SUCCESS (9612, stable_pretraining.callbacks.cpu_offload) | ✓ Completed 'optimizer_states' in 0.14s
01:05:10.358 | INFO    (9612, stable_pretraining.callbacks.cpu_offload) | Processing checkpoint key: 'lr_schedulers'
01:05:10.358 | SUCCESS (9612, stable_pretraining.callbacks.cpu_offload) | ✓ Completed 'lr_schedulers' in 0.00s
01:05:10.358 | WARNING (9612, stable_pretraining.callbacks.cpu_offload) | Skipped 319 custom object(s)
01:05:10.358 | WARNING (9612, stable_pretraining.callbacks.cpu_offload) | First 10 skipped objects:
01:05:10.358 | WARNING (9612, stable_pretraining.callbacks.cpu_offload) |   - float at 'optimizer_states[0].param_groups[0].lr'
01:05:10.358 | WARNING (9612, stable_pretraining.callbacks.cpu_offload) |   - float at 'optimizer_states[0].param_groups[0].betas[0]'
01:05:10.358 | WARNING (9612, stable_pretraining.callbacks.cpu_offload) |   - float at 'optimizer_states[0].param_groups[0].betas[1]'
01:05:10.358 | WARNING (9612, stable_pretraining.callbacks.cpu_offload) |   - float at 'optimizer_states[0].param_groups[0].eps'
01:05:10.358 | WARNING (9612, stable_pretraining.callbacks.cpu_offload) |   - float at 'optimizer_states[0].param_groups[0].weight_decay'
01:05:10.358 | WARNING (9612, stable_pretraining.callbacks.cpu_offload) |   - bool at 'optimizer_states[0].param_groups[0].amsgrad'
01:05:10.358 | WARNING (9612, stable_pretraining.callbacks.cpu_offload) |   - NoneType at 'optimizer_states[0].param_groups[0].foreach'
01:05:10.358 | WARNING (9612, stable_pretraining.callbacks.cpu_offload) |   - bool at 'optimizer_states[0].param_groups[0].maximize'
01:05:10.358 | WARNING (9612, stable_pretraining.callbacks.cpu_offload) |   - bool at 'optimizer_states[0].param_groups[0].capturable'
01:05:10.358 | WARNING (9612, stable_pretraining.callbacks.cpu_offload) |   - bool at 'optimizer_states[0].param_groups[0].differentiable'
01:05:10.358 | WARNING (9612, stable_pretraining.callbacks.cpu_offload) | ... (299 more skipped) ...
01:05:10.358 | WARNING (9612, stable_pretraining.callbacks.cpu_offload) | Last 10 skipped objects:
01:05:10.359 | WARNING (9612, stable_pretraining.callbacks.cpu_offload) |   - int at 'lr_schedulers[0].warmup_steps'
01:05:10.359 | WARNING (9612, stable_pretraining.callbacks.cpu_offload) |   - int at 'lr_schedulers[0].max_steps'
01:05:10.359 | WARNING (9612, stable_pretraining.callbacks.cpu_offload) |   - float at 'lr_schedulers[0].warmup_start_lr'
01:05:10.359 | WARNING (9612, stable_pretraining.callbacks.cpu_offload) |   - float at 'lr_schedulers[0].eta_min'
01:05:10.359 | WARNING (9612, stable_pretraining.callbacks.cpu_offload) |   - float at 'lr_schedulers[0].base_lrs[0]'
01:05:10.359 | WARNING (9612, stable_pretraining.callbacks.cpu_offload) |   - int at 'lr_schedulers[0].last_epoch'
01:05:10.359 | WARNING (9612, stable_pretraining.callbacks.cpu_offload) |   - bool at 'lr_schedulers[0].verbose'
01:05:10.359 | WARNING (9612, stable_pretraining.callbacks.cpu_offload) |   - int at 'lr_schedulers[0]._step_count'
01:05:10.359 | WARNING (9612, stable_pretraining.callbacks.cpu_offload) |   - bool at 'lr_schedulers[0]._get_lr_called_within_step'
01:05:10.359 | WARNING (9612, stable_pretraining.callbacks.cpu_offload) |   - float at 'lr_schedulers[0]._last_lr[0]'
01:05:10.359 | INFO    (9612, stable_pretraining.callbacks.cpu_offload) | To see all 319 skipped objects, set log_skipped=True
01:05:10.359 | INFO    (9612, stable_pretraining.callbacks.cpu_offload) | GPU memory after offload:
01:05:10.359 | INFO    (9612, stable_pretraining.callbacks.cpu_offload) |   - Allocated: 0.24 GB
01:05:10.359 | INFO    (9612, stable_pretraining.callbacks.cpu_offload) |   - Reserved: 14.37 GB
01:05:10.360 | INFO    (9612, stable_pretraining.callbacks.cpu_offload) | GPU memory freed: 0.00 GB
01:05:10.360 | SUCCESS (9612, stable_pretraining.callbacks.cpu_offload) | CPUOffloadCallback: Checkpoint #2 completed in 0.16s
01:05:10.360 | INFO    (9612, stable_pretraining.callbacks.cpu_offload) | Successfully processed keys: ['state_dict', 'optimizer_states', 'lr_schedulers']
01:05:10.360 | INFO    (9612, stable_pretraining.callbacks.cpu_offload) | Cumulative stats:
01:05:10.360 | INFO    (9612, stable_pretraining.callbacks.cpu_offload) |   - Total checkpoints saved: 2
01:05:10.360 | INFO    (9612, stable_pretraining.callbacks.cpu_offload) |   - Total time in offload: 0.39s
01:05:10.360 | INFO    (9612, stable_pretraining.callbacks.cpu_offload) |   - Total memory freed: 0.00 GB
01:05:10.360 | INFO    (9612, stable_pretraining.callbacks.cpu_offload) |   - Average time per checkpoint: 0.20s
01:05:10.360 | INFO    (9612, stable_pretraining.callbacks.cpu_offload) | ============================================================
01:24:02.295 | WARNING (9612, stable_pretraining.module) | You are calling self.parameters which also gives callbacks parameters, to remove then, pass `with_callbacks=False`
01:25:45.853 | INFO    (9612, stable_pretraining.callbacks.trainer_info) | \n+----------------------------+---------------------+
|           Metric           |        Value        |
+----------------------------+---------------------+
|          [0;34;40mfit/loss[0m          | [0;32;40m0.21830278635025024[0m |
|       [0;34;40mfit/pred_loss[0m        | [0;32;40m0.03666216507554054[0m |
|      [0;34;40mfit/sigreg_loss[0m       |       [0;32;40m2.015625[0m      |
|       [0;34;40mvalidate/loss[0m        |  [0;32;40m8.241360664367676[0m  |
|    [0;34;40mvalidate/loss_epoch[0m     |  [0;32;40m8.241360664367676[0m  |
|     [0;34;40mvalidate/pred_loss[0m     |  [0;32;40m1.821225881576538[0m  |
|  [0;34;40mvalidate/pred_loss_epoch[0m  |  [0;32;40m1.821225881576538[0m  |
|    [0;34;40mvalidate/sigreg_loss[0m    |   [0;32;40m71.3449935913086[0m  |
| [0;34;40mvalidate/sigreg_loss_epoch[0m |   [0;32;40m71.3449935913086[0m  |
+----------------------------+---------------------+
01:25:45.973 | INFO    (9612, stable_pretraining.callbacks.checkpoint_sklearn) | Checking for non PyTorch modules to save... 🔧
01:25:45.974 | INFO    (9612, stable_pretraining.callbacks.checkpoint_sklearn) | Checking for Wandb params to save... 🔧
01:25:45.974 | INFO    (9612, stable_pretraining.callbacks.checkpoint_sklearn) | Checking for Wandb params to save... Done!
01:25:45.974 | INFO    (9612, stable_pretraining.callbacks.cpu_offload) | ============================================================
01:25:45.974 | INFO    (9612, stable_pretraining.callbacks.cpu_offload) | CPUOffloadCallback: Starting checkpoint CPU offload (#3)
01:25:45.974 | INFO    (9612, stable_pretraining.callbacks.cpu_offload) |   - Global step: 10276
01:25:45.974 | INFO    (9612, stable_pretraining.callbacks.cpu_offload) |   - Epoch: 1
01:25:45.975 | INFO    (9612, stable_pretraining.callbacks.cpu_offload) | Checkpoint contains 10 keys: ['callbacks', 'epoch', 'global_step', 'hparams_name', 'hyper_parameters', 'loops', 'lr_schedulers', 'optimizer_states', 'pytorch-lightning_version', 'state_dict']
01:25:45.975 | INFO    (9612, stable_pretraining.callbacks.cpu_offload) | GPU memory before offload:
01:25:45.975 | INFO    (9612, stable_pretraining.callbacks.cpu_offload) |   - Allocated: 0.24 GB
01:25:45.975 | INFO    (9612, stable_pretraining.callbacks.cpu_offload) |   - Reserved: 14.37 GB
01:25:45.975 | INFO    (9612, stable_pretraining.callbacks.cpu_offload) | Processing checkpoint key: 'state_dict'
01:25:46.040 | SUCCESS (9612, stable_pretraining.callbacks.cpu_offload) | ✓ Completed 'state_dict' in 0.06s
01:25:46.040 | INFO    (9612, stable_pretraining.callbacks.cpu_offload) | Processing checkpoint key: 'optimizer_states'
01:25:46.198 | SUCCESS (9612, stable_pretraining.callbacks.cpu_offload) | ✓ Completed 'optimizer_states' in 0.16s
01:25:46.198 | INFO    (9612, stable_pretraining.callbacks.cpu_offload) | Processing checkpoint key: 'lr_schedulers'
01:25:46.198 | SUCCESS (9612, stable_pretraining.callbacks.cpu_offload) | ✓ Completed 'lr_schedulers' in 0.00s
01:25:46.198 | WARNING (9612, stable_pretraining.callbacks.cpu_offload) | Skipped 319 custom object(s)
01:25:46.198 | WARNING (9612, stable_pretraining.callbacks.cpu_offload) | First 10 skipped objects:
01:25:46.199 | WARNING (9612, stable_pretraining.callbacks.cpu_offload) |   - float at 'optimizer_states[0].param_groups[0].lr'
01:25:46.199 | WARNING (9612, stable_pretraining.callbacks.cpu_offload) |   - float at 'optimizer_states[0].param_groups[0].betas[0]'
01:25:46.199 | WARNING (9612, stable_pretraining.callbacks.cpu_offload) |   - float at 'optimizer_states[0].param_groups[0].betas[1]'
01:25:46.199 | WARNING (9612, stable_pretraining.callbacks.cpu_offload) |   - float at 'optimizer_states[0].param_groups[0].eps'
01:25:46.199 | WARNING (9612, stable_pretraining.callbacks.cpu_offload) |   - float at 'optimizer_states[0].param_groups[0].weight_decay'
01:25:46.199 | WARNING (9612, stable_pretraining.callbacks.cpu_offload) |   - bool at 'optimizer_states[0].param_groups[0].amsgrad'
01:25:46.199 | WARNING (9612, stable_pretraining.callbacks.cpu_offload) |   - NoneType at 'optimizer_states[0].param_groups[0].foreach'
01:25:46.199 | WARNING (9612, stable_pretraining.callbacks.cpu_offload) |   - bool at 'optimizer_states[0].param_groups[0].maximize'
01:25:46.199 | WARNING (9612, stable_pretraining.callbacks.cpu_offload) |   - bool at 'optimizer_states[0].param_groups[0].capturable'
01:25:46.199 | WARNING (9612, stable_pretraining.callbacks.cpu_offload) |   - bool at 'optimizer_states[0].param_groups[0].differentiable'
01:25:46.199 | WARNING (9612, stable_pretraining.callbacks.cpu_offload) | ... (299 more skipped) ...
01:25:46.199 | WARNING (9612, stable_pretraining.callbacks.cpu_offload) | Last 10 skipped objects:
01:25:46.199 | WARNING (9612, stable_pretraining.callbacks.cpu_offload) |   - int at 'lr_schedulers[0].warmup_steps'
01:25:46.199 | WARNING (9612, stable_pretraining.callbacks.cpu_offload) |   - int at 'lr_schedulers[0].max_steps'
01:25:46.199 | WARNING (9612, stable_pretraining.callbacks.cpu_offload) |   - float at 'lr_schedulers[0].warmup_start_lr'
01:25:46.199 | WARNING (9612, stable_pretraining.callbacks.cpu_offload) |   - float at 'lr_schedulers[0].eta_min'
01:25:46.199 | WARNING (9612, stable_pretraining.callbacks.cpu_offload) |   - float at 'lr_schedulers[0].base_lrs[0]'
01:25:46.199 | WARNING (9612, stable_pretraining.callbacks.cpu_offload) |   - int at 'lr_schedulers[0].last_epoch'
01:25:46.200 | WARNING (9612, stable_pretraining.callbacks.cpu_offload) |   - bool at 'lr_schedulers[0].verbose'
01:25:46.200 | WARNING (9612, stable_pretraining.callbacks.cpu_offload) |   - int at 'lr_schedulers[0]._step_count'
01:25:46.200 | WARNING (9612, stable_pretraining.callbacks.cpu_offload) |   - bool at 'lr_schedulers[0]._get_lr_called_within_step'
01:25:46.200 | WARNING (9612, stable_pretraining.callbacks.cpu_offload) |   - float at 'lr_schedulers[0]._last_lr[0]'
01:25:46.200 | INFO    (9612, stable_pretraining.callbacks.cpu_offload) | To see all 319 skipped objects, set log_skipped=True
01:25:46.200 | INFO    (9612, stable_pretraining.callbacks.cpu_offload) | GPU memory after offload:
01:25:46.201 | INFO    (9612, stable_pretraining.callbacks.cpu_offload) |   - Allocated: 0.24 GB
01:25:46.201 | INFO    (9612, stable_pretraining.callbacks.cpu_offload) |   - Reserved: 14.37 GB
01:25:46.201 | INFO    (9612, stable_pretraining.callbacks.cpu_offload) | GPU memory freed: 0.00 GB
01:25:46.201 | SUCCESS (9612, stable_pretraining.callbacks.cpu_offload) | CPUOffloadCallback: Checkpoint #3 completed in 0.23s
01:25:46.201 | INFO    (9612, stable_pretraining.callbacks.cpu_offload) | Successfully processed keys: ['state_dict', 'optimizer_states', 'lr_schedulers']
01:25:46.201 | INFO    (9612, stable_pretraining.callbacks.cpu_offload) | Cumulative stats:
01:25:46.201 | INFO    (9612, stable_pretraining.callbacks.cpu_offload) |   - Total checkpoints saved: 3
01:25:46.201 | INFO    (9612, stable_pretraining.callbacks.cpu_offload) |   - Total time in offload: 0.62s
01:25:46.201 | INFO    (9612, stable_pretraining.callbacks.cpu_offload) |   - Total memory freed: 0.00 GB
01:25:46.201 | INFO    (9612, stable_pretraining.callbacks.cpu_offload) |   - Average time per checkpoint: 0.21s
01:25:46.202 | INFO    (9612, stable_pretraining.callbacks.cpu_offload) | ============================================================
01:25:46.571 | INFO    (9612, stable_pretraining.callbacks.checkpoint_sklearn) | Checking for non PyTorch modules to save... 🔧
01:25:46.572 | INFO    (9612, stable_pretraining.callbacks.checkpoint_sklearn) | Checking for Wandb params to save... 🔧
01:25:46.572 | INFO    (9612, stable_pretraining.callbacks.checkpoint_sklearn) | Checking for Wandb params to save... Done!
01:25:46.572 | INFO    (9612, stable_pretraining.callbacks.cpu_offload) | ============================================================
01:25:46.572 | INFO    (9612, stable_pretraining.callbacks.cpu_offload) | CPUOffloadCallback: Starting checkpoint CPU offload (#4)
01:25:46.572 | INFO    (9612, stable_pretraining.callbacks.cpu_offload) |   - Global step: 10276
01:25:46.572 | INFO    (9612, stable_pretraining.callbacks.cpu_offload) |   - Epoch: 1
01:25:46.572 | INFO    (9612, stable_pretraining.callbacks.cpu_offload) | Checkpoint contains 10 keys: ['callbacks', 'epoch', 'global_step', 'hparams_name', 'hyper_parameters', 'loops', 'lr_schedulers', 'optimizer_states', 'pytorch-lightning_version', 'state_dict']
01:25:46.573 | INFO    (9612, stable_pretraining.callbacks.cpu_offload) | GPU memory before offload:
01:25:46.573 | INFO    (9612, stable_pretraining.callbacks.cpu_offload) |   - Allocated: 0.24 GB
01:25:46.573 | INFO    (9612, stable_pretraining.callbacks.cpu_offload) |   - Reserved: 14.37 GB
01:25:46.573 | INFO    (9612, stable_pretraining.callbacks.cpu_offload) | Processing checkpoint key: 'state_dict'
01:25:46.638 | SUCCESS (9612, stable_pretraining.callbacks.cpu_offload) | ✓ Completed 'state_dict' in 0.06s
01:25:46.638 | INFO    (9612, stable_pretraining.callbacks.cpu_offload) | Processing checkpoint key: 'optimizer_states'
01:25:46.806 | SUCCESS (9612, stable_pretraining.callbacks.cpu_offload) | ✓ Completed 'optimizer_states' in 0.17s
01:25:46.806 | INFO    (9612, stable_pretraining.callbacks.cpu_offload) | Processing checkpoint key: 'lr_schedulers'
01:25:46.806 | SUCCESS (9612, stable_pretraining.callbacks.cpu_offload) | ✓ Completed 'lr_schedulers' in 0.00s
01:25:46.806 | WARNING (9612, stable_pretraining.callbacks.cpu_offload) | Skipped 319 custom object(s)
01:25:46.806 | WARNING (9612, stable_pretraining.callbacks.cpu_offload) | First 10 skipped objects:
01:25:46.806 | WARNING (9612, stable_pretraining.callbacks.cpu_offload) |   - float at 'optimizer_states[0].param_groups[0].lr'
01:25:46.807 | WARNING (9612, stable_pretraining.callbacks.cpu_offload) |   - float at 'optimizer_states[0].param_groups[0].betas[0]'
01:25:46.807 | WARNING (9612, stable_pretraining.callbacks.cpu_offload) |   - float at 'optimizer_states[0].param_groups[0].betas[1]'
01:25:46.807 | WARNING (9612, stable_pretraining.callbacks.cpu_offload) |   - float at 'optimizer_states[0].param_groups[0].eps'
01:25:46.807 | WARNING (9612, stable_pretraining.callbacks.cpu_offload) |   - float at 'optimizer_states[0].param_groups[0].weight_decay'
01:25:46.807 | WARNING (9612, stable_pretraining.callbacks.cpu_offload) |   - bool at 'optimizer_states[0].param_groups[0].amsgrad'
01:25:46.807 | WARNING (9612, stable_pretraining.callbacks.cpu_offload) |   - NoneType at 'optimizer_states[0].param_groups[0].foreach'
01:25:46.807 | WARNING (9612, stable_pretraining.callbacks.cpu_offload) |   - bool at 'optimizer_states[0].param_groups[0].maximize'
01:25:46.807 | WARNING (9612, stable_pretraining.callbacks.cpu_offload) |   - bool at 'optimizer_states[0].param_groups[0].capturable'
01:25:46.807 | WARNING (9612, stable_pretraining.callbacks.cpu_offload) |   - bool at 'optimizer_states[0].param_groups[0].differentiable'
01:25:46.807 | WARNING (9612, stable_pretraining.callbacks.cpu_offload) | ... (299 more skipped) ...
01:25:46.807 | WARNING (9612, stable_pretraining.callbacks.cpu_offload) | Last 10 skipped objects:
01:25:46.807 | WARNING (9612, stable_pretraining.callbacks.cpu_offload) |   - int at 'lr_schedulers[0].warmup_steps'
01:25:46.807 | WARNING (9612, stable_pretraining.callbacks.cpu_offload) |   - int at 'lr_schedulers[0].max_steps'
01:25:46.807 | WARNING (9612, stable_pretraining.callbacks.cpu_offload) |   - float at 'lr_schedulers[0].warmup_start_lr'
01:25:46.808 | WARNING (9612, stable_pretraining.callbacks.cpu_offload) |   - float at 'lr_schedulers[0].eta_min'
01:25:46.808 | WARNING (9612, stable_pretraining.callbacks.cpu_offload) |   - float at 'lr_schedulers[0].base_lrs[0]'
01:25:46.808 | WARNING (9612, stable_pretraining.callbacks.cpu_offload) |   - int at 'lr_schedulers[0].last_epoch'
01:25:46.808 | WARNING (9612, stable_pretraining.callbacks.cpu_offload) |   - bool at 'lr_schedulers[0].verbose'
01:25:46.808 | WARNING (9612, stable_pretraining.callbacks.cpu_offload) |   - int at 'lr_schedulers[0]._step_count'
01:25:46.808 | WARNING (9612, stable_pretraining.callbacks.cpu_offload) |   - bool at 'lr_schedulers[0]._get_lr_called_within_step'
01:25:46.808 | WARNING (9612, stable_pretraining.callbacks.cpu_offload) |   - float at 'lr_schedulers[0]._last_lr[0]'
01:25:46.808 | INFO    (9612, stable_pretraining.callbacks.cpu_offload) | To see all 319 skipped objects, set log_skipped=True
01:25:46.808 | INFO    (9612, stable_pretraining.callbacks.cpu_offload) | GPU memory after offload:
01:25:46.808 | INFO    (9612, stable_pretraining.callbacks.cpu_offload) |   - Allocated: 0.24 GB
01:25:46.808 | INFO    (9612, stable_pretraining.callbacks.cpu_offload) |   - Reserved: 14.37 GB
01:25:46.809 | INFO    (9612, stable_pretraining.callbacks.cpu_offload) | GPU memory freed: 0.00 GB
01:25:46.809 | SUCCESS (9612, stable_pretraining.callbacks.cpu_offload) | CPUOffloadCallback: Checkpoint #4 completed in 0.24s
01:25:46.809 | INFO    (9612, stable_pretraining.callbacks.cpu_offload) | Successfully processed keys: ['state_dict', 'optimizer_states', 'lr_schedulers']
01:25:46.809 | INFO    (9612, stable_pretraining.callbacks.cpu_offload) | Cumulative stats:
01:25:46.809 | INFO    (9612, stable_pretraining.callbacks.cpu_offload) |   - Total checkpoints saved: 4
01:25:46.809 | INFO    (9612, stable_pretraining.callbacks.cpu_offload) |   - Total time in offload: 0.86s
01:25:46.809 | INFO    (9612, stable_pretraining.callbacks.cpu_offload) |   - Total memory freed: 0.00 GB
01:25:46.809 | INFO    (9612, stable_pretraining.callbacks.cpu_offload) |   - Average time per checkpoint: 0.21s
01:25:46.809 | INFO    (9612, stable_pretraining.callbacks.cpu_offload) | ============================================================
01:44:42.143 | WARNING (9612, stable_pretraining.module) | You are calling self.parameters which also gives callbacks parameters, to remove then, pass `with_callbacks=False`
01:46:23.299 | INFO    (9612, stable_pretraining.callbacks.trainer_info) | \n+----------------------------+----------------------+
|           Metric           |        Value         |
+----------------------------+----------------------+
|          [0;34;40mfit/loss[0m          | [0;32;40m0.17611649632453918[0m  |
|       [0;34;40mfit/pred_loss[0m        | [0;32;40m0.023772746324539185[0m |
|      [0;34;40mfit/sigreg_loss[0m       |      [0;32;40m1.6953125[0m       |
|       [0;34;40mvalidate/loss[0m        |  [0;32;40m0.7500209808349609[0m  |
|    [0;34;40mvalidate/loss_epoch[0m     |  [0;32;40m0.7500209808349609[0m  |
|     [0;34;40mvalidate/pred_loss[0m     |  [0;32;40m0.1738874763250351[0m  |
|  [0;34;40mvalidate/pred_loss_epoch[0m  |  [0;32;40m0.1738874763250351[0m  |
|    [0;34;40mvalidate/sigreg_loss[0m    |  [0;32;40m6.401703834533691[0m   |
| [0;34;40mvalidate/sigreg_loss_epoch[0m |  [0;32;40m6.401703834533691[0m   |
+----------------------------+----------------------+
01:46:23.455 | INFO    (9612, stable_pretraining.callbacks.checkpoint_sklearn) | Checking for non PyTorch modules to save... 🔧
01:46:23.456 | INFO    (9612, stable_pretraining.callbacks.checkpoint_sklearn) | Checking for Wandb params to save... 🔧
01:46:23.456 | INFO    (9612, stable_pretraining.callbacks.checkpoint_sklearn) | Checking for Wandb params to save... Done!
01:46:23.456 | INFO    (9612, stable_pretraining.callbacks.cpu_offload) | ============================================================
01:46:23.456 | INFO    (9612, stable_pretraining.callbacks.cpu_offload) | CPUOffloadCallback: Starting checkpoint CPU offload (#5)
01:46:23.456 | INFO    (9612, stable_pretraining.callbacks.cpu_offload) |   - Global step: 15414
01:46:23.456 | INFO    (9612, stable_pretraining.callbacks.cpu_offload) |   - Epoch: 2
01:46:23.456 | INFO    (9612, stable_pretraining.callbacks.cpu_offload) | Checkpoint contains 10 keys: ['callbacks', 'epoch', 'global_step', 'hparams_name', 'hyper_parameters', 'loops', 'lr_schedulers', 'optimizer_states', 'pytorch-lightning_version', 'state_dict']
01:46:23.456 | INFO    (9612, stable_pretraining.callbacks.cpu_offload) | GPU memory before offload:
01:46:23.457 | INFO    (9612, stable_pretraining.callbacks.cpu_offload) |   - Allocated: 0.24 GB
01:46:23.457 | INFO    (9612, stable_pretraining.callbacks.cpu_offload) |   - Reserved: 14.37 GB
01:46:23.457 | INFO    (9612, stable_pretraining.callbacks.cpu_offload) | Processing checkpoint key: 'state_dict'
01:46:23.529 | SUCCESS (9612, stable_pretraining.callbacks.cpu_offload) | ✓ Completed 'state_dict' in 0.07s
01:46:23.529 | INFO    (9612, stable_pretraining.callbacks.cpu_offload) | Processing checkpoint key: 'optimizer_states'
01:46:23.695 | SUCCESS (9612, stable_pretraining.callbacks.cpu_offload) | ✓ Completed 'optimizer_states' in 0.17s
01:46:23.695 | INFO    (9612, stable_pretraining.callbacks.cpu_offload) | Processing checkpoint key: 'lr_schedulers'
01:46:23.695 | SUCCESS (9612, stable_pretraining.callbacks.cpu_offload) | ✓ Completed 'lr_schedulers' in 0.00s
01:46:23.695 | WARNING (9612, stable_pretraining.callbacks.cpu_offload) | Skipped 319 custom object(s)
01:46:23.695 | WARNING (9612, stable_pretraining.callbacks.cpu_offload) | First 10 skipped objects:
01:46:23.695 | WARNING (9612, stable_pretraining.callbacks.cpu_offload) |   - float at 'optimizer_states[0].param_groups[0].lr'
01:46:23.695 | WARNING (9612, stable_pretraining.callbacks.cpu_offload) |   - float at 'optimizer_states[0].param_groups[0].betas[0]'
01:46:23.695 | WARNING (9612, stable_pretraining.callbacks.cpu_offload) |   - float at 'optimizer_states[0].param_groups[0].betas[1]'
01:46:23.695 | WARNING (9612, stable_pretraining.callbacks.cpu_offload) |   - float at 'optimizer_states[0].param_groups[0].eps'
01:46:23.696 | WARNING (9612, stable_pretraining.callbacks.cpu_offload) |   - float at 'optimizer_states[0].param_groups[0].weight_decay'
01:46:23.696 | WARNING (9612, stable_pretraining.callbacks.cpu_offload) |   - bool at 'optimizer_states[0].param_groups[0].amsgrad'
01:46:23.696 | WARNING (9612, stable_pretraining.callbacks.cpu_offload) |   - NoneType at 'optimizer_states[0].param_groups[0].foreach'
01:46:23.696 | WARNING (9612, stable_pretraining.callbacks.cpu_offload) |   - bool at 'optimizer_states[0].param_groups[0].maximize'
01:46:23.696 | WARNING (9612, stable_pretraining.callbacks.cpu_offload) |   - bool at 'optimizer_states[0].param_groups[0].capturable'
01:46:23.696 | WARNING (9612, stable_pretraining.callbacks.cpu_offload) |   - bool at 'optimizer_states[0].param_groups[0].differentiable'
01:46:23.696 | WARNING (9612, stable_pretraining.callbacks.cpu_offload) | ... (299 more skipped) ...
01:46:23.696 | WARNING (9612, stable_pretraining.callbacks.cpu_offload) | Last 10 skipped objects:
01:46:23.696 | WARNING (9612, stable_pretraining.callbacks.cpu_offload) |   - int at 'lr_schedulers[0].warmup_steps'
01:46:23.696 | WARNING (9612, stable_pretraining.callbacks.cpu_offload) |   - int at 'lr_schedulers[0].max_steps'
01:46:23.696 | WARNING (9612, stable_pretraining.callbacks.cpu_offload) |   - float at 'lr_schedulers[0].warmup_start_lr'
01:46:23.696 | WARNING (9612, stable_pretraining.callbacks.cpu_offload) |   - float at 'lr_schedulers[0].eta_min'
01:46:23.696 | WARNING (9612, stable_pretraining.callbacks.cpu_offload) |   - float at 'lr_schedulers[0].base_lrs[0]'
01:46:23.696 | WARNING (9612, stable_pretraining.callbacks.cpu_offload) |   - int at 'lr_schedulers[0].last_epoch'
01:46:23.696 | WARNING (9612, stable_pretraining.callbacks.cpu_offload) |   - bool at 'lr_schedulers[0].verbose'
01:46:23.697 | WARNING (9612, stable_pretraining.callbacks.cpu_offload) |   - int at 'lr_schedulers[0]._step_count'
01:46:23.697 | WARNING (9612, stable_pretraining.callbacks.cpu_offload) |   - bool at 'lr_schedulers[0]._get_lr_called_within_step'
01:46:23.697 | WARNING (9612, stable_pretraining.callbacks.cpu_offload) |   - float at 'lr_schedulers[0]._last_lr[0]'
01:46:23.697 | INFO    (9612, stable_pretraining.callbacks.cpu_offload) | To see all 319 skipped objects, set log_skipped=True
01:46:23.697 | INFO    (9612, stable_pretraining.callbacks.cpu_offload) | GPU memory after offload:
01:46:23.697 | INFO    (9612, stable_pretraining.callbacks.cpu_offload) |   - Allocated: 0.24 GB
01:46:23.697 | INFO    (9612, stable_pretraining.callbacks.cpu_offload) |   - Reserved: 14.37 GB
01:46:23.697 | INFO    (9612, stable_pretraining.callbacks.cpu_offload) | GPU memory freed: 0.00 GB
01:46:23.697 | SUCCESS (9612, stable_pretraining.callbacks.cpu_offload) | CPUOffloadCallback: Checkpoint #5 completed in 0.24s
01:46:23.697 | INFO    (9612, stable_pretraining.callbacks.cpu_offload) | Successfully processed keys: ['state_dict', 'optimizer_states', 'lr_schedulers']
01:46:23.697 | INFO    (9612, stable_pretraining.callbacks.cpu_offload) | Cumulative stats:
01:46:23.697 | INFO    (9612, stable_pretraining.callbacks.cpu_offload) |   - Total checkpoints saved: 5
01:46:23.698 | INFO    (9612, stable_pretraining.callbacks.cpu_offload) |   - Total time in offload: 1.10s
01:46:23.698 | INFO    (9612, stable_pretraining.callbacks.cpu_offload) |   - Total memory freed: 0.00 GB
01:46:23.698 | INFO    (9612, stable_pretraining.callbacks.cpu_offload) |   - Average time per checkpoint: 0.22s
01:46:23.698 | INFO    (9612, stable_pretraining.callbacks.cpu_offload) | ============================================================
01:46:24.043 | INFO    (9612, stable_pretraining.callbacks.checkpoint_sklearn) | Checking for non PyTorch modules to save... 🔧
01:46:24.043 | INFO    (9612, stable_pretraining.callbacks.checkpoint_sklearn) | Checking for Wandb params to save... 🔧
01:46:24.043 | INFO    (9612, stable_pretraining.callbacks.checkpoint_sklearn) | Checking for Wandb params to save... Done!
01:46:24.043 | INFO    (9612, stable_pretraining.callbacks.cpu_offload) | ============================================================
01:46:24.043 | INFO    (9612, stable_pretraining.callbacks.cpu_offload) | CPUOffloadCallback: Starting checkpoint CPU offload (#6)
01:46:24.043 | INFO    (9612, stable_pretraining.callbacks.cpu_offload) |   - Global step: 15414
01:46:24.043 | INFO    (9612, stable_pretraining.callbacks.cpu_offload) |   - Epoch: 2
01:46:24.043 | INFO    (9612, stable_pretraining.callbacks.cpu_offload) | Checkpoint contains 10 keys: ['callbacks', 'epoch', 'global_step', 'hparams_name', 'hyper_parameters', 'loops', 'lr_schedulers', 'optimizer_states', 'pytorch-lightning_version', 'state_dict']
01:46:24.044 | INFO    (9612, stable_pretraining.callbacks.cpu_offload) | GPU memory before offload:
01:46:24.044 | INFO    (9612, stable_pretraining.callbacks.cpu_offload) |   - Allocated: 0.24 GB
01:46:24.044 | INFO    (9612, stable_pretraining.callbacks.cpu_offload) |   - Reserved: 14.37 GB
01:46:24.044 | INFO    (9612, stable_pretraining.callbacks.cpu_offload) | Processing checkpoint key: 'state_dict'
01:46:24.091 | SUCCESS (9612, stable_pretraining.callbacks.cpu_offload) | ✓ Completed 'state_dict' in 0.05s
01:46:24.091 | INFO    (9612, stable_pretraining.callbacks.cpu_offload) | Processing checkpoint key: 'optimizer_states'
01:46:24.207 | SUCCESS (9612, stable_pretraining.callbacks.cpu_offload) | ✓ Completed 'optimizer_states' in 0.12s
01:46:24.207 | INFO    (9612, stable_pretraining.callbacks.cpu_offload) | Processing checkpoint key: 'lr_schedulers'
01:46:24.207 | SUCCESS (9612, stable_pretraining.callbacks.cpu_offload) | ✓ Completed 'lr_schedulers' in 0.00s
01:46:24.207 | WARNING (9612, stable_pretraining.callbacks.cpu_offload) | Skipped 319 custom object(s)
01:46:24.207 | WARNING (9612, stable_pretraining.callbacks.cpu_offload) | First 10 skipped objects:
01:46:24.207 | WARNING (9612, stable_pretraining.callbacks.cpu_offload) |   - float at 'optimizer_states[0].param_groups[0].lr'
01:46:24.207 | WARNING (9612, stable_pretraining.callbacks.cpu_offload) |   - float at 'optimizer_states[0].param_groups[0].betas[0]'
01:46:24.207 | WARNING (9612, stable_pretraining.callbacks.cpu_offload) |   - float at 'optimizer_states[0].param_groups[0].betas[1]'
01:46:24.207 | WARNING (9612, stable_pretraining.callbacks.cpu_offload) |   - float at 'optimizer_states[0].param_groups[0].eps'
01:46:24.207 | WARNING (9612, stable_pretraining.callbacks.cpu_offload) |   - float at 'optimizer_states[0].param_groups[0].weight_decay'
01:46:24.207 | WARNING (9612, stable_pretraining.callbacks.cpu_offload) |   - bool at 'optimizer_states[0].param_groups[0].amsgrad'
01:46:24.207 | WARNING (9612, stable_pretraining.callbacks.cpu_offload) |   - NoneType at 'optimizer_states[0].param_groups[0].foreach'
01:46:24.208 | WARNING (9612, stable_pretraining.callbacks.cpu_offload) |   - bool at 'optimizer_states[0].param_groups[0].maximize'
01:46:24.208 | WARNING (9612, stable_pretraining.callbacks.cpu_offload) |   - bool at 'optimizer_states[0].param_groups[0].capturable'
01:46:24.208 | WARNING (9612, stable_pretraining.callbacks.cpu_offload) |   - bool at 'optimizer_states[0].param_groups[0].differentiable'
01:46:24.208 | WARNING (9612, stable_pretraining.callbacks.cpu_offload) | ... (299 more skipped) ...
01:46:24.208 | WARNING (9612, stable_pretraining.callbacks.cpu_offload) | Last 10 skipped objects:
01:46:24.208 | WARNING (9612, stable_pretraining.callbacks.cpu_offload) |   - int at 'lr_schedulers[0].warmup_steps'
01:46:24.208 | WARNING (9612, stable_pretraining.callbacks.cpu_offload) |   - int at 'lr_schedulers[0].max_steps'
01:46:24.208 | WARNING (9612, stable_pretraining.callbacks.cpu_offload) |   - float at 'lr_schedulers[0].warmup_start_lr'
01:46:24.208 | WARNING (9612, stable_pretraining.callbacks.cpu_offload) |   - float at 'lr_schedulers[0].eta_min'
01:46:24.208 | WARNING (9612, stable_pretraining.callbacks.cpu_offload) |   - float at 'lr_schedulers[0].base_lrs[0]'
01:46:24.208 | WARNING (9612, stable_pretraining.callbacks.cpu_offload) |   - int at 'lr_schedulers[0].last_epoch'
01:46:24.208 | WARNING (9612, stable_pretraining.callbacks.cpu_offload) |   - bool at 'lr_schedulers[0].verbose'
01:46:24.208 | WARNING (9612, stable_pretraining.callbacks.cpu_offload) |   - int at 'lr_schedulers[0]._step_count'
01:46:24.208 | WARNING (9612, stable_pretraining.callbacks.cpu_offload) |   - bool at 'lr_schedulers[0]._get_lr_called_within_step'
01:46:24.208 | WARNING (9612, stable_pretraining.callbacks.cpu_offload) |   - float at 'lr_schedulers[0]._last_lr[0]'
01:46:24.208 | INFO    (9612, stable_pretraining.callbacks.cpu_offload) | To see all 319 skipped objects, set log_skipped=True
01:46:24.208 | INFO    (9612, stable_pretraining.callbacks.cpu_offload) | GPU memory after offload:
01:46:24.209 | INFO    (9612, stable_pretraining.callbacks.cpu_offload) |   - Allocated: 0.24 GB
01:46:24.209 | INFO    (9612, stable_pretraining.callbacks.cpu_offload) |   - Reserved: 14.37 GB
01:46:24.209 | INFO    (9612, stable_pretraining.callbacks.cpu_offload) | GPU memory freed: 0.00 GB
01:46:24.209 | SUCCESS (9612, stable_pretraining.callbacks.cpu_offload) | CPUOffloadCallback: Checkpoint #6 completed in 0.17s
01:46:24.209 | INFO    (9612, stable_pretraining.callbacks.cpu_offload) | Successfully processed keys: ['state_dict', 'optimizer_states', 'lr_schedulers']
01:46:24.209 | INFO    (9612, stable_pretraining.callbacks.cpu_offload) | Cumulative stats:
01:46:24.209 | INFO    (9612, stable_pretraining.callbacks.cpu_offload) |   - Total checkpoints saved: 6
01:46:24.209 | INFO    (9612, stable_pretraining.callbacks.cpu_offload) |   - Total time in offload: 1.26s
01:46:24.209 | INFO    (9612, stable_pretraining.callbacks.cpu_offload) |   - Total memory freed: 0.00 GB
01:46:24.209 | INFO    (9612, stable_pretraining.callbacks.cpu_offload) |   - Average time per checkpoint: 0.21s
01:46:24.209 | INFO    (9612, stable_pretraining.callbacks.cpu_offload) | ============================================================
02:05:22.517 | WARNING (9612, stable_pretraining.module) | You are calling self.parameters which also gives callbacks parameters, to remove then, pass `with_callbacks=False`
02:06:47.728 | INFO    (9612, stable_pretraining.callbacks.trainer_info) | \n+----------------------------+----------------------+
|           Metric           |        Value         |
+----------------------------+----------------------+
|          [0;34;40mfit/loss[0m          | [0;32;40m0.17760884761810303[0m  |
|       [0;34;40mfit/pred_loss[0m        | [0;32;40m0.020382290706038475[0m |
|      [0;34;40mfit/sigreg_loss[0m       |         [0;32;40m1.75[0m         |
|       [0;34;40mvalidate/loss[0m        |  [0;32;40m0.6438971757888794[0m  |
|    [0;34;40mvalidate/loss_epoch[0m     |  [0;32;40m0.6438971757888794[0m  |
|     [0;34;40mvalidate/pred_loss[0m     | [0;32;40m0.14366337656974792[0m  |
|  [0;34;40mvalidate/pred_loss_epoch[0m  | [0;32;40m0.14366337656974792[0m  |
|    [0;34;40mvalidate/sigreg_loss[0m    |   [0;32;40m5.55845308303833[0m   |
| [0;34;40mvalidate/sigreg_loss_epoch[0m |   [0;32;40m5.55845308303833[0m   |
+----------------------------+----------------------+
02:06:47.841 | INFO    (9612, stable_pretraining.callbacks.checkpoint_sklearn) | Checking for non PyTorch modules to save... 🔧
02:06:47.841 | INFO    (9612, stable_pretraining.callbacks.checkpoint_sklearn) | Checking for Wandb params to save... 🔧
02:06:47.841 | INFO    (9612, stable_pretraining.callbacks.checkpoint_sklearn) | Checking for Wandb params to save... Done!
02:06:47.841 | INFO    (9612, stable_pretraining.callbacks.cpu_offload) | ============================================================
02:06:47.841 | INFO    (9612, stable_pretraining.callbacks.cpu_offload) | CPUOffloadCallback: Starting checkpoint CPU offload (#7)
02:06:47.841 | INFO    (9612, stable_pretraining.callbacks.cpu_offload) |   - Global step: 20552
02:06:47.841 | INFO    (9612, stable_pretraining.callbacks.cpu_offload) |   - Epoch: 3
02:06:47.841 | INFO    (9612, stable_pretraining.callbacks.cpu_offload) | Checkpoint contains 10 keys: ['callbacks', 'epoch', 'global_step', 'hparams_name', 'hyper_parameters', 'loops', 'lr_schedulers', 'optimizer_states', 'pytorch-lightning_version', 'state_dict']
02:06:47.842 | INFO    (9612, stable_pretraining.callbacks.cpu_offload) | GPU memory before offload:
02:06:47.842 | INFO    (9612, stable_pretraining.callbacks.cpu_offload) |   - Allocated: 0.24 GB
02:06:47.842 | INFO    (9612, stable_pretraining.callbacks.cpu_offload) |   - Reserved: 14.37 GB
02:06:47.842 | INFO    (9612, stable_pretraining.callbacks.cpu_offload) | Processing checkpoint key: 'state_dict'
02:06:47.898 | SUCCESS (9612, stable_pretraining.callbacks.cpu_offload) | ✓ Completed 'state_dict' in 0.06s
02:06:47.898 | INFO    (9612, stable_pretraining.callbacks.cpu_offload) | Processing checkpoint key: 'optimizer_states'
02:06:48.010 | SUCCESS (9612, stable_pretraining.callbacks.cpu_offload) | ✓ Completed 'optimizer_states' in 0.11s
02:06:48.010 | INFO    (9612, stable_pretraining.callbacks.cpu_offload) | Processing checkpoint key: 'lr_schedulers'
02:06:48.010 | SUCCESS (9612, stable_pretraining.callbacks.cpu_offload) | ✓ Completed 'lr_schedulers' in 0.00s
02:06:48.010 | WARNING (9612, stable_pretraining.callbacks.cpu_offload) | Skipped 319 custom object(s)
02:06:48.010 | WARNING (9612, stable_pretraining.callbacks.cpu_offload) | First 10 skipped objects:
02:06:48.010 | WARNING (9612, stable_pretraining.callbacks.cpu_offload) |   - float at 'optimizer_states[0].param_groups[0].lr'
02:06:48.010 | WARNING (9612, stable_pretraining.callbacks.cpu_offload) |   - float at 'optimizer_states[0].param_groups[0].betas[0]'
02:06:48.011 | WARNING (9612, stable_pretraining.callbacks.cpu_offload) |   - float at 'optimizer_states[0].param_groups[0].betas[1]'
02:06:48.011 | WARNING (9612, stable_pretraining.callbacks.cpu_offload) |   - float at 'optimizer_states[0].param_groups[0].eps'
02:06:48.011 | WARNING (9612, stable_pretraining.callbacks.cpu_offload) |   - float at 'optimizer_states[0].param_groups[0].weight_decay'
02:06:48.011 | WARNING (9612, stable_pretraining.callbacks.cpu_offload) |   - bool at 'optimizer_states[0].param_groups[0].amsgrad'
02:06:48.011 | WARNING (9612, stable_pretraining.callbacks.cpu_offload) |   - NoneType at 'optimizer_states[0].param_groups[0].foreach'
02:06:48.011 | WARNING (9612, stable_pretraining.callbacks.cpu_offload) |   - bool at 'optimizer_states[0].param_groups[0].maximize'
02:06:48.011 | WARNING (9612, stable_pretraining.callbacks.cpu_offload) |   - bool at 'optimizer_states[0].param_groups[0].capturable'
02:06:48.011 | WARNING (9612, stable_pretraining.callbacks.cpu_offload) |   - bool at 'optimizer_states[0].param_groups[0].differentiable'
02:06:48.011 | WARNING (9612, stable_pretraining.callbacks.cpu_offload) | ... (299 more skipped) ...
02:06:48.011 | WARNING (9612, stable_pretraining.callbacks.cpu_offload) | Last 10 skipped objects:
02:06:48.011 | WARNING (9612, stable_pretraining.callbacks.cpu_offload) |   - int at 'lr_schedulers[0].warmup_steps'
02:06:48.011 | WARNING (9612, stable_pretraining.callbacks.cpu_offload) |   - int at 'lr_schedulers[0].max_steps'
02:06:48.011 | WARNING (9612, stable_pretraining.callbacks.cpu_offload) |   - float at 'lr_schedulers[0].warmup_start_lr'
02:06:48.011 | WARNING (9612, stable_pretraining.callbacks.cpu_offload) |   - float at 'lr_schedulers[0].eta_min'
02:06:48.011 | WARNING (9612, stable_pretraining.callbacks.cpu_offload) |   - float at 'lr_schedulers[0].base_lrs[0]'
02:06:48.011 | WARNING (9612, stable_pretraining.callbacks.cpu_offload) |   - int at 'lr_schedulers[0].last_epoch'
02:06:48.011 | WARNING (9612, stable_pretraining.callbacks.cpu_offload) |   - bool at 'lr_schedulers[0].verbose'
02:06:48.011 | WARNING (9612, stable_pretraining.callbacks.cpu_offload) |   - int at 'lr_schedulers[0]._step_count'
02:06:48.011 | WARNING (9612, stable_pretraining.callbacks.cpu_offload) |   - bool at 'lr_schedulers[0]._get_lr_called_within_step'
02:06:48.011 | WARNING (9612, stable_pretraining.callbacks.cpu_offload) |   - float at 'lr_schedulers[0]._last_lr[0]'
02:06:48.011 | INFO    (9612, stable_pretraining.callbacks.cpu_offload) | To see all 319 skipped objects, set log_skipped=True
02:06:48.012 | INFO    (9612, stable_pretraining.callbacks.cpu_offload) | GPU memory after offload:
02:06:48.012 | INFO    (9612, stable_pretraining.callbacks.cpu_offload) |   - Allocated: 0.24 GB
02:06:48.012 | INFO    (9612, stable_pretraining.callbacks.cpu_offload) |   - Reserved: 14.37 GB
02:06:48.012 | INFO    (9612, stable_pretraining.callbacks.cpu_offload) | GPU memory freed: 0.00 GB
02:06:48.012 | SUCCESS (9612, stable_pretraining.callbacks.cpu_offload) | CPUOffloadCallback: Checkpoint #7 completed in 0.17s
02:06:48.012 | INFO    (9612, stable_pretraining.callbacks.cpu_offload) | Successfully processed keys: ['state_dict', 'optimizer_states', 'lr_schedulers']
02:06:48.012 | INFO    (9612, stable_pretraining.callbacks.cpu_offload) | Cumulative stats:
02:06:48.012 | INFO    (9612, stable_pretraining.callbacks.cpu_offload) |   - Total checkpoints saved: 7
02:06:48.012 | INFO    (9612, stable_pretraining.callbacks.cpu_offload) |   - Total time in offload: 1.43s
02:06:48.012 | INFO    (9612, stable_pretraining.callbacks.cpu_offload) |   - Total memory freed: 0.00 GB
02:06:48.012 | INFO    (9612, stable_pretraining.callbacks.cpu_offload) |   - Average time per checkpoint: 0.20s
02:06:48.012 | INFO    (9612, stable_pretraining.callbacks.cpu_offload) | ============================================================
02:06:48.314 | INFO    (9612, stable_pretraining.callbacks.checkpoint_sklearn) | Checking for non PyTorch modules to save... 🔧
02:06:48.315 | INFO    (9612, stable_pretraining.callbacks.checkpoint_sklearn) | Checking for Wandb params to save... 🔧
02:06:48.315 | INFO    (9612, stable_pretraining.callbacks.checkpoint_sklearn) | Checking for Wandb params to save... Done!
02:06:48.315 | INFO    (9612, stable_pretraining.callbacks.cpu_offload) | ============================================================
02:06:48.315 | INFO    (9612, stable_pretraining.callbacks.cpu_offload) | CPUOffloadCallback: Starting checkpoint CPU offload (#8)
02:06:48.315 | INFO    (9612, stable_pretraining.callbacks.cpu_offload) |   - Global step: 20552
02:06:48.315 | INFO    (9612, stable_pretraining.callbacks.cpu_offload) |   - Epoch: 3
02:06:48.316 | INFO    (9612, stable_pretraining.callbacks.cpu_offload) | Checkpoint contains 10 keys: ['callbacks', 'epoch', 'global_step', 'hparams_name', 'hyper_parameters', 'loops', 'lr_schedulers', 'optimizer_states', 'pytorch-lightning_version', 'state_dict']
02:06:48.316 | INFO    (9612, stable_pretraining.callbacks.cpu_offload) | GPU memory before offload:
02:06:48.316 | INFO    (9612, stable_pretraining.callbacks.cpu_offload) |   - Allocated: 0.24 GB
02:06:48.316 | INFO    (9612, stable_pretraining.callbacks.cpu_offload) |   - Reserved: 14.37 GB
02:06:48.316 | INFO    (9612, stable_pretraining.callbacks.cpu_offload) | Processing checkpoint key: 'state_dict'
02:06:48.391 | SUCCESS (9612, stable_pretraining.callbacks.cpu_offload) | ✓ Completed 'state_dict' in 0.07s
02:06:48.391 | INFO    (9612, stable_pretraining.callbacks.cpu_offload) | Processing checkpoint key: 'optimizer_states'
02:06:48.533 | SUCCESS (9612, stable_pretraining.callbacks.cpu_offload) | ✓ Completed 'optimizer_states' in 0.14s
02:06:48.534 | INFO    (9612, stable_pretraining.callbacks.cpu_offload) | Processing checkpoint key: 'lr_schedulers'
02:06:48.534 | SUCCESS (9612, stable_pretraining.callbacks.cpu_offload) | ✓ Completed 'lr_schedulers' in 0.00s
02:06:48.534 | WARNING (9612, stable_pretraining.callbacks.cpu_offload) | Skipped 319 custom object(s)
02:06:48.534 | WARNING (9612, stable_pretraining.callbacks.cpu_offload) | First 10 skipped objects:
02:06:48.534 | WARNING (9612, stable_pretraining.callbacks.cpu_offload) |   - float at 'optimizer_states[0].param_groups[0].lr'
02:06:48.534 | WARNING (9612, stable_pretraining.callbacks.cpu_offload) |   - float at 'optimizer_states[0].param_groups[0].betas[0]'
02:06:48.534 | WARNING (9612, stable_pretraining.callbacks.cpu_offload) |   - float at 'optimizer_states[0].param_groups[0].betas[1]'
02:06:48.534 | WARNING (9612, stable_pretraining.callbacks.cpu_offload) |   - float at 'optimizer_states[0].param_groups[0].eps'
02:06:48.534 | WARNING (9612, stable_pretraining.callbacks.cpu_offload) |   - float at 'optimizer_states[0].param_groups[0].weight_decay'
02:06:48.534 | WARNING (9612, stable_pretraining.callbacks.cpu_offload) |   - bool at 'optimizer_states[0].param_groups[0].amsgrad'
02:06:48.534 | WARNING (9612, stable_pretraining.callbacks.cpu_offload) |   - NoneType at 'optimizer_states[0].param_groups[0].foreach'
02:06:48.534 | WARNING (9612, stable_pretraining.callbacks.cpu_offload) |   - bool at 'optimizer_states[0].param_groups[0].maximize'
02:06:48.534 | WARNING (9612, stable_pretraining.callbacks.cpu_offload) |   - bool at 'optimizer_states[0].param_groups[0].capturable'
02:06:48.534 | WARNING (9612, stable_pretraining.callbacks.cpu_offload) |   - bool at 'optimizer_states[0].param_groups[0].differentiable'
02:06:48.534 | WARNING (9612, stable_pretraining.callbacks.cpu_offload) | ... (299 more skipped) ...
02:06:48.534 | WARNING (9612, stable_pretraining.callbacks.cpu_offload) | Last 10 skipped objects:
02:06:48.535 | WARNING (9612, stable_pretraining.callbacks.cpu_offload) |   - int at 'lr_schedulers[0].warmup_steps'
02:06:48.535 | WARNING (9612, stable_pretraining.callbacks.cpu_offload) |   - int at 'lr_schedulers[0].max_steps'
02:06:48.535 | WARNING (9612, stable_pretraining.callbacks.cpu_offload) |   - float at 'lr_schedulers[0].warmup_start_lr'
02:06:48.535 | WARNING (9612, stable_pretraining.callbacks.cpu_offload) |   - float at 'lr_schedulers[0].eta_min'
02:06:48.535 | WARNING (9612, stable_pretraining.callbacks.cpu_offload) |   - float at 'lr_schedulers[0].base_lrs[0]'
02:06:48.535 | WARNING (9612, stable_pretraining.callbacks.cpu_offload) |   - int at 'lr_schedulers[0].last_epoch'
02:06:48.535 | WARNING (9612, stable_pretraining.callbacks.cpu_offload) |   - bool at 'lr_schedulers[0].verbose'
02:06:48.535 | WARNING (9612, stable_pretraining.callbacks.cpu_offload) |   - int at 'lr_schedulers[0]._step_count'
02:06:48.535 | WARNING (9612, stable_pretraining.callbacks.cpu_offload) |   - bool at 'lr_schedulers[0]._get_lr_called_within_step'
02:06:48.535 | WARNING (9612, stable_pretraining.callbacks.cpu_offload) |   - float at 'lr_schedulers[0]._last_lr[0]'
02:06:48.535 | INFO    (9612, stable_pretraining.callbacks.cpu_offload) | To see all 319 skipped objects, set log_skipped=True
02:06:48.536 | INFO    (9612, stable_pretraining.callbacks.cpu_offload) | GPU memory after offload:
02:06:48.536 | INFO    (9612, stable_pretraining.callbacks.cpu_offload) |   - Allocated: 0.24 GB
02:06:48.536 | INFO    (9612, stable_pretraining.callbacks.cpu_offload) |   - Reserved: 14.37 GB
02:06:48.536 | INFO    (9612, stable_pretraining.callbacks.cpu_offload) | GPU memory freed: 0.00 GB
02:06:48.536 | SUCCESS (9612, stable_pretraining.callbacks.cpu_offload) | CPUOffloadCallback: Checkpoint #8 completed in 0.22s
02:06:48.536 | INFO    (9612, stable_pretraining.callbacks.cpu_offload) | Successfully processed keys: ['state_dict', 'optimizer_states', 'lr_schedulers']
02:06:48.536 | INFO    (9612, stable_pretraining.callbacks.cpu_offload) | Cumulative stats:
02:06:48.536 | INFO    (9612, stable_pretraining.callbacks.cpu_offload) |   - Total checkpoints saved: 8
02:06:48.536 | INFO    (9612, stable_pretraining.callbacks.cpu_offload) |   - Total time in offload: 1.65s
02:06:48.536 | INFO    (9612, stable_pretraining.callbacks.cpu_offload) |   - Total memory freed: 0.00 GB
02:06:48.536 | INFO    (9612, stable_pretraining.callbacks.cpu_offload) |   - Average time per checkpoint: 0.21s
02:06:48.536 | INFO    (9612, stable_pretraining.callbacks.cpu_offload) | ============================================================
02:25:44.167 | WARNING (9612, stable_pretraining.module) | You are calling self.parameters which also gives callbacks parameters, to remove then, pass `with_callbacks=False`
02:27:29.179 | INFO    (9612, stable_pretraining.callbacks.trainer_info) | \n+----------------------------+----------------------+
|           Metric           |        Value         |
+----------------------------+----------------------+
|          [0;34;40mfit/loss[0m          | [0;32;40m0.16770897805690765[0m  |
|       [0;34;40mfit/pred_loss[0m        | [0;32;40m0.022201159968972206[0m |
|      [0;34;40mfit/sigreg_loss[0m       |      [0;32;40m1.6171875[0m       |
|       [0;34;40mvalidate/loss[0m        | [0;32;40m0.29505833983421326[0m  |
|    [0;34;40mvalidate/loss_epoch[0m     | [0;32;40m0.29505833983421326[0m  |
|     [0;34;40mvalidate/pred_loss[0m     | [0;32;40m0.04430874437093735[0m  |
|  [0;34;40mvalidate/pred_loss_epoch[0m  | [0;32;40m0.04430874437093735[0m  |
|    [0;34;40mvalidate/sigreg_loss[0m    |  [0;32;40m2.786273717880249[0m   |
| [0;34;40mvalidate/sigreg_loss_epoch[0m |  [0;32;40m2.786273717880249[0m   |
+----------------------------+----------------------+
02:27:29.299 | INFO    (9612, stable_pretraining.callbacks.checkpoint_sklearn) | Checking for non PyTorch modules to save... 🔧
02:27:29.300 | INFO    (9612, stable_pretraining.callbacks.checkpoint_sklearn) | Checking for Wandb params to save... 🔧
02:27:29.300 | INFO    (9612, stable_pretraining.callbacks.checkpoint_sklearn) | Checking for Wandb params to save... Done!
02:27:29.301 | INFO    (9612, stable_pretraining.callbacks.cpu_offload) | ============================================================
02:27:29.301 | INFO    (9612, stable_pretraining.callbacks.cpu_offload) | CPUOffloadCallback: Starting checkpoint CPU offload (#9)
02:27:29.301 | INFO    (9612, stable_pretraining.callbacks.cpu_offload) |   - Global step: 25690
02:27:29.301 | INFO    (9612, stable_pretraining.callbacks.cpu_offload) |   - Epoch: 4
02:27:29.301 | INFO    (9612, stable_pretraining.callbacks.cpu_offload) | Checkpoint contains 10 keys: ['callbacks', 'epoch', 'global_step', 'hparams_name', 'hyper_parameters', 'loops', 'lr_schedulers', 'optimizer_states', 'pytorch-lightning_version', 'state_dict']
02:27:29.301 | INFO    (9612, stable_pretraining.callbacks.cpu_offload) | GPU memory before offload:
02:27:29.301 | INFO    (9612, stable_pretraining.callbacks.cpu_offload) |   - Allocated: 0.24 GB
02:27:29.301 | INFO    (9612, stable_pretraining.callbacks.cpu_offload) |   - Reserved: 14.37 GB
02:27:29.301 | INFO    (9612, stable_pretraining.callbacks.cpu_offload) | Processing checkpoint key: 'state_dict'
02:27:29.350 | SUCCESS (9612, stable_pretraining.callbacks.cpu_offload) | ✓ Completed 'state_dict' in 0.05s
02:27:29.350 | INFO    (9612, stable_pretraining.callbacks.cpu_offload) | Processing checkpoint key: 'optimizer_states'
02:27:29.485 | SUCCESS (9612, stable_pretraining.callbacks.cpu_offload) | ✓ Completed 'optimizer_states' in 0.14s
02:27:29.485 | INFO    (9612, stable_pretraining.callbacks.cpu_offload) | Processing checkpoint key: 'lr_schedulers'
02:27:29.485 | SUCCESS (9612, stable_pretraining.callbacks.cpu_offload) | ✓ Completed 'lr_schedulers' in 0.00s
02:27:29.486 | WARNING (9612, stable_pretraining.callbacks.cpu_offload) | Skipped 319 custom object(s)
02:27:29.486 | WARNING (9612, stable_pretraining.callbacks.cpu_offload) | First 10 skipped objects:
02:27:29.486 | WARNING (9612, stable_pretraining.callbacks.cpu_offload) |   - float at 'optimizer_states[0].param_groups[0].lr'
02:27:29.486 | WARNING (9612, stable_pretraining.callbacks.cpu_offload) |   - float at 'optimizer_states[0].param_groups[0].betas[0]'
02:27:29.486 | WARNING (9612, stable_pretraining.callbacks.cpu_offload) |   - float at 'optimizer_states[0].param_groups[0].betas[1]'
02:27:29.486 | WARNING (9612, stable_pretraining.callbacks.cpu_offload) |   - float at 'optimizer_states[0].param_groups[0].eps'
02:27:29.486 | WARNING (9612, stable_pretraining.callbacks.cpu_offload) |   - float at 'optimizer_states[0].param_groups[0].weight_decay'
02:27:29.486 | WARNING (9612, stable_pretraining.callbacks.cpu_offload) |   - bool at 'optimizer_states[0].param_groups[0].amsgrad'
02:27:29.486 | WARNING (9612, stable_pretraining.callbacks.cpu_offload) |   - NoneType at 'optimizer_states[0].param_groups[0].foreach'
02:27:29.486 | WARNING (9612, stable_pretraining.callbacks.cpu_offload) |   - bool at 'optimizer_states[0].param_groups[0].maximize'
02:27:29.486 | WARNING (9612, stable_pretraining.callbacks.cpu_offload) |   - bool at 'optimizer_states[0].param_groups[0].capturable'
02:27:29.486 | WARNING (9612, stable_pretraining.callbacks.cpu_offload) |   - bool at 'optimizer_states[0].param_groups[0].differentiable'
02:27:29.486 | WARNING (9612, stable_pretraining.callbacks.cpu_offload) | ... (299 more skipped) ...
02:27:29.486 | WARNING (9612, stable_pretraining.callbacks.cpu_offload) | Last 10 skipped objects:
02:27:29.486 | WARNING (9612, stable_pretraining.callbacks.cpu_offload) |   - int at 'lr_schedulers[0].warmup_steps'
02:27:29.486 | WARNING (9612, stable_pretraining.callbacks.cpu_offload) |   - int at 'lr_schedulers[0].max_steps'
02:27:29.486 | WARNING (9612, stable_pretraining.callbacks.cpu_offload) |   - float at 'lr_schedulers[0].warmup_start_lr'
02:27:29.486 | WARNING (9612, stable_pretraining.callbacks.cpu_offload) |   - float at 'lr_schedulers[0].eta_min'
02:27:29.486 | WARNING (9612, stable_pretraining.callbacks.cpu_offload) |   - float at 'lr_schedulers[0].base_lrs[0]'
02:27:29.486 | WARNING (9612, stable_pretraining.callbacks.cpu_offload) |   - int at 'lr_schedulers[0].last_epoch'
02:27:29.486 | WARNING (9612, stable_pretraining.callbacks.cpu_offload) |   - bool at 'lr_schedulers[0].verbose'
02:27:29.486 | WARNING (9612, stable_pretraining.callbacks.cpu_offload) |   - int at 'lr_schedulers[0]._step_count'
02:27:29.487 | WARNING (9612, stable_pretraining.callbacks.cpu_offload) |   - bool at 'lr_schedulers[0]._get_lr_called_within_step'
02:27:29.487 | WARNING (9612, stable_pretraining.callbacks.cpu_offload) |   - float at 'lr_schedulers[0]._last_lr[0]'
02:27:29.487 | INFO    (9612, stable_pretraining.callbacks.cpu_offload) | To see all 319 skipped objects, set log_skipped=True
02:27:29.487 | INFO    (9612, stable_pretraining.callbacks.cpu_offload) | GPU memory after offload:
02:27:29.487 | INFO    (9612, stable_pretraining.callbacks.cpu_offload) |   - Allocated: 0.24 GB
02:27:29.487 | INFO    (9612, stable_pretraining.callbacks.cpu_offload) |   - Reserved: 14.37 GB
02:27:29.487 | INFO    (9612, stable_pretraining.callbacks.cpu_offload) | GPU memory freed: 0.00 GB
02:27:29.487 | SUCCESS (9612, stable_pretraining.callbacks.cpu_offload) | CPUOffloadCallback: Checkpoint #9 completed in 0.19s
02:27:29.487 | INFO    (9612, stable_pretraining.callbacks.cpu_offload) | Successfully processed keys: ['state_dict', 'optimizer_states', 'lr_schedulers']
02:27:29.487 | INFO    (9612, stable_pretraining.callbacks.cpu_offload) | Cumulative stats:
02:27:29.487 | INFO    (9612, stable_pretraining.callbacks.cpu_offload) |   - Total checkpoints saved: 9
02:27:29.487 | INFO    (9612, stable_pretraining.callbacks.cpu_offload) |   - Total time in offload: 1.84s
02:27:29.487 | INFO    (9612, stable_pretraining.callbacks.cpu_offload) |   - Total memory freed: 0.00 GB
02:27:29.487 | INFO    (9612, stable_pretraining.callbacks.cpu_offload) |   - Average time per checkpoint: 0.20s
02:27:29.488 | INFO    (9612, stable_pretraining.callbacks.cpu_offload) | ============================================================
02:27:29.763 | INFO    (9612, stable_pretraining.callbacks.checkpoint_sklearn) | Checking for non PyTorch modules to save... 🔧
02:27:29.764 | INFO    (9612, stable_pretraining.callbacks.checkpoint_sklearn) | Checking for Wandb params to save... 🔧
02:27:29.764 | INFO    (9612, stable_pretraining.callbacks.checkpoint_sklearn) | Checking for Wandb params to save... Done!
02:27:29.764 | INFO    (9612, stable_pretraining.callbacks.cpu_offload) | ============================================================
02:27:29.764 | INFO    (9612, stable_pretraining.callbacks.cpu_offload) | CPUOffloadCallback: Starting checkpoint CPU offload (#10)
02:27:29.764 | INFO    (9612, stable_pretraining.callbacks.cpu_offload) |   - Global step: 25690
02:27:29.764 | INFO    (9612, stable_pretraining.callbacks.cpu_offload) |   - Epoch: 4
02:27:29.764 | INFO    (9612, stable_pretraining.callbacks.cpu_offload) | Checkpoint contains 10 keys: ['callbacks', 'epoch', 'global_step', 'hparams_name', 'hyper_parameters', 'loops', 'lr_schedulers', 'optimizer_states', 'pytorch-lightning_version', 'state_dict']
02:27:29.764 | INFO    (9612, stable_pretraining.callbacks.cpu_offload) | GPU memory before offload:
02:27:29.764 | INFO    (9612, stable_pretraining.callbacks.cpu_offload) |   - Allocated: 0.24 GB
02:27:29.765 | INFO    (9612, stable_pretraining.callbacks.cpu_offload) |   - Reserved: 14.37 GB
02:27:29.765 | INFO    (9612, stable_pretraining.callbacks.cpu_offload) | Processing checkpoint key: 'state_dict'
02:27:29.791 | SUCCESS (9612, stable_pretraining.callbacks.cpu_offload) | ✓ Completed 'state_dict' in 0.03s
02:27:29.791 | INFO    (9612, stable_pretraining.callbacks.cpu_offload) | Processing checkpoint key: 'optimizer_states'
02:27:29.874 | SUCCESS (9612, stable_pretraining.callbacks.cpu_offload) | ✓ Completed 'optimizer_states' in 0.08s
02:27:29.874 | INFO    (9612, stable_pretraining.callbacks.cpu_offload) | Processing checkpoint key: 'lr_schedulers'
02:27:29.875 | SUCCESS (9612, stable_pretraining.callbacks.cpu_offload) | ✓ Completed 'lr_schedulers' in 0.00s
02:27:29.875 | WARNING (9612, stable_pretraining.callbacks.cpu_offload) | Skipped 319 custom object(s)
02:27:29.875 | WARNING (9612, stable_pretraining.callbacks.cpu_offload) | First 10 skipped objects:
02:27:29.875 | WARNING (9612, stable_pretraining.callbacks.cpu_offload) |   - float at 'optimizer_states[0].param_groups[0].lr'
02:27:29.875 | WARNING (9612, stable_pretraining.callbacks.cpu_offload) |   - float at 'optimizer_states[0].param_groups[0].betas[0]'
02:27:29.875 | WARNING (9612, stable_pretraining.callbacks.cpu_offload) |   - float at 'optimizer_states[0].param_groups[0].betas[1]'
02:27:29.875 | WARNING (9612, stable_pretraining.callbacks.cpu_offload) |   - float at 'optimizer_states[0].param_groups[0].eps'
02:27:29.875 | WARNING (9612, stable_pretraining.callbacks.cpu_offload) |   - float at 'optimizer_states[0].param_groups[0].weight_decay'
02:27:29.875 | WARNING (9612, stable_pretraining.callbacks.cpu_offload) |   - bool at 'optimizer_states[0].param_groups[0].amsgrad'
02:27:29.875 | WARNING (9612, stable_pretraining.callbacks.cpu_offload) |   - NoneType at 'optimizer_states[0].param_groups[0].foreach'
02:27:29.875 | WARNING (9612, stable_pretraining.callbacks.cpu_offload) |   - bool at 'optimizer_states[0].param_groups[0].maximize'
02:27:29.875 | WARNING (9612, stable_pretraining.callbacks.cpu_offload) |   - bool at 'optimizer_states[0].param_groups[0].capturable'
02:27:29.875 | WARNING (9612, stable_pretraining.callbacks.cpu_offload) |   - bool at 'optimizer_states[0].param_groups[0].differentiable'
02:27:29.875 | WARNING (9612, stable_pretraining.callbacks.cpu_offload) | ... (299 more skipped) ...
02:27:29.875 | WARNING (9612, stable_pretraining.callbacks.cpu_offload) | Last 10 skipped objects:
02:27:29.875 | WARNING (9612, stable_pretraining.callbacks.cpu_offload) |   - int at 'lr_schedulers[0].warmup_steps'
02:27:29.875 | WARNING (9612, stable_pretraining.callbacks.cpu_offload) |   - int at 'lr_schedulers[0].max_steps'
02:27:29.875 | WARNING (9612, stable_pretraining.callbacks.cpu_offload) |   - float at 'lr_schedulers[0].warmup_start_lr'
02:27:29.875 | WARNING (9612, stable_pretraining.callbacks.cpu_offload) |   - float at 'lr_schedulers[0].eta_min'
02:27:29.875 | WARNING (9612, stable_pretraining.callbacks.cpu_offload) |   - float at 'lr_schedulers[0].base_lrs[0]'
02:27:29.875 | WARNING (9612, stable_pretraining.callbacks.cpu_offload) |   - int at 'lr_schedulers[0].last_epoch'
02:27:29.875 | WARNING (9612, stable_pretraining.callbacks.cpu_offload) |   - bool at 'lr_schedulers[0].verbose'
02:27:29.875 | WARNING (9612, stable_pretraining.callbacks.cpu_offload) |   - int at 'lr_schedulers[0]._step_count'
02:27:29.876 | WARNING (9612, stable_pretraining.callbacks.cpu_offload) |   - bool at 'lr_schedulers[0]._get_lr_called_within_step'
02:27:29.876 | WARNING (9612, stable_pretraining.callbacks.cpu_offload) |   - float at 'lr_schedulers[0]._last_lr[0]'
02:27:29.876 | INFO    (9612, stable_pretraining.callbacks.cpu_offload) | To see all 319 skipped objects, set log_skipped=True
02:27:29.876 | INFO    (9612, stable_pretraining.callbacks.cpu_offload) | GPU memory after offload:
02:27:29.876 | INFO    (9612, stable_pretraining.callbacks.cpu_offload) |   - Allocated: 0.24 GB
02:27:29.876 | INFO    (9612, stable_pretraining.callbacks.cpu_offload) |   - Reserved: 14.37 GB
02:27:29.876 | INFO    (9612, stable_pretraining.callbacks.cpu_offload) | GPU memory freed: 0.00 GB
02:27:29.876 | SUCCESS (9612, stable_pretraining.callbacks.cpu_offload) | CPUOffloadCallback: Checkpoint #10 completed in 0.11s
02:27:29.876 | INFO    (9612, stable_pretraining.callbacks.cpu_offload) | Successfully processed keys: ['state_dict', 'optimizer_states', 'lr_schedulers']
02:27:29.876 | INFO    (9612, stable_pretraining.callbacks.cpu_offload) | Cumulative stats:
02:27:29.876 | INFO    (9612, stable_pretraining.callbacks.cpu_offload) |   - Total checkpoints saved: 10
02:27:29.876 | INFO    (9612, stable_pretraining.callbacks.cpu_offload) |   - Total time in offload: 1.95s
02:27:29.876 | INFO    (9612, stable_pretraining.callbacks.cpu_offload) |   - Total memory freed: 0.00 GB
02:27:29.876 | INFO    (9612, stable_pretraining.callbacks.cpu_offload) |   - Average time per checkpoint: 0.20s
02:27:29.876 | INFO    (9612, stable_pretraining.callbacks.cpu_offload) | ============================================================
02:46:21.746 | WARNING (9612, stable_pretraining.module) | You are calling self.parameters which also gives callbacks parameters, to remove then, pass `with_callbacks=False`
02:48:02.277 | INFO    (9612, stable_pretraining.callbacks.trainer_info) | \n+----------------------------+----------------------+
|           Metric           |        Value         |
+----------------------------+----------------------+
|          [0;34;40mfit/loss[0m          | [0;32;40m0.15829718112945557[0m  |
|       [0;34;40mfit/pred_loss[0m        | [0;32;40m0.015719054266810417[0m |
|      [0;34;40mfit/sigreg_loss[0m       |      [0;32;40m1.5859375[0m       |
|       [0;34;40mvalidate/loss[0m        |  [0;32;40m0.3599240481853485[0m  |
|    [0;34;40mvalidate/loss_epoch[0m     |  [0;32;40m0.3599240481853485[0m  |
|     [0;34;40mvalidate/pred_loss[0m     | [0;32;40m0.06039810553193092[0m  |
|  [0;34;40mvalidate/pred_loss_epoch[0m  | [0;32;40m0.06039810553193092[0m  |
|    [0;34;40mvalidate/sigreg_loss[0m    |  [0;32;40m3.327670097351074[0m   |
| [0;34;40mvalidate/sigreg_loss_epoch[0m |  [0;32;40m3.327670097351074[0m   |
+----------------------------+----------------------+
02:48:02.485 | INFO    (9612, stable_pretraining.callbacks.checkpoint_sklearn) | Checking for non PyTorch modules to save... 🔧
02:48:02.486 | INFO    (9612, stable_pretraining.callbacks.checkpoint_sklearn) | Checking for Wandb params to save... 🔧
02:48:02.486 | INFO    (9612, stable_pretraining.callbacks.checkpoint_sklearn) | Checking for Wandb params to save... Done!
02:48:02.486 | INFO    (9612, stable_pretraining.callbacks.cpu_offload) | ============================================================
02:48:02.486 | INFO    (9612, stable_pretraining.callbacks.cpu_offload) | CPUOffloadCallback: Starting checkpoint CPU offload (#11)
02:48:02.486 | INFO    (9612, stable_pretraining.callbacks.cpu_offload) |   - Global step: 30828
02:48:02.486 | INFO    (9612, stable_pretraining.callbacks.cpu_offload) |   - Epoch: 5
02:48:02.487 | INFO    (9612, stable_pretraining.callbacks.cpu_offload) | Checkpoint contains 10 keys: ['callbacks', 'epoch', 'global_step', 'hparams_name', 'hyper_parameters', 'loops', 'lr_schedulers', 'optimizer_states', 'pytorch-lightning_version', 'state_dict']
02:48:02.487 | INFO    (9612, stable_pretraining.callbacks.cpu_offload) | GPU memory before offload:
02:48:02.487 | INFO    (9612, stable_pretraining.callbacks.cpu_offload) |   - Allocated: 0.24 GB
02:48:02.487 | INFO    (9612, stable_pretraining.callbacks.cpu_offload) |   - Reserved: 14.37 GB
02:48:02.488 | INFO    (9612, stable_pretraining.callbacks.cpu_offload) | Processing checkpoint key: 'state_dict'
02:48:02.589 | SUCCESS (9612, stable_pretraining.callbacks.cpu_offload) | ✓ Completed 'state_dict' in 0.10s
02:48:02.589 | INFO    (9612, stable_pretraining.callbacks.cpu_offload) | Processing checkpoint key: 'optimizer_states'
02:48:02.797 | SUCCESS (9612, stable_pretraining.callbacks.cpu_offload) | ✓ Completed 'optimizer_states' in 0.21s
02:48:02.797 | INFO    (9612, stable_pretraining.callbacks.cpu_offload) | Processing checkpoint key: 'lr_schedulers'
02:48:02.797 | SUCCESS (9612, stable_pretraining.callbacks.cpu_offload) | ✓ Completed 'lr_schedulers' in 0.00s
02:48:02.797 | WARNING (9612, stable_pretraining.callbacks.cpu_offload) | Skipped 319 custom object(s)
02:48:02.797 | WARNING (9612, stable_pretraining.callbacks.cpu_offload) | First 10 skipped objects:
02:48:02.797 | WARNING (9612, stable_pretraining.callbacks.cpu_offload) |   - float at 'optimizer_states[0].param_groups[0].lr'
02:48:02.798 | WARNING (9612, stable_pretraining.callbacks.cpu_offload) |   - float at 'optimizer_states[0].param_groups[0].betas[0]'
02:48:02.798 | WARNING (9612, stable_pretraining.callbacks.cpu_offload) |   - float at 'optimizer_states[0].param_groups[0].betas[1]'
02:48:02.798 | WARNING (9612, stable_pretraining.callbacks.cpu_offload) |   - float at 'optimizer_states[0].param_groups[0].eps'
02:48:02.798 | WARNING (9612, stable_pretraining.callbacks.cpu_offload) |   - float at 'optimizer_states[0].param_groups[0].weight_decay'
02:48:02.798 | WARNING (9612, stable_pretraining.callbacks.cpu_offload) |   - bool at 'optimizer_states[0].param_groups[0].amsgrad'
02:48:02.798 | WARNING (9612, stable_pretraining.callbacks.cpu_offload) |   - NoneType at 'optimizer_states[0].param_groups[0].foreach'
02:48:02.798 | WARNING (9612, stable_pretraining.callbacks.cpu_offload) |   - bool at 'optimizer_states[0].param_groups[0].maximize'
02:48:02.798 | WARNING (9612, stable_pretraining.callbacks.cpu_offload) |   - bool at 'optimizer_states[0].param_groups[0].capturable'
02:48:02.798 | WARNING (9612, stable_pretraining.callbacks.cpu_offload) |   - bool at 'optimizer_states[0].param_groups[0].differentiable'
02:48:02.798 | WARNING (9612, stable_pretraining.callbacks.cpu_offload) | ... (299 more skipped) ...
02:48:02.798 | WARNING (9612, stable_pretraining.callbacks.cpu_offload) | Last 10 skipped objects:
02:48:02.799 | WARNING (9612, stable_pretraining.callbacks.cpu_offload) |   - int at 'lr_schedulers[0].warmup_steps'
02:48:02.799 | WARNING (9612, stable_pretraining.callbacks.cpu_offload) |   - int at 'lr_schedulers[0].max_steps'
02:48:02.799 | WARNING (9612, stable_pretraining.callbacks.cpu_offload) |   - float at 'lr_schedulers[0].warmup_start_lr'
02:48:02.799 | WARNING (9612, stable_pretraining.callbacks.cpu_offload) |   - float at 'lr_schedulers[0].eta_min'
02:48:02.799 | WARNING (9612, stable_pretraining.callbacks.cpu_offload) |   - float at 'lr_schedulers[0].base_lrs[0]'
02:48:02.799 | WARNING (9612, stable_pretraining.callbacks.cpu_offload) |   - int at 'lr_schedulers[0].last_epoch'
02:48:02.799 | WARNING (9612, stable_pretraining.callbacks.cpu_offload) |   - bool at 'lr_schedulers[0].verbose'
02:48:02.799 | WARNING (9612, stable_pretraining.callbacks.cpu_offload) |   - int at 'lr_schedulers[0]._step_count'
02:48:02.799 | WARNING (9612, stable_pretraining.callbacks.cpu_offload) |   - bool at 'lr_schedulers[0]._get_lr_called_within_step'
02:48:02.799 | WARNING (9612, stable_pretraining.callbacks.cpu_offload) |   - float at 'lr_schedulers[0]._last_lr[0]'
02:48:02.799 | INFO    (9612, stable_pretraining.callbacks.cpu_offload) | To see all 319 skipped objects, set log_skipped=True
02:48:02.800 | INFO    (9612, stable_pretraining.callbacks.cpu_offload) | GPU memory after offload:
02:48:02.800 | INFO    (9612, stable_pretraining.callbacks.cpu_offload) |   - Allocated: 0.24 GB
02:48:02.800 | INFO    (9612, stable_pretraining.callbacks.cpu_offload) |   - Reserved: 14.37 GB
02:48:02.800 | INFO    (9612, stable_pretraining.callbacks.cpu_offload) | GPU memory freed: 0.00 GB
02:48:02.800 | SUCCESS (9612, stable_pretraining.callbacks.cpu_offload) | CPUOffloadCallback: Checkpoint #11 completed in 0.31s
02:48:02.800 | INFO    (9612, stable_pretraining.callbacks.cpu_offload) | Successfully processed keys: ['state_dict', 'optimizer_states', 'lr_schedulers']
02:48:02.800 | INFO    (9612, stable_pretraining.callbacks.cpu_offload) | Cumulative stats:
02:48:02.800 | INFO    (9612, stable_pretraining.callbacks.cpu_offload) |   - Total checkpoints saved: 11
02:48:02.800 | INFO    (9612, stable_pretraining.callbacks.cpu_offload) |   - Total time in offload: 2.27s
02:48:02.800 | INFO    (9612, stable_pretraining.callbacks.cpu_offload) |   - Total memory freed: 0.00 GB
02:48:02.800 | INFO    (9612, stable_pretraining.callbacks.cpu_offload) |   - Average time per checkpoint: 0.21s
02:48:02.800 | INFO    (9612, stable_pretraining.callbacks.cpu_offload) | ============================================================
02:48:03.323 | INFO    (9612, stable_pretraining.callbacks.checkpoint_sklearn) | Checking for non PyTorch modules to save... 🔧
02:48:03.324 | INFO    (9612, stable_pretraining.callbacks.checkpoint_sklearn) | Checking for Wandb params to save... 🔧
02:48:03.324 | INFO    (9612, stable_pretraining.callbacks.checkpoint_sklearn) | Checking for Wandb params to save... Done!
02:48:03.324 | INFO    (9612, stable_pretraining.callbacks.cpu_offload) | ============================================================
02:48:03.324 | INFO    (9612, stable_pretraining.callbacks.cpu_offload) | CPUOffloadCallback: Starting checkpoint CPU offload (#12)
02:48:03.324 | INFO    (9612, stable_pretraining.callbacks.cpu_offload) |   - Global step: 30828
02:48:03.324 | INFO    (9612, stable_pretraining.callbacks.cpu_offload) |   - Epoch: 5
02:48:03.325 | INFO    (9612, stable_pretraining.callbacks.cpu_offload) | Checkpoint contains 10 keys: ['callbacks', 'epoch', 'global_step', 'hparams_name', 'hyper_parameters', 'loops', 'lr_schedulers', 'optimizer_states', 'pytorch-lightning_version', 'state_dict']
02:48:03.325 | INFO    (9612, stable_pretraining.callbacks.cpu_offload) | GPU memory before offload:
02:48:03.325 | INFO    (9612, stable_pretraining.callbacks.cpu_offload) |   - Allocated: 0.24 GB
02:48:03.325 | INFO    (9612, stable_pretraining.callbacks.cpu_offload) |   - Reserved: 14.37 GB
02:48:03.325 | INFO    (9612, stable_pretraining.callbacks.cpu_offload) | Processing checkpoint key: 'state_dict'
02:48:03.420 | SUCCESS (9612, stable_pretraining.callbacks.cpu_offload) | ✓ Completed 'state_dict' in 0.09s
02:48:03.421 | INFO    (9612, stable_pretraining.callbacks.cpu_offload) | Processing checkpoint key: 'optimizer_states'
02:48:03.583 | SUCCESS (9612, stable_pretraining.callbacks.cpu_offload) | ✓ Completed 'optimizer_states' in 0.16s
02:48:03.584 | INFO    (9612, stable_pretraining.callbacks.cpu_offload) | Processing checkpoint key: 'lr_schedulers'
02:48:03.584 | SUCCESS (9612, stable_pretraining.callbacks.cpu_offload) | ✓ Completed 'lr_schedulers' in 0.00s
02:48:03.584 | WARNING (9612, stable_pretraining.callbacks.cpu_offload) | Skipped 319 custom object(s)
02:48:03.584 | WARNING (9612, stable_pretraining.callbacks.cpu_offload) | First 10 skipped objects:
02:48:03.584 | WARNING (9612, stable_pretraining.callbacks.cpu_offload) |   - float at 'optimizer_states[0].param_groups[0].lr'
02:48:03.584 | WARNING (9612, stable_pretraining.callbacks.cpu_offload) |   - float at 'optimizer_states[0].param_groups[0].betas[0]'
02:48:03.584 | WARNING (9612, stable_pretraining.callbacks.cpu_offload) |   - float at 'optimizer_states[0].param_groups[0].betas[1]'
02:48:03.584 | WARNING (9612, stable_pretraining.callbacks.cpu_offload) |   - float at 'optimizer_states[0].param_groups[0].eps'
02:48:03.584 | WARNING (9612, stable_pretraining.callbacks.cpu_offload) |   - float at 'optimizer_states[0].param_groups[0].weight_decay'
02:48:03.584 | WARNING (9612, stable_pretraining.callbacks.cpu_offload) |   - bool at 'optimizer_states[0].param_groups[0].amsgrad'
02:48:03.584 | WARNING (9612, stable_pretraining.callbacks.cpu_offload) |   - NoneType at 'optimizer_states[0].param_groups[0].foreach'
02:48:03.584 | WARNING (9612, stable_pretraining.callbacks.cpu_offload) |   - bool at 'optimizer_states[0].param_groups[0].maximize'
02:48:03.584 | WARNING (9612, stable_pretraining.callbacks.cpu_offload) |   - bool at 'optimizer_states[0].param_groups[0].capturable'
02:48:03.585 | WARNING (9612, stable_pretraining.callbacks.cpu_offload) |   - bool at 'optimizer_states[0].param_groups[0].differentiable'
02:48:03.585 | WARNING (9612, stable_pretraining.callbacks.cpu_offload) | ... (299 more skipped) ...
02:48:03.585 | WARNING (9612, stable_pretraining.callbacks.cpu_offload) | Last 10 skipped objects:
02:48:03.585 | WARNING (9612, stable_pretraining.callbacks.cpu_offload) |   - int at 'lr_schedulers[0].warmup_steps'
02:48:03.585 | WARNING (9612, stable_pretraining.callbacks.cpu_offload) |   - int at 'lr_schedulers[0].max_steps'
02:48:03.585 | WARNING (9612, stable_pretraining.callbacks.cpu_offload) |   - float at 'lr_schedulers[0].warmup_start_lr'
02:48:03.585 | WARNING (9612, stable_pretraining.callbacks.cpu_offload) |   - float at 'lr_schedulers[0].eta_min'
02:48:03.585 | WARNING (9612, stable_pretraining.callbacks.cpu_offload) |   - float at 'lr_schedulers[0].base_lrs[0]'
02:48:03.585 | WARNING (9612, stable_pretraining.callbacks.cpu_offload) |   - int at 'lr_schedulers[0].last_epoch'
02:48:03.585 | WARNING (9612, stable_pretraining.callbacks.cpu_offload) |   - bool at 'lr_schedulers[0].verbose'
02:48:03.585 | WARNING (9612, stable_pretraining.callbacks.cpu_offload) |   - int at 'lr_schedulers[0]._step_count'
02:48:03.585 | WARNING (9612, stable_pretraining.callbacks.cpu_offload) |   - bool at 'lr_schedulers[0]._get_lr_called_within_step'
02:48:03.585 | WARNING (9612, stable_pretraining.callbacks.cpu_offload) |   - float at 'lr_schedulers[0]._last_lr[0]'
02:48:03.586 | INFO    (9612, stable_pretraining.callbacks.cpu_offload) | To see all 319 skipped objects, set log_skipped=True
02:48:03.586 | INFO    (9612, stable_pretraining.callbacks.cpu_offload) | GPU memory after offload:
02:48:03.586 | INFO    (9612, stable_pretraining.callbacks.cpu_offload) |   - Allocated: 0.24 GB
02:48:03.586 | INFO    (9612, stable_pretraining.callbacks.cpu_offload) |   - Reserved: 14.37 GB
02:48:03.586 | INFO    (9612, stable_pretraining.callbacks.cpu_offload) | GPU memory freed: 0.00 GB
02:48:03.586 | SUCCESS (9612, stable_pretraining.callbacks.cpu_offload) | CPUOffloadCallback: Checkpoint #12 completed in 0.26s
02:48:03.586 | INFO    (9612, stable_pretraining.callbacks.cpu_offload) | Successfully processed keys: ['state_dict', 'optimizer_states', 'lr_schedulers']
02:48:03.586 | INFO    (9612, stable_pretraining.callbacks.cpu_offload) | Cumulative stats:
02:48:03.586 | INFO    (9612, stable_pretraining.callbacks.cpu_offload) |   - Total checkpoints saved: 12
02:48:03.586 | INFO    (9612, stable_pretraining.callbacks.cpu_offload) |   - Total time in offload: 2.53s
02:48:03.587 | INFO    (9612, stable_pretraining.callbacks.cpu_offload) |   - Total memory freed: 0.00 GB
02:48:03.587 | INFO    (9612, stable_pretraining.callbacks.cpu_offload) |   - Average time per checkpoint: 0.21s
02:48:03.587 | INFO    (9612, stable_pretraining.callbacks.cpu_offload) | ============================================================
03:07:00.554 | WARNING (9612, stable_pretraining.module) | You are calling self.parameters which also gives callbacks parameters, to remove then, pass `with_callbacks=False`
03:08:26.059 | INFO    (9612, stable_pretraining.callbacks.trainer_info) | \n+----------------------------+----------------------+
|           Metric           |        Value         |
+----------------------------+----------------------+
|          [0;34;40mfit/loss[0m          |  [0;32;40m0.1657273769378662[0m  |
|       [0;34;40mfit/pred_loss[0m        | [0;32;40m0.013383629731833935[0m |
|      [0;34;40mfit/sigreg_loss[0m       |        [0;32;40m1.6875[0m        |
|       [0;34;40mvalidate/loss[0m        |  [0;32;40m0.1849994957447052[0m  |
|    [0;34;40mvalidate/loss_epoch[0m     |  [0;32;40m0.1849994957447052[0m  |
|     [0;34;40mvalidate/pred_loss[0m     | [0;32;40m0.012238665483891964[0m |
|  [0;34;40mvalidate/pred_loss_epoch[0m  | [0;32;40m0.012238665483891964[0m |
|    [0;34;40mvalidate/sigreg_loss[0m    |  [0;32;40m1.9195547103881836[0m  |
| [0;34;40mvalidate/sigreg_loss_epoch[0m |  [0;32;40m1.9195547103881836[0m  |
+----------------------------+----------------------+
03:08:26.184 | INFO    (9612, stable_pretraining.callbacks.checkpoint_sklearn) | Checking for non PyTorch modules to save... 🔧
03:08:26.184 | INFO    (9612, stable_pretraining.callbacks.checkpoint_sklearn) | Checking for Wandb params to save... 🔧
03:08:26.184 | INFO    (9612, stable_pretraining.callbacks.checkpoint_sklearn) | Checking for Wandb params to save... Done!
03:08:26.184 | INFO    (9612, stable_pretraining.callbacks.cpu_offload) | ============================================================
03:08:26.184 | INFO    (9612, stable_pretraining.callbacks.cpu_offload) | CPUOffloadCallback: Starting checkpoint CPU offload (#13)
03:08:26.184 | INFO    (9612, stable_pretraining.callbacks.cpu_offload) |   - Global step: 35966
03:08:26.184 | INFO    (9612, stable_pretraining.callbacks.cpu_offload) |   - Epoch: 6
03:08:26.184 | INFO    (9612, stable_pretraining.callbacks.cpu_offload) | Checkpoint contains 10 keys: ['callbacks', 'epoch', 'global_step', 'hparams_name', 'hyper_parameters', 'loops', 'lr_schedulers', 'optimizer_states', 'pytorch-lightning_version', 'state_dict']
03:08:26.185 | INFO    (9612, stable_pretraining.callbacks.cpu_offload) | GPU memory before offload:
03:08:26.185 | INFO    (9612, stable_pretraining.callbacks.cpu_offload) |   - Allocated: 0.24 GB
03:08:26.185 | INFO    (9612, stable_pretraining.callbacks.cpu_offload) |   - Reserved: 14.37 GB
03:08:26.185 | INFO    (9612, stable_pretraining.callbacks.cpu_offload) | Processing checkpoint key: 'state_dict'
03:08:26.232 | SUCCESS (9612, stable_pretraining.callbacks.cpu_offload) | ✓ Completed 'state_dict' in 0.05s
03:08:26.232 | INFO    (9612, stable_pretraining.callbacks.cpu_offload) | Processing checkpoint key: 'optimizer_states'
03:08:26.350 | SUCCESS (9612, stable_pretraining.callbacks.cpu_offload) | ✓ Completed 'optimizer_states' in 0.12s
03:08:26.350 | INFO    (9612, stable_pretraining.callbacks.cpu_offload) | Processing checkpoint key: 'lr_schedulers'
03:08:26.350 | SUCCESS (9612, stable_pretraining.callbacks.cpu_offload) | ✓ Completed 'lr_schedulers' in 0.00s
03:08:26.350 | WARNING (9612, stable_pretraining.callbacks.cpu_offload) | Skipped 319 custom object(s)
03:08:26.350 | WARNING (9612, stable_pretraining.callbacks.cpu_offload) | First 10 skipped objects:
03:08:26.350 | WARNING (9612, stable_pretraining.callbacks.cpu_offload) |   - float at 'optimizer_states[0].param_groups[0].lr'
03:08:26.350 | WARNING (9612, stable_pretraining.callbacks.cpu_offload) |   - float at 'optimizer_states[0].param_groups[0].betas[0]'
03:08:26.350 | WARNING (9612, stable_pretraining.callbacks.cpu_offload) |   - float at 'optimizer_states[0].param_groups[0].betas[1]'
03:08:26.350 | WARNING (9612, stable_pretraining.callbacks.cpu_offload) |   - float at 'optimizer_states[0].param_groups[0].eps'
03:08:26.350 | WARNING (9612, stable_pretraining.callbacks.cpu_offload) |   - float at 'optimizer_states[0].param_groups[0].weight_decay'
03:08:26.351 | WARNING (9612, stable_pretraining.callbacks.cpu_offload) |   - bool at 'optimizer_states[0].param_groups[0].amsgrad'
03:08:26.351 | WARNING (9612, stable_pretraining.callbacks.cpu_offload) |   - NoneType at 'optimizer_states[0].param_groups[0].foreach'
03:08:26.351 | WARNING (9612, stable_pretraining.callbacks.cpu_offload) |   - bool at 'optimizer_states[0].param_groups[0].maximize'
03:08:26.351 | WARNING (9612, stable_pretraining.callbacks.cpu_offload) |   - bool at 'optimizer_states[0].param_groups[0].capturable'
03:08:26.351 | WARNING (9612, stable_pretraining.callbacks.cpu_offload) |   - bool at 'optimizer_states[0].param_groups[0].differentiable'
03:08:26.351 | WARNING (9612, stable_pretraining.callbacks.cpu_offload) | ... (299 more skipped) ...
03:08:26.351 | WARNING (9612, stable_pretraining.callbacks.cpu_offload) | Last 10 skipped objects:
03:08:26.351 | WARNING (9612, stable_pretraining.callbacks.cpu_offload) |   - int at 'lr_schedulers[0].warmup_steps'
03:08:26.351 | WARNING (9612, stable_pretraining.callbacks.cpu_offload) |   - int at 'lr_schedulers[0].max_steps'
03:08:26.351 | WARNING (9612, stable_pretraining.callbacks.cpu_offload) |   - float at 'lr_schedulers[0].warmup_start_lr'
03:08:26.351 | WARNING (9612, stable_pretraining.callbacks.cpu_offload) |   - float at 'lr_schedulers[0].eta_min'
03:08:26.351 | WARNING (9612, stable_pretraining.callbacks.cpu_offload) |   - float at 'lr_schedulers[0].base_lrs[0]'
03:08:26.351 | WARNING (9612, stable_pretraining.callbacks.cpu_offload) |   - int at 'lr_schedulers[0].last_epoch'
03:08:26.351 | WARNING (9612, stable_pretraining.callbacks.cpu_offload) |   - bool at 'lr_schedulers[0].verbose'
03:08:26.351 | WARNING (9612, stable_pretraining.callbacks.cpu_offload) |   - int at 'lr_schedulers[0]._step_count'
03:08:26.351 | WARNING (9612, stable_pretraining.callbacks.cpu_offload) |   - bool at 'lr_schedulers[0]._get_lr_called_within_step'
03:08:26.351 | WARNING (9612, stable_pretraining.callbacks.cpu_offload) |   - float at 'lr_schedulers[0]._last_lr[0]'
03:08:26.351 | INFO    (9612, stable_pretraining.callbacks.cpu_offload) | To see all 319 skipped objects, set log_skipped=True
03:08:26.351 | INFO    (9612, stable_pretraining.callbacks.cpu_offload) | GPU memory after offload:
03:08:26.352 | INFO    (9612, stable_pretraining.callbacks.cpu_offload) |   - Allocated: 0.24 GB
03:08:26.352 | INFO    (9612, stable_pretraining.callbacks.cpu_offload) |   - Reserved: 14.37 GB
03:08:26.352 | INFO    (9612, stable_pretraining.callbacks.cpu_offload) | GPU memory freed: 0.00 GB
03:08:26.352 | SUCCESS (9612, stable_pretraining.callbacks.cpu_offload) | CPUOffloadCallback: Checkpoint #13 completed in 0.17s
03:08:26.352 | INFO    (9612, stable_pretraining.callbacks.cpu_offload) | Successfully processed keys: ['state_dict', 'optimizer_states', 'lr_schedulers']
03:08:26.352 | INFO    (9612, stable_pretraining.callbacks.cpu_offload) | Cumulative stats:
03:08:26.352 | INFO    (9612, stable_pretraining.callbacks.cpu_offload) |   - Total checkpoints saved: 13
03:08:26.352 | INFO    (9612, stable_pretraining.callbacks.cpu_offload) |   - Total time in offload: 2.70s
03:08:26.352 | INFO    (9612, stable_pretraining.callbacks.cpu_offload) |   - Total memory freed: 0.00 GB
03:08:26.352 | INFO    (9612, stable_pretraining.callbacks.cpu_offload) |   - Average time per checkpoint: 0.21s
03:08:26.352 | INFO    (9612, stable_pretraining.callbacks.cpu_offload) | ============================================================
03:08:26.623 | INFO    (9612, stable_pretraining.callbacks.checkpoint_sklearn) | Checking for non PyTorch modules to save... 🔧
03:08:26.623 | INFO    (9612, stable_pretraining.callbacks.checkpoint_sklearn) | Checking for Wandb params to save... 🔧
03:08:26.623 | INFO    (9612, stable_pretraining.callbacks.checkpoint_sklearn) | Checking for Wandb params to save... Done!
03:08:26.623 | INFO    (9612, stable_pretraining.callbacks.cpu_offload) | ============================================================
03:08:26.623 | INFO    (9612, stable_pretraining.callbacks.cpu_offload) | CPUOffloadCallback: Starting checkpoint CPU offload (#14)
03:08:26.623 | INFO    (9612, stable_pretraining.callbacks.cpu_offload) |   - Global step: 35966
03:08:26.624 | INFO    (9612, stable_pretraining.callbacks.cpu_offload) |   - Epoch: 6
03:08:26.624 | INFO    (9612, stable_pretraining.callbacks.cpu_offload) | Checkpoint contains 10 keys: ['callbacks', 'epoch', 'global_step', 'hparams_name', 'hyper_parameters', 'loops', 'lr_schedulers', 'optimizer_states', 'pytorch-lightning_version', 'state_dict']
03:08:26.624 | INFO    (9612, stable_pretraining.callbacks.cpu_offload) | GPU memory before offload:
03:08:26.624 | INFO    (9612, stable_pretraining.callbacks.cpu_offload) |   - Allocated: 0.24 GB
03:08:26.624 | INFO    (9612, stable_pretraining.callbacks.cpu_offload) |   - Reserved: 14.37 GB
03:08:26.624 | INFO    (9612, stable_pretraining.callbacks.cpu_offload) | Processing checkpoint key: 'state_dict'
03:08:26.652 | SUCCESS (9612, stable_pretraining.callbacks.cpu_offload) | ✓ Completed 'state_dict' in 0.03s
03:08:26.652 | INFO    (9612, stable_pretraining.callbacks.cpu_offload) | Processing checkpoint key: 'optimizer_states'
03:08:26.721 | SUCCESS (9612, stable_pretraining.callbacks.cpu_offload) | ✓ Completed 'optimizer_states' in 0.07s
03:08:26.722 | INFO    (9612, stable_pretraining.callbacks.cpu_offload) | Processing checkpoint key: 'lr_schedulers'
03:08:26.722 | SUCCESS (9612, stable_pretraining.callbacks.cpu_offload) | ✓ Completed 'lr_schedulers' in 0.00s
03:08:26.722 | WARNING (9612, stable_pretraining.callbacks.cpu_offload) | Skipped 319 custom object(s)
03:08:26.722 | WARNING (9612, stable_pretraining.callbacks.cpu_offload) | First 10 skipped objects:
03:08:26.722 | WARNING (9612, stable_pretraining.callbacks.cpu_offload) |   - float at 'optimizer_states[0].param_groups[0].lr'
03:08:26.722 | WARNING (9612, stable_pretraining.callbacks.cpu_offload) |   - float at 'optimizer_states[0].param_groups[0].betas[0]'
03:08:26.722 | WARNING (9612, stable_pretraining.callbacks.cpu_offload) |   - float at 'optimizer_states[0].param_groups[0].betas[1]'
03:08:26.722 | WARNING (9612, stable_pretraining.callbacks.cpu_offload) |   - float at 'optimizer_states[0].param_groups[0].eps'
03:08:26.722 | WARNING (9612, stable_pretraining.callbacks.cpu_offload) |   - float at 'optimizer_states[0].param_groups[0].weight_decay'
03:08:26.722 | WARNING (9612, stable_pretraining.callbacks.cpu_offload) |   - bool at 'optimizer_states[0].param_groups[0].amsgrad'
03:08:26.722 | WARNING (9612, stable_pretraining.callbacks.cpu_offload) |   - NoneType at 'optimizer_states[0].param_groups[0].foreach'
03:08:26.722 | WARNING (9612, stable_pretraining.callbacks.cpu_offload) |   - bool at 'optimizer_states[0].param_groups[0].maximize'
03:08:26.722 | WARNING (9612, stable_pretraining.callbacks.cpu_offload) |   - bool at 'optimizer_states[0].param_groups[0].capturable'
03:08:26.722 | WARNING (9612, stable_pretraining.callbacks.cpu_offload) |   - bool at 'optimizer_states[0].param_groups[0].differentiable'
03:08:26.722 | WARNING (9612, stable_pretraining.callbacks.cpu_offload) | ... (299 more skipped) ...
03:08:26.722 | WARNING (9612, stable_pretraining.callbacks.cpu_offload) | Last 10 skipped objects:
03:08:26.722 | WARNING (9612, stable_pretraining.callbacks.cpu_offload) |   - int at 'lr_schedulers[0].warmup_steps'
03:08:26.722 | WARNING (9612, stable_pretraining.callbacks.cpu_offload) |   - int at 'lr_schedulers[0].max_steps'
03:08:26.722 | WARNING (9612, stable_pretraining.callbacks.cpu_offload) |   - float at 'lr_schedulers[0].warmup_start_lr'
03:08:26.722 | WARNING (9612, stable_pretraining.callbacks.cpu_offload) |   - float at 'lr_schedulers[0].eta_min'
03:08:26.722 | WARNING (9612, stable_pretraining.callbacks.cpu_offload) |   - float at 'lr_schedulers[0].base_lrs[0]'
03:08:26.722 | WARNING (9612, stable_pretraining.callbacks.cpu_offload) |   - int at 'lr_schedulers[0].last_epoch'
03:08:26.722 | WARNING (9612, stable_pretraining.callbacks.cpu_offload) |   - bool at 'lr_schedulers[0].verbose'
03:08:26.723 | WARNING (9612, stable_pretraining.callbacks.cpu_offload) |   - int at 'lr_schedulers[0]._step_count'
03:08:26.723 | WARNING (9612, stable_pretraining.callbacks.cpu_offload) |   - bool at 'lr_schedulers[0]._get_lr_called_within_step'
03:08:26.723 | WARNING (9612, stable_pretraining.callbacks.cpu_offload) |   - float at 'lr_schedulers[0]._last_lr[0]'
03:08:26.723 | INFO    (9612, stable_pretraining.callbacks.cpu_offload) | To see all 319 skipped objects, set log_skipped=True
03:08:26.723 | INFO    (9612, stable_pretraining.callbacks.cpu_offload) | GPU memory after offload:
03:08:26.723 | INFO    (9612, stable_pretraining.callbacks.cpu_offload) |   - Allocated: 0.24 GB
03:08:26.723 | INFO    (9612, stable_pretraining.callbacks.cpu_offload) |   - Reserved: 14.37 GB
03:08:26.723 | INFO    (9612, stable_pretraining.callbacks.cpu_offload) | GPU memory freed: 0.00 GB
03:08:26.723 | SUCCESS (9612, stable_pretraining.callbacks.cpu_offload) | CPUOffloadCallback: Checkpoint #14 completed in 0.10s
03:08:26.723 | INFO    (9612, stable_pretraining.callbacks.cpu_offload) | Successfully processed keys: ['state_dict', 'optimizer_states', 'lr_schedulers']
03:08:26.723 | INFO    (9612, stable_pretraining.callbacks.cpu_offload) | Cumulative stats:
03:08:26.723 | INFO    (9612, stable_pretraining.callbacks.cpu_offload) |   - Total checkpoints saved: 14
03:08:26.723 | INFO    (9612, stable_pretraining.callbacks.cpu_offload) |   - Total time in offload: 2.80s
03:08:26.723 | INFO    (9612, stable_pretraining.callbacks.cpu_offload) |   - Total memory freed: 0.00 GB
03:08:26.723 | INFO    (9612, stable_pretraining.callbacks.cpu_offload) |   - Average time per checkpoint: 0.20s
03:08:26.723 | INFO    (9612, stable_pretraining.callbacks.cpu_offload) | ============================================================
03:27:23.665 | WARNING (9612, stable_pretraining.module) | You are calling self.parameters which also gives callbacks parameters, to remove then, pass `with_callbacks=False`
03:28:47.839 | INFO    (9612, stable_pretraining.callbacks.trainer_info) | \n+----------------------------+---------------------+
|           Metric           |        Value        |
+----------------------------+---------------------+
|          [0;34;40mfit/loss[0m          | [0;32;40m0.15447872877120972[0m |
|       [0;34;40mfit/pred_loss[0m        | [0;32;40m0.01775997318327427[0m |
|      [0;34;40mfit/sigreg_loss[0m       |      [0;32;40m1.5234375[0m      |
|       [0;34;40mvalidate/loss[0m        | [0;32;40m0.17410331964492798[0m |
|    [0;34;40mvalidate/loss_epoch[0m     | [0;32;40m0.17410331964492798[0m |
|     [0;34;40mvalidate/pred_loss[0m     | [0;32;40m0.00821734219789505[0m |
|  [0;34;40mvalidate/pred_loss_epoch[0m  | [0;32;40m0.00821734219789505[0m |
|    [0;34;40mvalidate/sigreg_loss[0m    |  [0;32;40m1.8432796001434326[0m |
| [0;34;40mvalidate/sigreg_loss_epoch[0m |  [0;32;40m1.8432796001434326[0m |
+----------------------------+---------------------+
03:28:48.087 | INFO    (9612, stable_pretraining.callbacks.checkpoint_sklearn) | Checking for non PyTorch modules to save... 🔧
03:28:48.087 | INFO    (9612, stable_pretraining.callbacks.checkpoint_sklearn) | Checking for Wandb params to save... 🔧
03:28:48.087 | INFO    (9612, stable_pretraining.callbacks.checkpoint_sklearn) | Checking for Wandb params to save... Done!
03:28:48.087 | INFO    (9612, stable_pretraining.callbacks.cpu_offload) | ============================================================
03:28:48.087 | INFO    (9612, stable_pretraining.callbacks.cpu_offload) | CPUOffloadCallback: Starting checkpoint CPU offload (#15)
03:28:48.087 | INFO    (9612, stable_pretraining.callbacks.cpu_offload) |   - Global step: 41104
03:28:48.087 | INFO    (9612, stable_pretraining.callbacks.cpu_offload) |   - Epoch: 7
03:28:48.087 | INFO    (9612, stable_pretraining.callbacks.cpu_offload) | Checkpoint contains 10 keys: ['callbacks', 'epoch', 'global_step', 'hparams_name', 'hyper_parameters', 'loops', 'lr_schedulers', 'optimizer_states', 'pytorch-lightning_version', 'state_dict']
03:28:48.088 | INFO    (9612, stable_pretraining.callbacks.cpu_offload) | GPU memory before offload:
03:28:48.088 | INFO    (9612, stable_pretraining.callbacks.cpu_offload) |   - Allocated: 0.24 GB
03:28:48.088 | INFO    (9612, stable_pretraining.callbacks.cpu_offload) |   - Reserved: 14.37 GB
03:28:48.088 | INFO    (9612, stable_pretraining.callbacks.cpu_offload) | Processing checkpoint key: 'state_dict'
03:28:48.138 | SUCCESS (9612, stable_pretraining.callbacks.cpu_offload) | ✓ Completed 'state_dict' in 0.05s
03:28:48.138 | INFO    (9612, stable_pretraining.callbacks.cpu_offload) | Processing checkpoint key: 'optimizer_states'
03:28:48.273 | SUCCESS (9612, stable_pretraining.callbacks.cpu_offload) | ✓ Completed 'optimizer_states' in 0.13s
03:28:48.273 | INFO    (9612, stable_pretraining.callbacks.cpu_offload) | Processing checkpoint key: 'lr_schedulers'
03:28:48.273 | SUCCESS (9612, stable_pretraining.callbacks.cpu_offload) | ✓ Completed 'lr_schedulers' in 0.00s
03:28:48.273 | WARNING (9612, stable_pretraining.callbacks.cpu_offload) | Skipped 319 custom object(s)
03:28:48.273 | WARNING (9612, stable_pretraining.callbacks.cpu_offload) | First 10 skipped objects:
03:28:48.273 | WARNING (9612, stable_pretraining.callbacks.cpu_offload) |   - float at 'optimizer_states[0].param_groups[0].lr'
03:28:48.273 | WARNING (9612, stable_pretraining.callbacks.cpu_offload) |   - float at 'optimizer_states[0].param_groups[0].betas[0]'
03:28:48.273 | WARNING (9612, stable_pretraining.callbacks.cpu_offload) |   - float at 'optimizer_states[0].param_groups[0].betas[1]'
03:28:48.273 | WARNING (9612, stable_pretraining.callbacks.cpu_offload) |   - float at 'optimizer_states[0].param_groups[0].eps'
03:28:48.274 | WARNING (9612, stable_pretraining.callbacks.cpu_offload) |   - float at 'optimizer_states[0].param_groups[0].weight_decay'
03:28:48.274 | WARNING (9612, stable_pretraining.callbacks.cpu_offload) |   - bool at 'optimizer_states[0].param_groups[0].amsgrad'
03:28:48.274 | WARNING (9612, stable_pretraining.callbacks.cpu_offload) |   - NoneType at 'optimizer_states[0].param_groups[0].foreach'
03:28:48.274 | WARNING (9612, stable_pretraining.callbacks.cpu_offload) |   - bool at 'optimizer_states[0].param_groups[0].maximize'
03:28:48.274 | WARNING (9612, stable_pretraining.callbacks.cpu_offload) |   - bool at 'optimizer_states[0].param_groups[0].capturable'
03:28:48.274 | WARNING (9612, stable_pretraining.callbacks.cpu_offload) |   - bool at 'optimizer_states[0].param_groups[0].differentiable'
03:28:48.274 | WARNING (9612, stable_pretraining.callbacks.cpu_offload) | ... (299 more skipped) ...
03:28:48.274 | WARNING (9612, stable_pretraining.callbacks.cpu_offload) | Last 10 skipped objects:
03:28:48.274 | WARNING (9612, stable_pretraining.callbacks.cpu_offload) |   - int at 'lr_schedulers[0].warmup_steps'
03:28:48.274 | WARNING (9612, stable_pretraining.callbacks.cpu_offload) |   - int at 'lr_schedulers[0].max_steps'
03:28:48.274 | WARNING (9612, stable_pretraining.callbacks.cpu_offload) |   - float at 'lr_schedulers[0].warmup_start_lr'
03:28:48.274 | WARNING (9612, stable_pretraining.callbacks.cpu_offload) |   - float at 'lr_schedulers[0].eta_min'
03:28:48.274 | WARNING (9612, stable_pretraining.callbacks.cpu_offload) |   - float at 'lr_schedulers[0].base_lrs[0]'
03:28:48.274 | WARNING (9612, stable_pretraining.callbacks.cpu_offload) |   - int at 'lr_schedulers[0].last_epoch'
03:28:48.274 | WARNING (9612, stable_pretraining.callbacks.cpu_offload) |   - bool at 'lr_schedulers[0].verbose'
03:28:48.274 | WARNING (9612, stable_pretraining.callbacks.cpu_offload) |   - int at 'lr_schedulers[0]._step_count'
03:28:48.274 | WARNING (9612, stable_pretraining.callbacks.cpu_offload) |   - bool at 'lr_schedulers[0]._get_lr_called_within_step'
03:28:48.274 | WARNING (9612, stable_pretraining.callbacks.cpu_offload) |   - float at 'lr_schedulers[0]._last_lr[0]'
03:28:48.274 | INFO    (9612, stable_pretraining.callbacks.cpu_offload) | To see all 319 skipped objects, set log_skipped=True
03:28:48.275 | INFO    (9612, stable_pretraining.callbacks.cpu_offload) | GPU memory after offload:
03:28:48.275 | INFO    (9612, stable_pretraining.callbacks.cpu_offload) |   - Allocated: 0.24 GB
03:28:48.275 | INFO    (9612, stable_pretraining.callbacks.cpu_offload) |   - Reserved: 14.37 GB
03:28:48.275 | INFO    (9612, stable_pretraining.callbacks.cpu_offload) | GPU memory freed: 0.00 GB
03:28:48.275 | SUCCESS (9612, stable_pretraining.callbacks.cpu_offload) | CPUOffloadCallback: Checkpoint #15 completed in 0.19s
03:28:48.275 | INFO    (9612, stable_pretraining.callbacks.cpu_offload) | Successfully processed keys: ['state_dict', 'optimizer_states', 'lr_schedulers']
03:28:48.275 | INFO    (9612, stable_pretraining.callbacks.cpu_offload) | Cumulative stats:
03:28:48.275 | INFO    (9612, stable_pretraining.callbacks.cpu_offload) |   - Total checkpoints saved: 15
03:28:48.275 | INFO    (9612, stable_pretraining.callbacks.cpu_offload) |   - Total time in offload: 2.98s
03:28:48.275 | INFO    (9612, stable_pretraining.callbacks.cpu_offload) |   - Total memory freed: 0.00 GB
03:28:48.275 | INFO    (9612, stable_pretraining.callbacks.cpu_offload) |   - Average time per checkpoint: 0.20s
03:28:48.275 | INFO    (9612, stable_pretraining.callbacks.cpu_offload) | ============================================================
03:28:48.536 | INFO    (9612, stable_pretraining.callbacks.checkpoint_sklearn) | Checking for non PyTorch modules to save... 🔧
03:28:48.536 | INFO    (9612, stable_pretraining.callbacks.checkpoint_sklearn) | Checking for Wandb params to save... 🔧
03:28:48.536 | INFO    (9612, stable_pretraining.callbacks.checkpoint_sklearn) | Checking for Wandb params to save... Done!
03:28:48.536 | INFO    (9612, stable_pretraining.callbacks.cpu_offload) | ============================================================
03:28:48.536 | INFO    (9612, stable_pretraining.callbacks.cpu_offload) | CPUOffloadCallback: Starting checkpoint CPU offload (#16)
03:28:48.536 | INFO    (9612, stable_pretraining.callbacks.cpu_offload) |   - Global step: 41104
03:28:48.536 | INFO    (9612, stable_pretraining.callbacks.cpu_offload) |   - Epoch: 7
03:28:48.536 | INFO    (9612, stable_pretraining.callbacks.cpu_offload) | Checkpoint contains 10 keys: ['callbacks', 'epoch', 'global_step', 'hparams_name', 'hyper_parameters', 'loops', 'lr_schedulers', 'optimizer_states', 'pytorch-lightning_version', 'state_dict']
03:28:48.536 | INFO    (9612, stable_pretraining.callbacks.cpu_offload) | GPU memory before offload:
03:28:48.536 | INFO    (9612, stable_pretraining.callbacks.cpu_offload) |   - Allocated: 0.24 GB
03:28:48.537 | INFO    (9612, stable_pretraining.callbacks.cpu_offload) |   - Reserved: 14.37 GB
03:28:48.537 | INFO    (9612, stable_pretraining.callbacks.cpu_offload) | Processing checkpoint key: 'state_dict'
03:28:48.572 | SUCCESS (9612, stable_pretraining.callbacks.cpu_offload) | ✓ Completed 'state_dict' in 0.03s
03:28:48.572 | INFO    (9612, stable_pretraining.callbacks.cpu_offload) | Processing checkpoint key: 'optimizer_states'
03:28:48.672 | SUCCESS (9612, stable_pretraining.callbacks.cpu_offload) | ✓ Completed 'optimizer_states' in 0.10s
03:28:48.672 | INFO    (9612, stable_pretraining.callbacks.cpu_offload) | Processing checkpoint key: 'lr_schedulers'
03:28:48.672 | SUCCESS (9612, stable_pretraining.callbacks.cpu_offload) | ✓ Completed 'lr_schedulers' in 0.00s
03:28:48.673 | WARNING (9612, stable_pretraining.callbacks.cpu_offload) | Skipped 319 custom object(s)
03:28:48.673 | WARNING (9612, stable_pretraining.callbacks.cpu_offload) | First 10 skipped objects:
03:28:48.673 | WARNING (9612, stable_pretraining.callbacks.cpu_offload) |   - float at 'optimizer_states[0].param_groups[0].lr'
03:28:48.673 | WARNING (9612, stable_pretraining.callbacks.cpu_offload) |   - float at 'optimizer_states[0].param_groups[0].betas[0]'
03:28:48.673 | WARNING (9612, stable_pretraining.callbacks.cpu_offload) |   - float at 'optimizer_states[0].param_groups[0].betas[1]'
03:28:48.673 | WARNING (9612, stable_pretraining.callbacks.cpu_offload) |   - float at 'optimizer_states[0].param_groups[0].eps'
03:28:48.673 | WARNING (9612, stable_pretraining.callbacks.cpu_offload) |   - float at 'optimizer_states[0].param_groups[0].weight_decay'
03:28:48.673 | WARNING (9612, stable_pretraining.callbacks.cpu_offload) |   - bool at 'optimizer_states[0].param_groups[0].amsgrad'
03:28:48.673 | WARNING (9612, stable_pretraining.callbacks.cpu_offload) |   - NoneType at 'optimizer_states[0].param_groups[0].foreach'
03:28:48.673 | WARNING (9612, stable_pretraining.callbacks.cpu_offload) |   - bool at 'optimizer_states[0].param_groups[0].maximize'
03:28:48.673 | WARNING (9612, stable_pretraining.callbacks.cpu_offload) |   - bool at 'optimizer_states[0].param_groups[0].capturable'
03:28:48.673 | WARNING (9612, stable_pretraining.callbacks.cpu_offload) |   - bool at 'optimizer_states[0].param_groups[0].differentiable'
03:28:48.673 | WARNING (9612, stable_pretraining.callbacks.cpu_offload) | ... (299 more skipped) ...
03:28:48.673 | WARNING (9612, stable_pretraining.callbacks.cpu_offload) | Last 10 skipped objects:
03:28:48.673 | WARNING (9612, stable_pretraining.callbacks.cpu_offload) |   - int at 'lr_schedulers[0].warmup_steps'
03:28:48.673 | WARNING (9612, stable_pretraining.callbacks.cpu_offload) |   - int at 'lr_schedulers[0].max_steps'
03:28:48.673 | WARNING (9612, stable_pretraining.callbacks.cpu_offload) |   - float at 'lr_schedulers[0].warmup_start_lr'
03:28:48.673 | WARNING (9612, stable_pretraining.callbacks.cpu_offload) |   - float at 'lr_schedulers[0].eta_min'
03:28:48.673 | WARNING (9612, stable_pretraining.callbacks.cpu_offload) |   - float at 'lr_schedulers[0].base_lrs[0]'
03:28:48.673 | WARNING (9612, stable_pretraining.callbacks.cpu_offload) |   - int at 'lr_schedulers[0].last_epoch'
03:28:48.673 | WARNING (9612, stable_pretraining.callbacks.cpu_offload) |   - bool at 'lr_schedulers[0].verbose'
03:28:48.673 | WARNING (9612, stable_pretraining.callbacks.cpu_offload) |   - int at 'lr_schedulers[0]._step_count'
03:28:48.674 | WARNING (9612, stable_pretraining.callbacks.cpu_offload) |   - bool at 'lr_schedulers[0]._get_lr_called_within_step'
03:28:48.674 | WARNING (9612, stable_pretraining.callbacks.cpu_offload) |   - float at 'lr_schedulers[0]._last_lr[0]'
03:28:48.674 | INFO    (9612, stable_pretraining.callbacks.cpu_offload) | To see all 319 skipped objects, set log_skipped=True
03:28:48.674 | INFO    (9612, stable_pretraining.callbacks.cpu_offload) | GPU memory after offload:
03:28:48.674 | INFO    (9612, stable_pretraining.callbacks.cpu_offload) |   - Allocated: 0.24 GB
03:28:48.674 | INFO    (9612, stable_pretraining.callbacks.cpu_offload) |   - Reserved: 14.37 GB
03:28:48.674 | INFO    (9612, stable_pretraining.callbacks.cpu_offload) | GPU memory freed: 0.00 GB
03:28:48.674 | SUCCESS (9612, stable_pretraining.callbacks.cpu_offload) | CPUOffloadCallback: Checkpoint #16 completed in 0.14s
03:28:48.674 | INFO    (9612, stable_pretraining.callbacks.cpu_offload) | Successfully processed keys: ['state_dict', 'optimizer_states', 'lr_schedulers']
03:28:48.674 | INFO    (9612, stable_pretraining.callbacks.cpu_offload) | Cumulative stats:
03:28:48.674 | INFO    (9612, stable_pretraining.callbacks.cpu_offload) |   - Total checkpoints saved: 16
03:28:48.674 | INFO    (9612, stable_pretraining.callbacks.cpu_offload) |   - Total time in offload: 3.12s
03:28:48.674 | INFO    (9612, stable_pretraining.callbacks.cpu_offload) |   - Total memory freed: 0.00 GB
03:28:48.674 | INFO    (9612, stable_pretraining.callbacks.cpu_offload) |   - Average time per checkpoint: 0.20s
03:28:48.675 | INFO    (9612, stable_pretraining.callbacks.cpu_offload) | ============================================================
`Trainer.fit` stopped: `max_epochs=8` reached.
03:28:49.086 | INFO    (9612, stable_pretraining.callbacks.cpu_offload) | ============================================================
03:28:49.086 | INFO    (9612, stable_pretraining.callbacks.cpu_offload) | CPUOffloadCallback: Training completed
03:28:49.086 | INFO    (9612, stable_pretraining.callbacks.cpu_offload) | Final statistics:
03:28:49.086 | INFO    (9612, stable_pretraining.callbacks.cpu_offload) |   - Total checkpoints saved: 16
03:28:49.086 | INFO    (9612, stable_pretraining.callbacks.cpu_offload) |   - Total time in offload: 3.12s
03:28:49.086 | INFO    (9612, stable_pretraining.callbacks.cpu_offload) |   - Total GPU memory freed: 0.00 GB
03:28:49.086 | INFO    (9612, stable_pretraining.callbacks.cpu_offload) |   - Average time per checkpoint: 0.20s
03:28:49.087 | INFO    (9612, stable_pretraining.callbacks.cpu_offload) |   - Average memory freed per checkpoint: 0.00 GB
03:28:49.087 | SUCCESS (9612, stable_pretraining.callbacks.cpu_offload) | CPUOffloadCallback: All checkpoints saved successfully
03:28:49.087 | INFO    (9612, stable_pretraining.callbacks.cpu_offload) | ============================================================
Epoch 7/7  ━━━━━━━━━━━━━━━━━━━ 5138/5138 0:18:56 • 0:00:00 4.54it/s v_num: 0.000
03:28:50.026 | INFO    (9612, stable_pretraining.callbacks.cpu_offload) | CPUOffloadCallback: Teardown called for stage 'fit'
